period,GDP,CP,IHP,IFP,INP,CG,IG,ING,BF,XGS,MGS,KAISA,GDPV,CPV,IHPV,IFPV,INPV,CGV,IGV,INGV,BFV,XGSV,MGSV,NFIV,RTRIV,PTRIV,GNIV,PGDP,PCP,PIHP,PIFP,PCG,PIG,PXGS,PMGS,YWV,YWIV,YOLIV,YIGV,YIEV,YINPV,YICV,NIV,TAXNETV,ENTV,RENTHH,CCAVG,TPIV,TCIV,TCSTV,SUBV,TINCGV,CSSV,TYPV,YDV,BSSV,TYCV,OITAXV,ITAXV,CCAV,TAXV,YIV,YCV,SDV,OTYDV
1994Q1,446307.3,247535.1,29812.0,66259.2,4229.0,71357.1,47099.7,-542.3,-7719.9,37756.0,45475.9,-11722.6,510178.0,266661.4,28673.8,80433.4,3822.2,73546.9,46403.3,-417.7,11054.6,44988.0,33933.4,4514.5,15775.7,11261.1,514692.5,1.143,1.077,0.9620000000000001,1.214,1.031,0.985,1.192,0.746,257725.8,206113.6590144585,29678.819182744344,-4120.666666666666,42528.83415330551,622.6916666666666,34533.76666666666,374053.86748663883,27640.527874419335,73747.26666666666,3549.9416666666666,13912.972529712557,31267.907663582624,6313.483115125779,967.3085972555834,3507.583333333334,58145.36406819583,41251.26035573582,34830.93232071663,273699.9281777971,49817.5909780114,23752.388108418007,23934.876076745124,31215.667789126484,122259.68866987298,89798.98821826112,38408.16748663885,43386.13333333333,-9329.140612304967,-34823.870943734015
1994Q2,443743.5,248758.1,31118.5,66065.0,-2884.5,72243.5,48013.6,622.8,-8364.0,37963.9,46327.9,-11829.6,509035.1,269173.0,29969.8,79979.9,-3045.2,75112.5,47380.2,489.0,9975.9,45500.1,35524.1,4173.7,15675.6,11501.8,513208.8,1.147,1.082,0.963,1.2109999999999999,1.04,0.987,1.199,0.767,263991.3,218159.80405957607,29529.232754466335,-5530.144444444445,43662.19530134613,697.9777777777778,32105.105555555558,378152.19530134613,30165.133754959523,71669.97777777779,3660.888888888889,13990.378538981284,32612.29434813575,6662.5944519836785,976.3274531851558,2478.2055555555553,50281.74049539221,43034.0676073698,28933.63162573594,284044.66029919375,48450.78737603024,21216.471844301173,25027.688241737633,32666.610146906467,121429.12381371653,82816.71361694357,38132.05085690169,43923.7388888889,-16560.923706413596,-32197.028700632392
1994Q3,448944.9,250619.4,33628.1,65999.2,-280.5,72788.8,46296.0,806.2,-9067.1,38658.4,47725.5,-11845.1,512959.7,270641.8,32363.1,79430.6,-138.1,75898.3,45540.6,656.8,8566.6,45053.8,36487.2,4125.9,15953.4,11827.5,517085.6,1.143,1.08,0.9620000000000001,1.204,1.043,0.9840000000000001,1.165,0.765,259822.7,229994.50639992004,30338.66598325679,-4901.966666666667,41512.96918451983,668.125,36039.99166666667,372792.5150178531,28227.207012114242,71951.09999999999,3739.5874999999996,14069.613434652649,33321.33669600285,6989.441850413203,995.9100442717379,5109.808333333333,53639.3888660951,43871.51102431737,31814.606408614476,296909.6940846385,49064.56536577077,21793.720829275728,25334.085094148766,33319.43698883371,120541.43869727982,86927.76422672391,36611.002517853165,40318.820833333324,-4457.982370633283,-13844.41469938698
1994Q4,447168.4,250779.9,32218.2,67028.9,-1601.9,72949.8,45582.2,853.3,-9378.7,38820.6,48199.3,-11263.3,511538.9,271203.8,30940.0,80298.5,-1605.1,76696.6,44714.2,706.3,8584.6,45109.8,36525.2,4169.0,16523.7,12354.7,515707.9,1.1440000000000001,1.081,0.96,1.198,1.051,0.981,1.162,0.758,263912.3,233589.93449506233,30117.712441308384,-5803.633333333333,41965.15194274791,638.4083333333333,33878.791666666664,373162.5144427479,29394.696965353753,68724.83333333334,3725.4541666666664,14230.693931730877,33336.57730294259,7132.764513264935,1000.1199387186516,3921.8416666666667,52966.497380290435,43610.18103270631,31250.73736508194,299915.5447910314,50258.55536648556,21697.369142956977,25197.507800288673,33330.39225227226,119710.87384112338,86278.49876031117,36161.518609414576,39209.90416666668,-6574.038869476877,-15238.335787080461
1995Q1,452112.9,252929.0,31121.5,68647.7,2253.7,74470.2,43635.2,-27.7,-10499.9,39311.7,49811.7,-10416.9,514974.9,272797.6,29884.3,82049.8,2064.8,77678.5,42839.6,-147.4,7807.7,45054.0,37246.3,4329.7,16929.7,12600.1,519304.5,1.139,1.079,0.96,1.195,1.043,0.982,1.146,0.748,263228.9,232403.99863223918,30171.91366827014,-5177.066666666667,41235.116668058996,612.025,35413.975,373622.69583472563,29555.265645508007,70095.7,3628.020833333333,14343.402506764578,33358.20893351465,7348.237009979642,997.474708907685,3759.958333333333,53213.0982666293,43983.73656565409,30624.357440544634,302650.368335988,51944.45329186686,22716.22506233303,24986.60758228685,33332.31930117418,118800.3886253371,86672.90180405184,36058.05000139233,38921.770833333336,-2690.8454279035795,-14563.982617739064
1995Q2,456276.0,254884.1,30381.5,71088.0,1116.7,74611.1,45415.7,199.2,-11408.4,39897.7,51306.1,-10011.9,518795.6,274211.7,28982.9,84418.3,956.1,78137.1,44466.7,220.5,7402.3,44073.6,36671.3,3484.2,15932.6,12448.4,522279.8,1.137,1.0759999999999998,0.9540000000000001,1.188,1.047,0.9790000000000001,1.105,0.715,264515.6,233622.52147326773,31255.542284750038,-5898.385416666667,41239.76130004658,591.7708333333333,34564.03125,371786.6498417132,29603.772977294535,67735.90104166667,3602.0020833333338,14506.821588793287,33849.91741301769,6922.216998256449,1016.9040972366928,4300.940625,52719.55041128716,46053.471662987635,29732.099565057226,302216.4532144445,53302.426315464814,22956.02906829463,25964.018726138904,33903.139821632045,118427.57441097256,86591.26845498389,35341.375883379915,37365.64270833334,2463.37655068218,-15619.794423022016
1995Q3,461708.6,256356.5,29741.6,72334.5,2105.5,75542.8,48919.0,173.1,-13893.6,40273.7,54167.3,-9570.7,525344.6,275754.9,28386.2,85770.3,2112.5,79100.3,47788.0,178.7,6253.6,46803.4,40549.8,4914.3,19953.1,15038.8,530258.9,1.138,1.0759999999999998,0.9540000000000001,1.186,1.047,0.977,1.162,0.7490000000000001,266548.4,235084.33383320406,31718.934503924655,-5248.851041666667,39499.063778896285,609.615625,34773.853124999994,376955.8085705629,30486.993184225143,72014.43645833334,3533.14375,14667.969729924815,34159.75739136052,7135.8903859718475,1006.8878533487585,3679.75,53672.26151426813,46796.77870783344,30433.36838284691,302078.89695304824,54119.47368834068,23246.119156234698,26032.882800641943,34175.66103996255,118448.8153941527,87855.14857904415,34250.212737229616,41383.342708333344,4358.364995321783,-15631.74654850841
1995Q4,462859.0,258171.2,30431.2,73525.1,1032.7,75788.8,49127.0,235.2,-16596.6,40158.0,56754.5,-8855.7,526984.5,277846.1,28943.2,86906.1,1000.2,79652.6,47966.7,221.8,4447.8,47881.9,43434.1,5250.9,20657.7,15406.9,532235.3,1.139,1.0759999999999998,0.951,1.182,1.051,0.976,1.192,0.765,269186.2,236932.85571294217,32080.617097177044,-5650.340625,38136.36996198313,657.4916666666667,35521.035416666666,388172.43037864973,30012.92085507556,82371.19270833333,3471.5166666666664,14803.936013963586,34610.228176629746,7394.544702549825,1045.776866707843,4605.4489583333325,54024.50565505165,47574.03679690589,30470.971348442017,302036.40236945543,53798.594640030235,23562.135694699085,26162.05468040418,34602.37624966185,118859.48659208535,88635.48329280296,32486.02933698313,50979.165624999994,-4793.444262063538,-16560.789503876644
1996Q1,466619.8,257410.0,31805.6,73285.0,1643.0,76458.8,51640.0,596.8,-17004.2,40800.6,57804.8,-9215.2,529055.7,276945.6,30312.7,86233.0,1340.1,79774.0,50358.7,486.0,3605.7,48837.2,45231.5,6081.1,12752.8,6671.8,535136.8,1.1340000000000001,1.0759999999999998,0.953,1.177,1.043,0.975,1.197,0.782,267655.8,234983.58607527585,32263.260694155724,-5586.756249999999,36867.40073114754,678.7125,33698.246875,384270.94448114757,31107.933741807006,81283.51250000001,3372.2749999999996,14931.3609379508,34952.82843579186,7592.662505385174,1058.3500137810072,3819.8468749999997,52856.63870992369,47758.80669135953,31241.419298043875,295585.15844371414,52936.20715852279,21906.09574918431,26217.60973626124,34868.62225542742,119803.8599300689,88016.13730265561,31280.644481147545,51636.25312500002,13.22020835604053,-16572.270331552776
1996Q2,472493.5,260510.4,33278.5,75804.0,2978.7,76391.4,50912.7,190.8,-18807.6,40751.8,59559.4,-8765.6,536048.9,281088.9,31707.5,88655.2,3053.1,80799.8,49491.4,151.1,1101.8,48942.4,47840.6,6808.3,12950.5,6142.3,542857.1,1.135,1.079,0.953,1.17,1.058,0.972,1.2009999999999998,0.8029999999999999,269167.3,237641.62790460236,31654.866867488334,-5475.27,35201.71984527589,612.92,35565.570625,391950.5342202759,30959.355242235102,89039.283125,3404.58125,15079.690316545692,34695.8527012654,7141.7396888105295,1111.6302453177161,3753.54625,54318.32962699468,47360.74927164405,29258.762907555752,301458.4762414938,53902.46995673497,25261.913805503744,26543.529735259413,34796.89966938766,120635.35125336495,89317.57638244715,29726.44984527589,57491.21375,-772.0388930284535,-15759.072006317263
1996Q3,473142.5,260786.3,34510.5,76855.0,1475.3,76724.6,48646.3,226.9,-17523.7,41971.6,59495.4,-8558.7,536077.2,281133.4,33106.7,89608.7,1575.6,81707.9,47379.5,188.0,1377.5,49657.9,48280.4,6396.1,12336.6,5940.5,542473.3,1.133,1.078,0.9590000000000001,1.166,1.065,0.9740000000000001,1.183,0.8109999999999999,272168.5,240739.69929415995,31942.391385176295,-6024.931874999999,35132.86865247679,598.354375,35314.61125,389798.0067774768,30849.03720589929,84627.659375,3295.5562499999996,15222.511369971013,34716.290230409584,7370.524103182161,1114.4862557881918,3894.846875,55231.699702410006,47839.25404638415,30049.56040895047,303505.87747935706,54106.35026624555,25209.0358457152,26260.17566762156,34745.18602659191,121493.42757977918,90003.78228125758,29107.936777476792,53206.958750000005,331.5264911520062,-15327.638234030688
1996Q4,478466.0,263405.0,35106.6,76900.7,2464.6,77853.3,47468.7,259.0,-16496.1,43759.2,60255.3,-8495.7,541098.1,284227.9,33987.9,89691.8,2493.2,82119.4,46425.4,231.0,1921.4,52018.8,50097.4,6620.5,12542.0,5921.5,547718.6,1.131,1.079,0.968,1.166,1.055,0.978,1.189,0.831,273459.6,240464.09042206215,32512.581190299883,-5740.728125,35143.780400249554,580.2325,36073.350625,393562.20290024957,30725.17013996554,86859.113125,3260.205,15326.835002603253,35282.75245831736,7705.910518761255,1109.2420891275865,4603.95375,54036.913438177275,48999.18130598205,28844.57961865748,305971.278574375,54922.755851662674,25262.202001572357,26452.67544390634,35267.82805179518,122300.31512620504,89374.60967202502,29403.052275249553,54626.200000000004,1192.2076717501623,-15784.447377897683
1997Q1,479683.8,267264.7,34090.3,77660.5,-355.8,77863.2,46628.3,139.4,-15675.4,45099.3,60774.7,-7931.3,542257.1,288527.1,33068.1,90453.9,-620.8,82705.8,45706.7,141.8,2274.5,55132.8,52858.3,7264.8,13412.5,6147.7,549521.9,1.13,1.08,0.97,1.165,1.062,0.98,1.222,0.87,277480.2,244635.92825049383,32969.340198562124,-5964.36,34063.283959498716,567.0174999999999,35500.6425,403053.35645949875,31866.056537537916,93618.6725,3288.5425,15834.193925597434,36133.28529106941,8052.0019736667355,1098.398411965661,4189.6425,55284.41283989929,49722.94986508484,29760.5496439436,307868.00758100965,56331.040974511176,25229.003602441415,26909.47388961359,36059.87427524599,123113.6358439327,91049.427521631,28098.923959498716,61973.590000000004,-8515.324078677455,-16023.660343971802
1997Q2,476016.7,260236.1,30911.7,77803.8,2476.8,78052.6,46668.0,79.0,-12734.5,47011.6,59746.1,-7477.0,544054.7,285104.0,30419.0,90647.4,2591.2,83289.7,46293.2,98.8,5611.3,56890.7,51279.4,7421.7,13476.5,6054.8,551476.4,1.143,1.0959999999999999,0.9840000000000001,1.165,1.067,0.992,1.21,0.858,278643.1,245674.031096938,33263.174017376885,-5842.68,34650.60607963619,617.2275,36446.605,395716.7635796362,32603.43320428891,84400.04250000001,3248.4675,15955.471966231078,36455.83363866977,9743.9370523368,1050.4691296266542,3839.225,56213.657125514466,50063.2627440805,32128.256128298406,309449.32501866744,57577.73653489159,23990.97130768985,25661.787822558734,36456.194004522185,123718.70115737473,92575.42144051044,28807.926079636192,51819.13250000001,-576.033741533116,-15677.20372348139
1997Q3,477002.5,260612.4,29063.5,78230.0,4545.5,77975.3,47111.4,164.4,-13216.4,46382.8,59599.3,-7483.7,543991.9,285567.0,28376.5,90792.0,4693.3,82943.3,46399.7,138.3,5081.9,55287.3,50205.4,6356.4,12577.1,6220.7,550348.3,1.14,1.0959999999999999,0.976,1.161,1.064,0.985,1.192,0.8420000000000001,279887.5,246538.90350269107,33237.195802385315,-5979.67,34732.90015125022,604.85,36283.485,391963.7251512502,32917.88522661644,79518.9625,3199.1825,16074.741062132087,37102.71114026886,10029.881887479134,1044.181378599475,4201.757500000001,54968.032093571645,50122.93928711171,31257.202793339893,311940.975374752,57932.819790369605,23704.961708951017,26027.267896911195,37101.3311629898,124174.63096811184,92063.4956652807,28753.230151250224,47039.509999999995,1310.3702176482184,-15515.587486416218
1997Q4,477203.6,260114.6,27891.6,79911.8,3757.9,78392.1,44809.2,457.1,-10849.4,47395.7,58245.1,-7281.4,544939.1,284743.5,27020.6,92824.3,3920.1,83676.5,43972.5,406.5,8375.1,58428.3,50053.1,7615.8,14365.9,6750.0,552554.9,1.1420000000000001,1.095,0.9690000000000001,1.162,1.067,0.981,1.2329999999999999,0.8590000000000001,279470.4,245858.1088510589,33345.335014437886,-5595.3675,33263.427869283296,559.3225,36626.145000000004,387235.3203692833,32792.590106444826,76275.965,3261.5724999999998,16177.235085112394,37257.785575310016,10212.94092272806,992.4820585323905,4532.5575,56415.179679931396,50158.96695743767,31306.204680853676,310051.4751404008,56886.69842932054,25145.682268428933,26047.940539410647,37253.3635206711,124453.04217194558,93705.2504699537,27668.060369283296,43470.715,8145.731438099989,-14730.024519911676
1998Q1,471369.7,259750.1,27185.8,78679.2,3511.3,78280.1,42229.4,242.4,-11533.6,46178.4,57712.0,-6974.9,538052.6,284022.0,26189.9,91037.9,3306.6,83618.1,41290.8,234.6,8352.7,56882.2,48529.5,7229.2,13573.2,6344.0,545281.8,1.141,1.093,0.963,1.157,1.068,0.978,1.232,0.841,277784.8,244671.01816140878,33300.39121801498,-5883.4225,33813.59109522302,574.185,39634.9225,390576.271095223,33834.86413138572,80860.3425,3426.775,16180.127777375827,37068.07712855718,10431.92648986656,957.8095507663708,3242.2500000000005,48359.73177088062,50142.67741712844,27589.694577899365,317799.091587217,59017.175894461434,20841.3886159413,25719.195460821084,37108.93150145402,124565.56735686012,85540.01469529468,27930.16859522302,45226.38,-3726.71995353722,-14719.025907439645
1998Q2,469286.6,259503.5,26659.2,77937.9,1599.7,78886.4,41856.6,172.5,-9905.8,45262.0,55167.7,-7423.5,534812.6,283424.3,25537.5,89916.1,1712.6,83445.7,40728.8,135.1,9912.5,56686.5,46774.0,6108.7,12699.0,6590.3,540921.3,1.14,1.092,0.958,1.1540000000000001,1.058,0.973,1.252,0.848,276006.2,242313.67664509683,33975.586030204606,-6763.9875,32723.53616148283,521.0024999999999,36129.45,383146.17366148287,34483.24499665122,77363.33,3296.0925,16291.086570372774,38677.21429659745,12119.303912762718,929.3534749204206,4137.355,48597.75316590074,50504.33711204104,27732.99584606165,310593.1389636747,58762.54673104664,20807.34329376254,25557.409799021425,38606.06718670456,124414.44671051271,87146.40632652876,25959.54866148283,45050.975000000006,-1108.0325587001862,-14791.260970752104
1998Q3,470143.1,261363.7,26054.0,77402.5,-403.9,79313.9,43797.4,-81.8,-9826.6,45432.3,55258.9,-7476.1,533875.7,284786.1,24909.8,89028.5,-473.1,83649.7,42430.7,-67.6,9611.5,57148.4,47536.9,6790.0,12694.4,5904.4,540665.7,1.136,1.09,0.956,1.15,1.055,0.9690000000000001,1.258,0.86,273265.7,239200.9556589486,33844.77802200497,-6273.4125,31914.563715528555,478.1475,36770.14,385116.8687155286,35674.88204925582,82209.0925,3522.7774999999997,16395.99407011219,38934.35873035875,12489.284816714355,930.8096787797026,3226.6075,45573.390112753885,50154.47989325982,25140.827829546284,310946.5618189465,59851.87051884996,20421.61481410908,25476.255383341973,38896.34987883603,124015.19313244741,84458.79252249139,25641.151215528553,49439.877499999995,-4136.10422681208,-15560.404692625976
1998Q4,473939.0,260989.9,25483.3,75354.6,2429.0,79869.7,48300.4,-601.5,-9331.8,44607.7,53939.4,-8554.6,539269.9,285477.0,24211.4,86017.3,2430.8,85439.3,46463.3,-544.3,9775.1,52150.0,42374.8,6252.7,10906.8,4654.0,545522.7,1.138,1.094,0.95,1.141,1.07,0.9620000000000001,1.169,0.7859999999999999,272943.5,239094.70297678973,33798.591705811785,-7123.4875,32207.09543554341,440.4875,37707.2225,377796.26543554344,35665.71973015769,75871.595,3457.075,16465.53000742021,39202.11143130702,12836.851413066506,901.7135644144706,3516.5824999999995,46237.02182674049,50073.143847988475,26398.96688886299,310670.36816587124,60443.02973138217,19860.45260358321,25481.62323575168,39220.18821323266,123433.25241204682,85479.60770567885,25083.607935543412,42061.935,8589.476439177117,-16158.368764202809
1999Q1,467409.3,261989.1,25239.8,73232.5,-3512.9,80735.6,48484.3,-88.0,-10892.5,44707.8,55600.4,-7778.5,529128.3,285241.4,23854.5,83194.4,-3543.9,85294.5,46350.3,-75.8,8812.9,50677.5,41864.7,5558.9,10613.5,5054.5,534687.3,1.1320000000000001,1.089,0.945,1.136,1.056,0.956,1.1340000000000001,0.753,270750.2,237180.76797066056,33455.77226654496,-6744.502499999999,31130.75025139941,387.5525,34751.0375,372148.9202513994,34145.65936504567,73530.97499999999,3093.945,16159.489223699176,39342.570588844545,13037.0602819721,917.2253103976858,5163.852500000001,50166.32241660045,49458.13366610865,27415.175901579485,304251.65386050224,60454.39308980912,22405.003405547224,25499.482854417634,39453.76844678742,122488.34881007577,89273.94775391414,24386.247751399413,42261.43499999999,5760.0149917374365,-15961.41741301812
1999Q2,469175.1,262250.2,26877.7,73817.0,-3777.3,81531.9,47688.7,-7.6,-11523.6,45110.8,56634.4,-7681.9,529036.8,285076.4,25398.0,83338.5,-3852.9,85849.0,45347.4,-5.3,7885.7,51698.9,43813.2,6702.7,10903.4,4200.7,535739.5,1.128,1.087,0.945,1.129,1.053,0.951,1.146,0.774,268948.3,235315.6484710607,33659.29966025933,-6190.0725,30917.826538747722,395.0299999999999,39114.7825,379247.8615387477,35195.147112087296,82056.3,3120.4775000000004,16244.22445274113,39349.37107351095,12431.05158005683,885.0605433494271,4109.735,44179.46847573576,49639.76660328005,24938.196199940132,310920.15129274625,61258.68571082229,19313.258455229105,25955.869689621537,39271.98181302779,122001.68057230389,83523.43646819703,24727.75403874772,46457.025,-672.2889240793302,-14741.48065360362
1999Q3,471675.4,264067.4,27140.0,73391.8,-3443.1,82477.7,46226.8,-9.8,-11020.1,47048.8,58068.9,-7155.3,528558.5,286693.5,25682.1,82693.4,-3378.7,85564.9,43954.1,1.8,7347.3,52189.4,44842.1,6719.6,10584.4,3864.7,535278.1,1.121,1.0859999999999999,0.946,1.127,1.037,0.951,1.109,0.772,269206.2,235216.33147538378,33999.56593694923,-6607.1125,29534.891891493564,383.78249999999997,39477.1675,378221.2093914936,35450.79796156861,82893.68000000001,2809.7675,16317.06328509413,39422.80208562601,12797.456938243311,862.6083015261893,3951.0924999999997,45842.50904466111,49987.7076733884,26739.513253992234,308296.76999217074,62059.23198211754,19092.922907582757,25735.74006965405,39395.80530942355,121790.44904329717,85228.24147099855,22927.779391493565,46610.06250000001,-178.2712442142656,-15253.500454059686
1999Q4,471846.4,264799.2,26009.4,74183.8,-3570.0,82803.7,46011.9,-387.8,-11687.1,48122.7,59809.8,-6316.6,527843.9,286587.4,24526.2,83358.3,-3515.4,85918.0,43681.0,-337.2,7625.5,52769.2,45143.7,7093.2,10836.1,3742.9,534937.0,1.119,1.082,0.943,1.124,1.038,0.9490000000000001,1.097,0.755,269228.1,235389.10062752434,33893.41207668307,-6347.1900000000005,29670.555731951506,396.5875,40212.7525,382164.88823195145,35947.95037681503,86518.7425,2698.0924999999997,16329.596143843659,39480.66380681091,13048.884742555088,861.1502445618248,3487.5950000000003,44129.18436004198,49955.221182689325,25623.74521994551,310768.3163150544,63425.682753617126,18506.46570513298,25595.351651231897,39505.386638348806,121908.99820018384,83635.59756342729,23323.365731951504,49400.66999999999,-5154.578070484102,-16189.808267879358
2000Q1,479857.5,266285.3,26274.5,76969.7,-1610.0,83856.7,43485.3,179.8,-9119.8,50708.3,59828.1,-6464.1,535117.1,287771.9,24882.7,86691.9,-1606.9,87357.6,41478.0,152.0,8389.9,54638.7,46248.7,6781.8,11235.7,4453.9,541898.9,1.115,1.081,0.9470000000000001,1.126,1.042,0.9540000000000001,1.078,0.773,269367.8,236098.92404833066,33021.94360505208,-6515.4375,27225.505581108893,358.32500000000005,40271.455,375536.1105811089,33736.67685874938,82286.57499999998,2813.3424999999997,16614.776845551518,39582.943633526076,13238.420539743742,845.0900696904222,5748.1475,45323.49079796878,48825.29076276957,26224.908543963866,307981.6693567116,61578.12380372118,19110.751099433674,25529.346341226974,39612.85695066114,122429.75787962283,84948.51659405867,20710.068081108893,45186.78749999998,10068.322088607063,-15411.015721385018
2000Q2,482130.7,265904.6,26955.1,75878.9,1321.9,84866.8,43188.5,40.0,-9887.5,52332.5,62220.0,-6137.5,535390.4,286383.8,25384.3,84798.8,1202.1,88273.7,41058.0,39.3,8250.4,55494.4,47244.0,8189.0,12037.8,3848.8,543579.4,1.11,1.077,0.9420000000000001,1.1179999999999999,1.04,0.951,1.06,0.759,269022.1,236616.92564791327,32785.621693129215,-6744.9075,29878.704307506534,374.755,38086.4775,383137.6718075065,34260.22395402495,87929.3475,2677.6725,16647.607031564665,38389.002445841135,12101.991710449245,857.2430692521714,4135.43,50222.36336354493,49398.3831512582,29075.980747611382,305879.0220212438,61618.06782236296,21130.245590311944,25415.795840538653,38375.03062024007,123077.36453825988,88581.2569581634,23133.796807506533,52895.2975,3124.7630339936004,-14251.963709756033
2000Q3,482254.0,266396.7,26428.3,78476.9,-1031.7,85490.9,42388.0,-47.8,-10673.8,53199.0,63872.8,-5173.6,534405.7,286309.4,24993.0,87439.4,-1154.2,89286.3,40311.0,-35.2,7256.0,56544.6,49288.6,8087.7,12067.0,3979.2,542493.4,1.1079999999999999,1.075,0.946,1.114,1.044,0.951,1.063,0.772,269976.0,236801.58604475405,33221.53523409163,-6588.1725,27914.190835239537,352.34,37282.6,391896.65583523957,33891.13920787196,97556.945,2685.3525,16677.230588596864,38393.07348989462,12220.963811466074,858.5047742013151,4528.092500000001,48819.17308297959,50131.03464703748,28210.08028597839,305561.9115422872,62949.12363541709,20617.05198893974,25309.60772011744,38389.07630578483,123915.82611609643,87216.20858070295,21326.018335239536,63312.037500000006,-7180.065757120843,-14218.88799535355
2000Q4,486940.9,269680.9,26973.2,80839.1,268.1,86040.0,41065.0,-73.5,-13228.8,52968.2,66197.0,-4623.1,537833.2,288780.7,25376.4,89570.0,160.6,89542.7,38840.0,-68.4,5631.2,57596.3,51965.1,8097.6,12486.9,4389.3,545930.8,1.105,1.071,0.941,1.1079999999999999,1.041,0.946,1.087,0.785,271706.7,237842.66434878332,33847.969729538796,-6156.6675,27167.287595870486,331.235,37882.815,392246.88759587053,34356.64107182803,96466.1325,2732.2,16690.642582040313,38537.82678732669,12467.215606444262,890.2591785287967,4190.02,51541.70016904115,50763.152550301726,30821.208817802122,304161.0662625555,63680.80329208579,20607.82268875436,25183.169281764585,38540.644066737645,124807.50495716369,89969.67557329412,21010.620095870487,61646.7525,-5474.216619771905,-14692.17825729691
2001Q1,490555.9,271294.6,26979.7,81265.8,2148.9,86182.0,43063.9,17.8,-15263.5,51054.3,66317.8,-5133.4,542579.0,290598.3,25325.5,89305.8,1979.7,91120.6,40554.8,24.4,3669.8,56140.4,52470.6,8397.1,12862.7,4465.5,550976.1,1.1059999999999999,1.071,0.9390000000000001,1.099,1.057,0.9420000000000001,1.1,0.7909999999999999,272295.4,236825.40874052336,34891.49779931603,-6106.647499999999,27694.895842528396,345.2425,37577.7175,395201.46334252844,35480.45499519696,98147.49500000001,2825.0775,16672.20398643801,38454.23249766809,12429.467823462373,900.3037633410156,3083.4925000000003,50892.28502539583,52332.89606442127,30339.764240863486,303987.9438392097,63520.723497782856,20774.98980925772,25125.04187175473,38454.813458558114,125998.38385260895,89569.56750867932,21588.248342528397,63740.09750000001,-5595.068153695553,-14428.132695816748
2001Q2,486874.1,273501.2,25460.8,79098.7,2335.4,86934.9,40507.8,-213.9,-15717.3,49153.9,64871.2,-5033.5,534294.1,290678.3,23880.5,86292.0,2236.0,91173.3,38104.7,-174.5,2103.8,53952.7,51848.9,8152.7,12380.5,4227.7,542446.8,1.097,1.063,0.938,1.091,1.0490000000000002,0.941,1.0979999999999999,0.799,268819.7,233583.08140606098,35477.70957497626,-5113.5275,22436.834373648184,258.54249999999996,36649.8425,383411.0518736482,34388.93885916906,94231.505,2777.9975,16689.506876044292,38594.0639622605,12395.114117184326,913.0341309053762,4198.3025,49894.77541150917,51583.72686628433,30141.964470482922,294001.117767114,64364.84308307841,19560.729380355504,25284.50868339583,38592.65693148553,126319.10643578153,88295.35078232395,17323.306873648184,60618.20250000001,-1677.7127409152454,-16544.410852845293
2001Q3,481569.6,273340.9,25326.4,77644.1,-2165.2,87082.4,40511.4,-243.2,-14882.1,48073.1,62955.2,-5045.0,526966.5,289431.9,23567.8,84252.2,-2097.9,91675.4,37781.4,-211.0,2566.7,52389.4,49822.8,8011.0,12007.9,3996.9,534977.5,1.094,1.0590000000000002,0.9309999999999999,1.085,1.053,0.9329999999999999,1.09,0.7909999999999999,265953.6,230723.8613384881,35751.03509769589,-4257.5025,22184.74676845688,250.69500000000002,37703.635,372192.3667684569,33765.530584649605,85161.39,2899.4375,16708.755678175676,38065.971955518115,12296.216022178609,900.2361528725281,4314.9175,48763.60033767395,52361.522687060955,29386.42389416685,292544.54458424717,64995.79462615959,19324.378509521674,24870.301637483575,38066.75381253471,126019.24645508268,86777.55621622322,17927.24426845688,50607.8875,3014.050463925698,-16545.285229141533
2001Q4,479927.4,272911.8,25453.3,74594.7,-1116.1,88174.8,39546.8,-24.6,-13943.0,47151.5,61094.5,-5670.3,523941.8,287357.8,23602.1,80422.9,-996.2,92347.0,36750.9,-30.7,4487.9,51977.6,47489.7,8485.3,11979.5,3494.2,532427.0,1.092,1.053,0.927,1.078,1.047,0.929,1.102,0.777,261615.8,226437.52620054755,34936.98642912359,-4191.335,21756.401193372847,248.735,36024.075,369363.0611933728,33984.08996520843,87038.345,2895.115,16737.585726573987,37985.76581952271,12171.194650237077,909.7151968573007,4016.38,46268.18467328719,50474.38123494416,27446.564581730945,291398.6698455572,66216.28627137237,18794.699644670018,24905.224395028596,37986.13424212298,125131.90716115506,84227.39846852394,17565.066193372848,54158.12,3962.3774033490918,-16292.946802512975
2002Q1,480737.2,274487.0,25207.3,73956.7,-3495.9,88206.1,40033.0,-81.5,-12308.7,49303.0,61611.7,-5266.8,525477.0,288391.8,23313.5,79517.7,-3282.1,94541.0,37079.7,-91.3,6006.7,54787.0,48780.3,8289.9,11466.6,3176.7,533766.8,1.093,1.051,0.925,1.075,1.072,0.9259999999999999,1.111,0.792,262478.1,225346.28014501082,36667.96771315501,-3772.7274999999995,21187.077392526313,246.43000000000004,38298.2375,379759.02239252627,34051.70493443874,96880.18,2739.9624999999996,16588.610731683344,37653.07313870841,12108.842484221015,882.9419574999463,3597.4474999999998,48456.871281798725,53644.12954963535,27169.684179810876,292624.79565728176,68650.83264272506,20986.00117021123,24661.41104667641,37653.195488397374,123342.70085095704,85808.88083841949,17414.349892526312,61568.33499999999,-3390.571231880691,-17175.6381485234
2002Q2,484632.7,276748.1,25277.6,72927.1,-2443.7,88525.2,38946.7,-24.4,-10533.3,52916.5,63449.8,-4790.6,524280.1,289726.5,23274.7,77841.0,-2482.2,92491.1,35926.3,-25.9,7528.7,57278.1,49749.5,7452.6,10778.5,3326.0,531732.6,1.082,1.047,0.9209999999999999,1.067,1.045,0.922,1.082,0.784,255567.1,220189.7446453589,35433.21881010002,-3948.91,20684.522641035586,256.6275,39921.705,380309.5926410356,33343.332069614626,104767.965,2982.2875,16616.212423526144,37653.25521111058,12331.338256500565,851.1057005897289,4322.9025,41561.52548135135,50991.27317947508,24453.45092816015,292602.3644665389,69064.92663690589,17076.467976363412,24472.361540395963,37654.80549748626,122151.67253827715,79184.72440200983,16735.612641035586,68085.175,-4060.4681767990696,-17191.165703767387
2002Q3,486155.2,276963.3,25217.7,74123.9,-1522.9,89209.3,38798.0,-65.6,-12265.2,53285.4,65550.6,-4303.4,524149.3,289309.6,23235.8,78635.4,-1520.5,93021.2,35673.8,-50.0,5843.9,55946.8,50102.8,7590.8,11058.2,3467.4,531740.0,1.078,1.045,0.9209999999999999,1.061,1.043,0.919,1.05,0.764,257539.3,221385.06551858038,36587.91434336308,-4118.1275000000005,20840.703942010918,262.1725,38324.9175,373953.2289420109,34678.099121128944,96551.205,2877.975,16640.057068275302,38125.634943424215,12284.270479043797,853.4518051598102,3417.545,41875.47092212274,52872.92086098291,24787.968894725564,290769.020955474,68600.63646949216,17087.342784686694,24987.30341752435,38125.02570172795,121239.89095652943,80000.33738114021,16722.57644201092,61366.435,1839.4993997316924,-16875.647200320615
2002Q4,487507.2,276311.5,24894.5,74180.2,490.3,89070.3,38217.9,-171.5,-11394.8,55126.7,66521.5,-4091.1,524429.0,287920.5,22894.3,78430.7,318.7,92770.1,35100.0,-156.8,7151.5,59592.6,52441.1,7208.5,10584.0,3375.5,531637.6,1.0759999999999998,1.042,0.92,1.057,1.042,0.9179999999999999,1.081,0.7879999999999999,255256.6,220597.44957965426,34605.912627395046,-3827.64,19601.02343978468,250.48499999999999,37505.057499999995,371008.88343978464,34506.45729312333,96911.81749999999,2816.5975000000003,16645.226165104446,37634.70924715687,12165.684932342467,820.0725060583443,3117.785,41712.273460851065,49507.36926035774,24682.211755379405,291026.809471798,69897.8371307546,16985.309868204607,24650.6564295018,37636.41386790261,120702.38443071974,79303.93549148663,15773.38343978468,62473.8425,5407.603261592973,-17044.12758300407
2003Q1,487811.8,277463.0,24752.8,74469.2,-471.7,89547.1,36976.9,-72.2,-11134.2,55865.6,66999.8,-3719.0,521381.5,288521.1,22768.8,78088.4,-352.8,92642.3,33995.4,-67.7,5786.2,58664.0,52877.9,7803.3,10987.5,3184.1,529184.9,1.069,1.04,0.92,1.0490000000000002,1.035,0.919,1.05,0.789,259737.5,221741.89757410152,37418.00304427927,-2981.7525000000005,18554.372209803532,232.115,37908.5625,371972.24970980355,32735.958608414585,93570.85999999999,2859.155,16687.39022313773,37698.16224430561,12235.722469113996,817.0202681468156,4849.555,40807.892464133525,54593.22793853575,24110.995203321807,286301.4116379289,66994.39202378072,16781.17579588794,24644.098719366946,37696.84145662776,120635.48529955934,78589.01245583751,15572.619709803532,58753.56749999998,3729.778534009354,-18189.191953797825
2003Q2,491165.7,276969.3,24890.7,75611.8,-651.9,90342.3,37123.2,74.6,-8770.3,55995.3,64765.6,-4424.1,524563.6,286838.0,22840.0,78712.7,-784.0,94409.0,33998.7,71.2,8478.1,58917.0,50439.0,8031.4,10999.4,2968.0,532595.1,1.068,1.036,0.9179999999999999,1.041,1.045,0.9159999999999999,1.052,0.779,255306.2,220612.77241299744,34904.73114219414,-3863.4774999999995,19731.134050588535,264.5575,38837.2725,376016.4915505886,34097.18450464953,101927.625,2650.4525000000003,16697.484999021446,37244.79246471882,12020.529835155754,837.4593688891891,3149.8125,41803.5500953313,52302.30872511888,24092.85072766131,288692.2054435214,65858.73775860592,17741.587132119843,24386.78324060864,37244.77244465359,120550.09010554555,79079.21030443473,15867.656550588536,66005.3625,1933.458399212279,-14645.97941289295
2003Q3,492613.6,276842.6,25391.4,74433.4,1815.8,90678.5,36094.9,-98.3,-8349.9,57994.6,66344.5,-4194.8,524354.9,286262.8,23400.9,77186.4,1672.9,93875.5,33106.9,-86.0,8935.3,60549.8,51614.5,9530.1,12390.6,2860.5,533885.1,1.064,1.034,0.922,1.037,1.035,0.917,1.044,0.778,252406.8,217845.81459477905,34655.863925547514,-3455.2475,18805.73031600386,248.56500000000003,39594.7075,382312.7053160039,33078.25657898976,111687.6675,2619.19,16709.017211299557,36776.795461996575,11972.669974108645,837.4824979552884,3709.5924999999997,41239.56344860343,52046.83806965071,23461.475063387756,287306.8929235406,66594.96993126182,17810.93557934913,23965.85958339286,36776.01205545679,120535.63698900108,78048.42269819367,15350.482816003861,74960.715,-2029.761860461731,-14587.001690686564
2003Q4,497973.7,280604.6,25070.6,77427.0,-705.4,91066.1,35257.8,-393.6,-6903.1,60959.1,67862.2,-3450.3,526386.4,289330.5,23008.6,79970.6,-879.3,92644.3,32320.3,-315.8,10307.4,61932.4,51625.0,8474.3,11202.1,2727.8,534860.7,1.057,1.031,0.9179999999999999,1.033,1.0170000000000001,0.917,1.016,0.7609999999999999,253617.4,218368.36632500504,35495.541080061754,-3240.865,19025.697591591772,262.9575,41864.77250000001,386730.4850915918,32101.311697878504,114402.69499999998,2662.6,16727.624037998845,37224.97304592038,12194.06970590838,846.1302992935119,5173.6775,40523.54248283468,54007.939378859395,22812.532505441748,289066.7781942707,66642.31820094596,17698.475243624776,24186.22377187859,37226.42377708048,120515.58945684863,77737.431526147,15784.832591591772,75463.47999999998,-4438.120825520891,-15262.938213965914
2004Q1,501630.7,280476.3,25345.3,77359.4,2902.6,91484.2,33609.4,-341.2,-5973.3,63965.8,69939.1,-3232.0,529333.5,289328.3,23334.9,79463.7,2771.6,93253.2,30911.2,-326.4,10597.1,64858.6,54261.4,9488.4,12197.3,2708.9,538821.8,1.055,1.032,0.9209999999999999,1.0270000000000001,1.0190000000000001,0.92,1.014,0.7759999999999999,253986.7,220247.77628773704,33028.458840481784,-3260.9025,18883.71592814319,259.7025,39523.6675,382384.4184281432,33676.95661552623,109749.1175,2766.085,16765.61732895602,37310.25992788159,12227.221509889872,858.6741172580201,3610.2999999999997,38908.72892118653,49353.85443063345,22405.272920125302,291629.9142550955,66319.9331182845,16567.52472353007,24225.12183884469,37311.01746599258,120536.50489885529,76283.81510964796,15622.813428143189,73251.23749999999,2200.2592070089304,-15324.974940573506
2004Q2,501713.3,280911.6,25841.2,77084.9,1227.2,91094.4,33436.2,63.4,-5052.8,66067.0,71119.9,-2892.8,527682.0,289052.4,23766.8,79091.3,768.4,93501.3,30710.1,97.4,10694.4,67356.1,56661.8,10201.8,13111.9,2910.0,537883.9,1.052,1.0290000000000001,0.92,1.026,1.026,0.9179999999999999,1.02,0.797,256082.8,222105.90420508984,34397.953501306736,-2356.2225,18157.764785605228,264.9325,37917.05,385363.7597856052,33213.44710362849,110589.94,2624.545,16781.306598601408,37489.90058688324,12496.23288653324,855.0790558257686,4296.195,44194.90122594115,52066.79300204103,24683.201557993198,290587.4581978176,68290.13317639554,19575.694894372697,24136.86492975246,37488.17687211147,120356.99162611997,81747.07332447736,15801.542285605228,75562.3675,-1028.9332838365808,-13110.295204148919
2004Q3,504781.9,283004.2,25917.8,78066.1,2130.5,91479.3,32803.0,54.6,-6043.0,66636.9,72679.9,-2630.5,530491.2,290762.9,23863.0,79950.4,1874.9,93854.7,30200.3,88.9,9896.2,68726.8,58830.7,10478.0,13614.8,3136.8,540969.2,1.051,1.0270000000000001,0.9209999999999999,1.024,1.026,0.9209999999999999,1.031,0.809,256595.1,222540.24332923238,34057.6606563903,-2602.3175,17432.514318709254,246.1275,38671.3825,386544.20681870927,34615.80447319521,112094.545,2778.2375,16798.678353842544,37709.20449108542,12667.76447148174,852.7595843213379,3066.6624999999995,43271.09862364402,52010.94628462955,23489.777153655003,291688.79513506085,68126.11546161924,19787.57342848184,24188.75709994526,37709.28115574834,120029.59367800625,80986.63173788518,14830.196818709253,76447.52750000001,-247.21915246394929,-13635.593706983083
2004Q4,503801.8,281502.4,25951.5,79785.2,1890.6,91491.7,32392.4,152.8,-7343.6,67514.9,74858.5,-2021.2,529869.7,289411.8,23911.2,81412.0,1503.3,94387.0,29918.0,186.8,9139.6,69550.9,60411.4,10923.2,14238.1,3314.8,540792.9,1.052,1.028,0.9209999999999999,1.02,1.032,0.924,1.03,0.807,256488.9,221581.08817062931,34947.64810421909,-2057.54,19061.36650410786,309.89250000000004,38124.125,387657.42400410783,34285.16420781153,111117.96499999998,2736.84,16824.364064683446,37459.16862602946,12580.535522824224,869.1441163390673,3181.0350000000003,43977.56311564663,53716.00495489168,24029.274086760728,289634.79353143973,67187.0848093116,19934.14035027808,24010.107049931747,37459.78668909504,119620.90076351486,81423.20112613385,17003.82650410786,76040.57249999998,-764.1764567177743,-13481.403740327281
2005Q1,506396.9,283190.3,25561.5,81795.3,1172.3,92379.8,31691.4,188.0,-7514.2,66836.6,74350.7,-2067.6,529898.7,290130.5,23518.1,83434.1,1338.7,94139.6,29288.3,160.8,7888.5,68306.0,60417.5,10423.9,14358.2,3934.3,540322.6,1.046,1.025,0.92,1.02,1.0190000000000001,0.924,1.022,0.813,257423.3,223445.61438136513,33494.56272106557,-2143.34,18499.276742163966,275.1,39805.3275,395104.136742164,34516.99390952872,118541.4925,2508.3075,16843.970155083505,37322.690613999504,12562.109267743244,871.3096038742017,2831.3424999999997,44392.468574652696,51428.02758413218,24507.596860583715,293559.1968636508,67317.19776011244,19950.081429323847,23890.46516448006,37323.88403609751,118947.72984558366,81781.56232600508,16355.936742163965,81519.5725,-8221.808123845141,-13550.280693909735
2005Q2,510351.6,285027.7,25351.1,84634.3,1303.5,91985.7,29701.2,-19.2,-5972.8,69715.9,75688.7,-1659.9,531382.4,290987.3,23394.7,86358.1,1111.8,94414.3,27516.8,-2.5,7601.9,71579.0,63977.1,11660.9,15806.4,4145.5,543043.3,1.041,1.021,0.9229999999999999,1.02,1.026,0.9259999999999999,1.0270000000000001,0.845,259504.0,225522.98909663263,34074.31988839027,-861.0749999999999,19384.693814928396,320.78999999999996,38029.09,386987.9288149284,34780.83118177709,105850.2175,2789.3025,16865.79708492305,37935.601774483024,12979.176288923985,898.2944438229846,3129.7325,46611.73459498231,53053.34365042933,24077.751174851914,293981.64497734484,66374.29371805913,22604.95065628063,24058.82762763909,37936.29836038606,118912.41184699022,84619.0001915186,18523.618814928395,70931.22,2336.393477695354,-12179.337730361498
2005Q3,515527.7,287711.4,25870.6,86517.3,772.5,91822.4,30166.2,17.7,-5947.6,71897.6,77845.2,-1402.8,534648.1,293087.4,23863.0,88052.4,711.8,94459.1,28069.8,24.6,6380.1,74522.6,68142.5,12356.7,16545.1,4188.3,547004.8,1.037,1.0190000000000001,0.922,1.018,1.0290000000000001,0.9309999999999999,1.037,0.875,261190.4,227035.98520203718,34264.12160034519,-639.2800000000002,20768.894428688687,358.17,36306.3325,387578.5494286887,34439.23103464375,103379.79499999998,2520.57,16890.468751875436,38308.893968556134,13152.979928667824,932.8156409171737,3856.0899999999997,48180.03730263317,53449.8928668017,24979.330502212553,293975.5013214936,66744.80206035227,23210.599832996264,24222.830144120493,38308.62571370549,119326.6618897867,86498.55604891431,20129.61442868869,69952.2025,5647.052967819094,-12605.704298533092
2005Q4,516420.3,287798.4,26146.1,85113.2,461.2,92235.6,29551.3,-2.6,-3511.6,74401.0,77912.6,-1371.3,534653.6,293190.9,24217.4,86856.2,107.9,94744.4,27565.0,39.0,7933.0,79521.4,71588.4,13262.9,18002.4,4739.5,547916.5,1.035,1.0190000000000001,0.9259999999999999,1.02,1.0270000000000001,0.9329999999999999,1.069,0.919,263139.6,228864.545944668,34372.98231019518,-593.9074999999998,17722.632079856638,293.7325,37562.5825,391647.0370798566,35282.7929504585,108611.41499999998,2473.565,16928.896530077855,38031.618163502426,13124.884395827621,928.0780725160234,2749.7375,49565.99952511154,53856.61692573871,25804.388891520994,293930.8038626184,66464.23342671855,23796.68228675173,23976.255913196692,38029.21838154034,120169.92813358518,87630.28955981307,17128.724579856636,73816.12999999999,820.0539050178486,-11297.238326697145
2006Q1,517213.6,288806.6,25895.8,84756.6,-232.0,91970.0,30333.1,32.5,-3180.1,76112.0,79292.2,-1168.9,534493.2,295073.0,24040.3,86659.1,-199.1,94268.9,28464.6,27.6,6158.9,81037.6,74878.7,14010.9,19170.8,5159.9,548504.1,1.033,1.022,0.9279999999999999,1.022,1.025,0.938,1.065,0.9440000000000001,263189.4,228557.52337151932,34432.486575957126,-210.39499999999998,20080.93311221543,330.7825,36276.72,385985.0481122155,35596.55117636479,99971.69749999998,2622.63,16980.391766581182,38120.215119344146,13252.41267065991,959.955818415562,2583.6074999999996,49492.386598405705,54054.824545460775,25920.029652967467,294088.20058053953,67647.49057008351,23507.625500505772,23909.39567453244,38121.76416360791,121674.78748750953,87549.41931708116,19870.53811221543,66648.38999999998,5306.107736667036,-13131.488903331221
2006Q2,518061.9,288474.0,25833.0,86146.3,-83.7,92402.3,29169.8,-24.6,-2961.0,77394.2,80355.2,-894.2,534124.3,294226.9,24099.0,88077.4,-218.0,94285.7,27410.4,-38.6,6281.5,82096.7,75815.2,13879.3,19413.5,5534.2,548003.6,1.031,1.02,0.9329999999999999,1.022,1.02,0.94,1.061,0.9440000000000001,264611.0,229565.49119675875,35075.81039064863,-142.9275,22087.204474984832,370.6525,37778.192500000005,390253.03447498486,34835.12961122722,100867.98499999999,2459.1200000000003,17018.865218558494,38074.31870933148,13098.194807199034,955.0441073199092,3214.0649999999996,49664.994072549176,55017.054911373474,24326.83031540864,299345.609998319,67693.18915518161,25519.680314196237,24020.92367342388,38074.162587942825,122729.65135765422,87920.67321754771,21944.27697498483,65919.56499999997,160.81657941808226,-13480.090905065357
2006Q3,517025.7,286233.2,25888.1,86302.0,759.3,92454.3,27582.4,43.8,-1496.8,78812.0,80308.7,-740.7,532372.8,292513.2,24260.0,88166.5,601.8,94094.6,26048.8,23.4,6664.5,85045.6,78381.1,14500.2,20181.1,5681.0,546873.0,1.03,1.022,0.937,1.022,1.018,0.9440000000000001,1.079,0.976,265455.0,229772.0746541139,35257.646869157266,122.96749999999997,22229.77793161681,374.4275,37662.655,395456.7729316168,34059.731419170465,104640.325,2634.275,17049.34382858873,37369.51691117081,12951.323450422346,946.2476809711932,3301.6025,55149.537549880995,55357.496441548254,28774.79027611909,295816.0055353511,67827.14832495127,26360.869113863628,23472.332745365395,37369.90387675894,123561.76226461324,92505.56326674165,22352.745431616808,69986.3725,-6213.836572988948,-13226.28900354961
2006Q4,523952.4,290579.4,25808.4,87879.2,650.0,92401.2,28009.4,-10.4,-499.0,79749.5,80248.4,-865.8,539689.6,296145.3,24335.6,89801.9,669.4,93938.1,26414.6,-32.2,8417.0,86695.3,78278.3,15328.1,21638.3,6310.3,555017.7,1.03,1.0190000000000001,0.943,1.022,1.0170000000000001,0.943,1.087,0.975,267070.3,232002.16853339033,35373.107440220156,-324.0775,23850.0769669854,385.9025,36487.56,395787.6694669854,35173.67213935157,102206.81499999999,2598.6525,17038.146143354683,37884.544598440865,13198.733731983002,941.0390027680139,2696.3374999999996,51771.10249848726,55747.69057473363,25810.39718356054,301684.8232274312,68451.16352213632,26124.30057860775,23742.064260628482,37881.8369953795,124134.94176187484,89816.53475754778,23525.999466985402,68703.80999999998,-90.41072423971491,-12616.189503396337
2007Q1,527420.4,290822.6,25423.2,88204.1,2414.4,92930.9,27795.0,-108.7,663.0,81661.4,80998.4,-724.0,541888.3,295644.2,24124.8,89957.2,2405.0,94045.3,26352.9,-55.7,9414.6,89792.0,80377.4,16363.6,23077.0,6713.4,558251.9,1.0270000000000001,1.0170000000000001,0.9490000000000001,1.02,1.012,0.948,1.1,0.992,265718.6,230311.25501347522,35011.28516168081,-481.8799999999999,25259.393082730778,438.215,36469.8075,400613.7805827307,34873.88646639614,107328.49749999998,2350.955,17090.044373070163,37656.35765849389,13119.270280649636,949.3394187638539,2809.21,54336.59363335844,55443.97319442517,27107.402246849204,300960.258107056,68824.15609733682,26709.36463730708,23589.791769742074,37658.401469155564,124317.75915954301,91475.16835331185,24777.513082730777,73647.85999999997,-1528.831211429264,-12760.323131737125
2007Q2,527668.1,292397.2,24990.7,87221.4,1000.6,93780.7,27145.1,139.7,1361.3,83650.1,82288.8,-368.6,542272.4,297222.4,23840.2,89122.8,1044.5,95366.2,25802.1,137.9,9736.3,93531.6,83795.3,17109.7,23374.7,6265.0,559382.1,1.028,1.0170000000000001,0.9540000000000001,1.022,1.0170000000000001,0.951,1.1179999999999999,1.018,267120.4,232356.2265826458,35488.95073103384,-707.415,23686.210517854135,395.12,35543.6325,397371.9130178542,34255.22618567696,104245.94499999999,2631.6525,17092.27283322805,37520.69150559492,12843.55158825898,938.9296090321702,3230.9275,55829.60097713321,56611.94025365819,28874.920049789336,298752.40388476505,69164.9109627261,27280.84889160545,23738.722644833582,37521.203842124734,124808.9181444559,93676.97278351951,22978.795517854134,71729.08499999999,2910.9924955652095,-11275.889792367641
2007Q3,524805.2,289536.9,22953.6,86152.2,1663.7,93632.9,26755.7,46.5,4174.1,85699.2,81525.0,-110.5,536672.9,294267.2,21909.7,87921.7,1397.7,94810.1,25502.6,42.8,10821.2,94376.6,83555.4,15352.5,23395.1,8042.6,552025.4,1.023,1.016,0.955,1.021,1.013,0.953,1.101,1.025,266226.1,230182.74584201703,35480.58635612419,-1019.6975000000002,24151.960753839867,402.7475,36600.89,395937.81075383985,35185.46040636681,103784.18,2392.52,17092.648816843735,37338.72555135835,12687.46209183182,917.7134431236245,2210.7924999999996,53998.72188427092,56526.606909928334,27409.988724925606,300068.73098917323,69423.8472138213,26620.293861282065,23732.357226182903,37337.53276113835,125478.48330532154,91367.81534734601,23132.26325383987,69978.5575,-4517.634320299723,-12397.47134363401
2007Q4,527030.6,290005.8,20426.0,86066.4,2968.0,94378.6,27316.4,74.5,5617.6,88179.0,82561.4,177.4,536450.9,295777.7,19576.1,87928.6,2938.4,96011.2,26188.4,63.5,7967.0,95221.8,87254.8,17169.4,24275.9,7106.6,553620.2,1.018,1.02,0.958,1.022,1.0170000000000001,0.9590000000000001,1.08,1.057,267654.9,232159.74765530022,35615.38350318684,-903.0775,25263.487029598404,389.9275,36297.817500000005,388776.7045295984,34539.97801946619,94010.45249999998,2361.015,17083.813160428504,37336.87783908031,12835.189590935961,946.41721761764,2776.0575,55764.914615447226,56986.808783744265,29498.94065785152,300760.1848453939,69821.54104473293,26375.512351884572,23553.58807849874,37335.19488705234,126309.62773084156,93209.64789678843,24360.409529598404,60463.57749999998,3974.8303525077063,-11791.81128734164
2008Q1,528892.3,291303.0,21061.9,86763.9,1665.5,94446.3,26632.8,89.2,6633.1,90378.4,83745.3,296.6,537465.2,298082.9,20310.1,88863.5,1660.0,96011.1,25736.5,170.8,6630.3,95201.0,88570.7,16630.5,22794.2,6163.7,554095.7,1.016,1.023,0.9640000000000001,1.024,1.0170000000000001,0.966,1.053,1.058,267670.2,231463.44572585143,35850.32144264945,-1483.94,25486.321696264706,434.43999999999994,35700.2575,399450.6316962647,34867.51072598532,104818.295,2525.315,17403.679108994846,37623.855612127765,12993.533851753664,960.7754520369356,2797.075,55578.277278463975,57209.503815535194,28898.453060115335,300769.58023701294,69426.25239936118,26232.07970144021,23671.249367782253,37625.55867157286,127493.09847813276,92756.0914331284,24002.381696264707,72077.79250000001,-7676.51384597033,-11405.494482962415
2008Q2,525891.4,287974.2,21924.7,85371.0,4360.8,93189.0,25694.7,-40.8,7230.1,88622.0,81391.9,187.8,533928.5,294964.8,21443.5,87913.5,4704.7,95009.2,25112.8,-39.3,4819.2,95617.3,90798.1,13147.4,19175.1,6027.7,547075.8,1.015,1.024,0.978,1.03,1.02,0.977,1.079,1.1159999999999999,269467.1,233862.44015242,36149.31205164585,-1660.905,22967.265274781934,350.46750000000003,35541.854999999996,386652.3202747819,33749.43391935493,93288.0325,2240.36,17398.34461313321,36459.039206226465,12699.909621201268,970.7485864703285,2697.765,50543.784177400856,57964.87167152364,29087.447748341638,299445.33155579306,69356.81035810744,21432.005466454142,22790.583730665294,36461.24193833689,128110.65201343977,86980.69515313266,21306.360274781935,60337.005000000005,-1450.5492265585344,-10835.379657230922
2008Q3,519335.3,287111.6,22471.0,84001.1,-286.6,93177.7,25615.5,-42.5,7047.9,88668.9,81620.9,239.5,523412.6,295543.8,22172.9,86788.2,-867.8,94323.6,25373.4,-87.7,166.1,98423.8,98257.7,13997.9,19587.1,5589.2,537410.5,1.008,1.0290000000000001,0.987,1.033,1.012,0.991,1.11,1.204,266517.9,230273.78000236079,35834.21634812105,-1867.7374999999997,23696.944329224538,357.8875,34973.74,373124.3743292245,33919.40173256071,82091.56249999999,2327.8175,17391.301449691095,36584.951382173196,12729.030107178442,936.5555524670663,2688.0899999999997,48046.24879611498,57516.00198854501,27120.073560706176,298404.40782022814,70064.82230322881,20851.057292522488,22919.14585985635,36584.73151950186,128349.56756415774,84555.86237273052,21829.20682922454,49803.52749999998,2039.9165871158475,-12212.923262974015
2008Q4,506486.2,282699.1,22258.6,81265.3,7081.2,93595.8,25559.2,52.0,-5614.5,77470.9,83085.4,-410.6,516572.2,288417.6,21842.5,83141.2,6696.2,95321.8,25078.7,100.2,-4026.0,75497.8,79523.9,12487.7,17740.0,5252.3,529059.9,1.02,1.02,0.981,1.023,1.018,0.981,0.975,0.9570000000000001,264885.7,229104.84420206997,35903.419964945235,-1673.7,23088.843382139432,372.28499999999997,33450.24,357987.1133821395,33781.76784365581,68889.6225,2424.3625,17375.82126281177,36262.91292734926,12293.798393782467,874.9639847627673,2472.43,48385.41387548614,57776.79220882329,27880.51582460266,295848.4267451463,70787.95008844876,20515.163496023495,23097.257814346474,36266.02019289171,128178.69846533769,84661.69951351786,21415.14338213943,38236.030000000006,9100.497959631146,-10706.998692016
2009Q1,482133.8,281378.7,20328.5,76332.6,-3458.8,93943.3,26351.7,-92.3,-12025.8,57718.7,69744.5,-624.0,492223.2,284234.8,19740.2,77026.8,-4743.7,94712.2,25479.0,-59.1,-4167.1,53435.9,57603.0,11625.5,16106.8,4481.3,503848.7,1.021,1.01,0.971,1.0090000000000001,1.008,0.9670000000000001,0.9259999999999999,0.826,259769.2,224440.73582309062,35371.89982859181,-1766.9100000000003,20328.11612143618,315.07750000000004,36920.042499999996,339222.5861214362,32757.836280107906,58038.5275,2538.575,16834.818173371452,35668.96455568578,12076.728793189704,751.0229979863033,2890.03,46924.79229405343,56923.0353204254,27485.07143101763,293205.37275699707,72436.41620111089,19579.859043141034,22837.052526486576,35664.80431766258,127466.76948208669,82729.73479182125,18561.20612143618,23972.1375,4384.570078814519,-11840.295314106916
2009Q2,491599.0,283832.4,18338.8,73967.1,-4341.9,95242.2,28352.0,7.8,-3654.3,62988.5,66642.9,-145.0,498076.7,285317.8,17567.4,73935.7,-4475.5,95395.0,26978.5,23.2,3334.7,59164.6,55829.9,13061.3,17029.7,3968.4,511138.1,1.013,1.005,0.958,1.0,1.002,0.9520000000000001,0.9390000000000001,0.838,252759.4,218442.4772109796,34218.546850126906,-2319.12,21912.48547942486,332.53999999999996,36683.945,346830.27797942486,32649.487019487766,71776.58499999999,2368.3875,16823.01615866631,35608.381083540815,12178.48769922188,707.8322486002052,2983.6575,39711.312576397686,55098.72771340455,25522.81303187169,294784.4751456341,73560.0349217005,13794.607025452715,22721.60839999807,35607.928347820154,126831.96210172803,74925.34840514456,19593.36547942486,37793.56749999999,4851.48907102691,-9509.849510215048
2009Q3,491380.6,285929.4,17066.2,71962.2,-6347.8,96216.2,27875.7,4.6,-1149.2,69065.5,70214.7,-176.8,493716.2,285362.9,16218.6,71460.6,-5960.5,96367.6,26353.3,49.5,3864.2,64721.8,60857.7,12446.4,16301.5,3855.1,506162.7,1.005,0.998,0.95,0.993,1.002,0.945,0.937,0.867,252962.2,218919.06513773894,34229.010327837575,-2342.1525,20930.64574580914,312.0625,34844.005,352535.7657458092,30140.01828482049,78135.615,2537.395,16809.736027537896,35214.74585061495,12128.587149334611,726.1030707294184,5023.0824999999995,39242.60916462494,55428.30519667607,25758.00592311563,292575.83895927906,74147.58535552556,13455.133273205502,22358.914346970807,35213.60456703484,126146.44076480034,74426.74376335597,18588.49324580914,46141.067500000005,-2710.1285776443547,-9122.286022263928
2009Q4,497444.3,287739.1,16549.2,71283.8,-4967.1,96435.0,28256.8,28.6,2248.2,74003.9,71755.7,-129.3,496190.7,285837.9,15688.9,70659.4,-4793.2,96451.9,26688.1,38.0,5619.6,68473.6,62853.9,12379.2,15954.8,3575.6,508569.9,0.997,0.993,0.948,0.991,1.0,0.9440000000000001,0.925,0.8759999999999999,251912.8,217464.38533600216,34305.55264821754,-2672.2400000000002,21257.857140010925,328.44,36955.6925,359171.5871400109,32718.523327899253,85786.165,2558.565,16789.04044815423,35465.412301501354,12255.351757749402,733.595688853565,2743.3275,38726.0099506385,55613.0650708013,25351.692340780795,293374.4277357637,74615.37412324126,13199.878901281067,22479.877109909896,35468.82455651286,125488.65315860679,74020.39579857473,18585.617140010923,51717.4775,-8815.837355130527,-10402.53861590632
2010Q1,502679.8,288873.2,17455.1,71738.4,-3539.3,95607.5,28371.5,93.5,4534.6,78402.5,73867.8,-454.8,501493.8,286538.8,16561.9,71249.8,-3321.8,96047.9,26935.8,104.5,7376.9,73203.3,65826.4,13349.6,17293.7,3944.1,514843.5,0.998,0.992,0.9490000000000001,0.993,1.005,0.9490000000000001,0.934,0.8909999999999999,252819.3,218391.65233108838,34488.53900101402,-2526.24,21587.868393739813,297.3925,34973.9,353106.3958937398,32036.929245678653,78510.0125,2418.0625,16786.9020963376,35338.378697011314,12328.762794111135,758.9933113291004,3264.9675,38404.443556189006,56429.51445562922,25681.753623508845,293282.985564181,74504.83776269396,13344.379322141254,22249.558448447817,35337.31455388805,124809.97363239218,74363.44749953815,19061.62839373981,46251.5675,4854.683419979934,-8491.652513114677
2010Q2,508716.0,290916.7,17579.9,72562.3,-897.1,97360.1,26909.0,-15.1,4662.2,82197.9,77535.7,-362.0,505194.0,287940.8,16644.9,71914.9,-1245.0,97298.6,25505.8,-22.8,7156.8,76659.5,69502.7,13014.9,17269.3,4254.4,518208.9,0.993,0.99,0.9470000000000001,0.991,0.9990000000000001,0.948,0.9329999999999999,0.8959999999999999,251561.9,216705.92745204046,34878.04476537383,-2753.6125,20939.16867711159,327.2725,36694.32,366738.0411771116,33217.27461805321,93999.375,2663.9375000000005,16769.654445390064,36309.36271695213,12756.946822173368,773.4039514309353,3061.2875,42006.27538865126,57097.78039144819,24835.430920121104,292155.32237890206,75744.15463420699,17145.002246373417,22780.354104575592,36310.704878179895,124315.83565418991,78291.13804467442,18185.55617711159,60296.265,-6094.3942094814265,-10851.009620847239
2010Q3,517945.5,295312.9,17768.7,73433.9,2306.9,97760.5,26618.4,-146.6,5409.7,84445.6,79035.9,-519.2,511000.9,289980.1,16843.8,72421.5,1986.9,97640.8,25226.4,-132.8,7034.3,76285.3,69251.0,13739.6,17804.7,4065.1,524740.5,0.987,0.982,0.948,0.986,0.9990000000000001,0.948,0.903,0.8759999999999999,251375.0,216568.15722848478,34990.634279170765,-2723.2299999999996,20676.317948089516,326.3725,37271.027500000004,363893.10544808954,33787.901620891804,91673.7,2564.9449999999997,16749.9656375313,36575.91847434953,12844.94559725557,771.8466085817867,2825.5024999999996,41927.017619858794,57445.978072269056,25046.926167810256,291277.50014709134,75977.15877450061,16868.531401405213,22957.85078216396,36574.64298800132,123953.26088419829,78490.10055721679,17953.087948089516,57293.98999999999,3144.993179710873,-11529.099835419445
2010Q4,513717.2,290349.4,18347.5,73334.7,2568.8,98271.0,26051.2,-51.3,5303.4,84769.6,79466.2,-457.5,505066.1,285561.8,17394.1,72032.4,2361.6,97492.5,24629.2,-47.8,5642.4,75886.5,70244.1,13989.0,18266.1,4277.1,519055.2,0.983,0.9840000000000001,0.948,0.982,0.992,0.945,0.895,0.884,250142.2,214964.28661202124,34911.88861544458,-2980.5099999999998,20404.49711888036,306.5275,37122.037500000006,366658.9021188804,31150.336601055467,96211.56,2574.6274999999996,16718.245386906234,35662.86709413898,12678.21746970692,782.9991004462911,4520.8949999999995,41308.48353547839,57461.51628874845,24731.906142777163,290513.96036838857,76011.07487957453,16596.621848465413,22199.335502447975,35660.55207260119,123706.49200593884,76989.08006384376,17423.987118880363,61970.67749999999,-2449.9511974204797,-10972.426698540687
2011Q1,508272.1,285640.0,18978.1,75030.3,1027.6,98799.4,25607.0,-45.2,3451.7,84031.1,80579.4,-216.8,498645.3,281200.5,18002.4,73478.2,1099.0,98580.6,24280.8,-23.6,2027.3,75723.6,73696.2,14673.9,18910.0,4236.1,513319.2,0.981,0.9840000000000001,0.9490000000000001,0.9790000000000001,0.998,0.948,0.9009999999999999,0.915,251649.6,216480.30922531473,35272.25617216175,-3082.6675000000005,21054.29769191295,312.63,35572.1325,363011.70769191295,32094.991628142627,90367.0875,2710.76,16822.424030158272,35810.05201829364,12434.89629627397,817.5222768783821,3687.6624999999995,40406.95251644349,58155.60794569886,24864.231147291754,289823.0009428337,75950.45557383967,15673.239363475705,22558.601217613817,35811.01979076617,123641.12548305804,76348.49030153363,17971.63019191295,57818.344999999994,-5456.990465737181,-11383.645729928336
2011Q2,503906.6,287663.4,18615.1,73671.0,595.4,99271.4,26336.2,-5.1,-2471.8,77703.6,80175.4,231.0,490891.6,282591.6,17658.6,71931.3,687.5,98869.9,24951.1,17.0,-5815.3,70061.3,75876.6,14623.3,18677.5,4054.1,505514.9,0.9740000000000001,0.982,0.9490000000000001,0.976,0.996,0.9470000000000001,0.902,0.946,252011.4,216314.62478275047,35874.4936686345,-3451.7575,21854.446906174602,315.925,34467.795,349674.9544061746,32081.959638355005,76250.38999999998,2694.55,16786.451679170124,35836.201287641874,12409.270782971895,847.7153705491585,3793.8824999999997,42620.62139922126,58944.420957872484,25324.77452756194,289996.25917543384,76317.2911101415,17298.884920768272,22578.842071455474,35835.828224976525,123431.27891469037,78459.48767330675,18402.689406174602,44793.06999999999,366.7209541584598,-10385.478355447762
2011Q3,516162.3,292170.2,19392.7,75408.1,1848.3,99638.3,25551.2,49.0,2162.6,84967.3,82804.7,-58.1,501094.8,286552.6,18399.6,73821.4,1457.2,99126.0,24288.2,84.1,-2634.3,76069.9,78704.2,14560.4,18631.3,4070.9,515655.1,0.971,0.981,0.9490000000000001,0.9790000000000001,0.995,0.951,0.895,0.95,250786.9,215103.947124875,35822.66347750194,-3591.4574999999995,21873.747029996954,300.8225,35189.7775,356119.2495299969,33179.6282832162,83924.965,2824.2725,16765.912501299157,36243.23643922192,12662.832305991622,863.0916909648041,3085.7625,42687.44418702137,58999.99476107206,25384.8540762269,289791.03361641726,76488.98734072379,17321.149803565168,22716.7729502759,36242.696947232325,123143.57405134467,78948.7008270244,18282.289529996953,51860.2825,3235.4419714261894,-10163.529417004494
2011Q4,515431.5,293836.2,19057.0,78368.4,718.7,99963.1,24705.1,-19.8,-1452.6,82702.3,84154.9,255.5,500072.7,288268.5,18053.2,76613.7,700.3,99292.8,23422.5,13.9,-6292.2,72422.8,78715.0,13750.0,17836.6,4086.6,513822.7,0.97,0.981,0.9470000000000001,0.978,0.993,0.948,0.8759999999999999,0.935,252136.0,215873.51367428587,36098.53194688281,-3690.765,20955.896610595995,284.135,33881.9825,355886.91661059594,32461.08970741636,83383.57999999999,2818.07,16821.91613704541,36611.89814738602,12875.337694728689,884.1966829422382,4159.315,42579.36680333529,59625.34384361967,25172.272292500948,289038.30061196635,76860.123227647,17398.247373778424,22856.518063519692,36616.05244119062,122783.54283931624,79186.57210747,17265.131610595996,52603.80249999999,2695.503108897188,-9998.08559015597
2012Q1,522507.6,295085.4,18795.6,78457.8,3439.6,100943.8,26102.7,-2.6,-443.7,85279.3,85723.1,129.1,507391.5,289764.0,17762.7,76730.1,3479.5,100415.3,24797.8,11.0,-5569.1,74562.2,80131.3,13707.4,17875.0,4167.6,521098.9,0.971,0.982,0.945,0.978,0.995,0.95,0.8740000000000001,0.935,253176.6,216804.8951562513,36506.28328289627,-3729.57,21130.499368438745,266.61,36208.737499999996,366596.51436843874,34217.09742059226,93051.58249999999,2700.7924999999996,16670.89734312839,36855.602079038945,13243.729849137799,895.7700211824681,2672.2249999999995,43192.72957168326,60288.04946251404,24533.79522710931,292402.5268280908,77108.4929226872,18527.54982309311,22678.574031975528,36818.07390229579,122263.20301514023,79879.4189524982,17400.929368438745,59810.2475,-1906.6662858747877,-10399.958273411787
2012Q2,517817.9,295639.0,19264.0,78309.7,335.7,100711.4,26500.4,54.9,-3119.9,84526.7,87646.6,122.6,500355.4,289137.7,18126.9,76479.1,316.3,99223.5,25078.6,71.1,-8077.9,73621.3,81699.2,13621.3,18183.1,4561.8,513976.7,0.966,0.978,0.941,0.977,0.985,0.946,0.871,0.932,251183.5,214492.49440855355,36388.09445496992,-3708.7625,21629.163222614872,275.96,35698.3025,360727.2032226149,32508.793966938054,88509.19999999998,2838.1425000000004,16700.858844888062,35759.889143383494,12569.13432332706,893.019297191108,3347.9975000000004,44319.47170578165,60660.10578538777,26145.436645006714,287326.5328009573,76681.14882675702,18125.72962905716,22351.47877285977,35813.632393377935,121984.97829627538,80084.7986674418,17920.40072261487,55924.999999999985,-1201.1164122681948,-11060.039318020106
2012Q3,515882.5,295510.6,19635.5,77718.1,1407.6,101017.2,25954.4,80.7,-5850.9,81483.3,87334.3,409.1,497575.0,286874.5,18412.4,75586.9,1190.4,99813.9,24516.1,85.5,-8904.6,70983.1,79887.7,13969.1,17994.3,4025.2,511544.1,0.965,0.971,0.938,0.973,0.988,0.945,0.871,0.915,251902.2,215406.50181381783,36598.46669913072,-3695.9750000000004,21660.35236269405,250.61,35643.2575,357412.4748626941,32102.441876079032,84602.6675,2692.62,16736.485699592686,35645.4713014171,12606.038888120534,895.7988352943077,3480.8100000000004,44822.93040846673,61172.3070156284,26088.36567660171,288736.94897755736,76752.24546458124,18764.447392232112,22154.00162847649,35655.839351891336,121861.88556831818,80508.65242072515,17964.377362694053,51902.64,94.71021709637716,-9960.433657487854
2012Q4,515505.6,296772.0,20083.0,77534.5,-252.3,101713.3,25465.3,2.4,-6352.5,78691.4,85043.8,539.8,497098.5,288884.1,18916.2,75475.0,-370.1,100312.9,24079.2,16.6,-10215.4,69423.7,79639.1,14217.4,18834.8,4617.4,511315.9,0.9640000000000001,0.973,0.9420000000000001,0.973,0.986,0.946,0.882,0.9359999999999999,250741.3,214238.08459269447,36597.47252276248,-3630.4174999999996,22863.749847117622,289.45500000000004,35964.590000000004,353411.23984711757,33115.76336215606,80441.56999999999,2705.5825,16799.591002953544,36180.39031767523,12993.655834826131,887.9180117133034,3076.5475,44420.153235832106,61134.61323444914,25336.541150853587,289724.38127853937,77247.44770217121,19061.523139901772,22292.693069641067,36174.2669161805,121937.18935294017,80572.33120693587,19233.332347117623,47472.01749999999,2869.751383761759,-10621.551885446825
2013Q1,522589.7,301253.7,20303.4,77475.5,326.8,101507.2,25837.6,-133.5,-4363.2,81215.0,85578.2,382.1,502993.4,293140.6,19221.3,75634.6,195.2,100461.1,24591.7,-102.8,-10148.2,76396.1,86544.3,15529.9,20573.1,5043.2,518523.3,0.963,0.973,0.9470000000000001,0.976,0.99,0.9520000000000001,0.941,1.011,252365.0,215443.31057155915,36869.31652908188,-3665.9049999999997,22485.04464219526,258.725,35127.130000000005,360975.18464219524,32649.910833199843,86668.45999999999,2863.86,16737.21273736927,36644.9257557737,13553.472271530269,911.0478900039728,3887.1225000000004,46803.984037761074,61835.9718635912,26742.47782825032,288528.1844538636,77519.95469356696,20082.247756507568,22103.257993016898,36567.77815455114,122205.88648504595,83392.50373930903,18819.13964219526,54663.914999999986,2661.573218207748,-10390.495190057147
2013Q2,527317.3,303502.4,20476.0,80132.3,-2386.0,102868.7,26811.4,42.6,-4421.6,83949.7,88371.3,291.5,507662.3,295075.1,19550.3,78410.8,-2283.3,101139.6,25581.3,57.7,-9869.2,80970.9,90840.1,19232.9,25050.5,5817.7,526895.2,0.963,0.972,0.955,0.9790000000000001,0.983,0.9540000000000001,0.965,1.028,253864.8,216946.63945155827,36898.76972938525,-3414.535,22086.002054291042,271.6175,36412.725,371951.219554291,33156.98837378368,96392.83499999999,2750.5,16791.922413082553,36163.70591683538,12777.543484199374,966.9284481037315,3165.2325,47670.573002607794,62010.82566982424,27021.909693875423,290943.52775776316,77545.82441282485,20655.47022391499,22524.74292146636,36269.21485376947,122708.57094999938,83946.59477155987,18671.467054291043,63002.22749999999,-868.572858059837,-9933.088345653028
2013Q3,532398.9,305097.9,21279.0,81276.1,-477.0,102879.9,28267.6,-84.8,-6154.9,83852.3,90007.3,315.2,512886.0,297226.1,20440.0,79745.3,-706.0,101339.7,27104.6,-58.3,-12205.3,82059.2,94264.6,17437.5,24060.7,6623.3,530323.5,0.963,0.9740000000000001,0.961,0.981,0.985,0.9590000000000001,0.9790000000000001,1.047,252558.5,215500.6198788138,37085.590458334904,-3234.955,22303.54593500889,261.58,36838.895,373133.2634350089,32930.48613141925,98362.39249999999,2882.2000000000003,16846.7105947576,36569.450522881394,13185.894464746223,1008.3456812943904,3548.5625,48712.54804442905,62350.96295778304,27424.151320166133,289647.68444537406,77691.29709023645,21299.154905964042,22388.121877372207,36582.36202341282,123436.542749646,85305.668249543,19068.59093500889,64667.27749999999,719.8942919322872,-9969.43930192216
2013Q4,531782.2,304572.4,22031.8,81863.8,58.5,103108.8,28750.8,80.1,-9087.6,83531.9,92619.5,403.5,512330.8,298030.5,21356.5,80600.0,99.4,101195.0,27683.5,94.9,-16728.9,81604.5,98333.4,17688.3,23938.8,6250.6,530019.1,0.963,0.9790000000000001,0.9690000000000001,0.985,0.981,0.963,0.977,1.062,254049.3,216829.26424920547,37345.23621224482,-3295.935,22678.162926410645,284.96,36637.4,374347.4829264106,33745.557615017,97723.19499999999,2907.7999999999997,16900.388706492122,36995.63220523623,13623.388323162098,1064.3748776017546,3260.9975000000004,49769.540236008805,62960.743743082254,28175.25813355709,289472.1575088792,77361.34623598617,21560.844262233808,22299.450992118396,36987.21419288225,124343.49345372614,86723.31658867316,19382.227926410644,64278.55499999999,-2398.093073019001,-10118.049776878266
2014Q1,536082.4,310664.7,22345.1,83958.9,-2350.8,103413.3,28094.8,68.6,-9936.3,88655.3,98591.6,-175.8,516736.5,304618.5,21685.8,82794.4,-2614.4,102079.1,27273.8,111.7,-19212.4,86829.9,106042.3,17668.8,24896.0,7227.2,534405.3,0.9640000000000001,0.981,0.97,0.986,0.987,0.971,0.9790000000000001,1.0759999999999998,254405.2,216543.60925932677,37480.75439210725,-3312.6000000000004,23031.426945084473,268.55499999999995,36731.085,371021.1669450845,34326.98962017498,93775.6825,2852.9025,17406.13043232062,37883.28154375282,14331.854628260624,1092.529704504772,3445.725,51149.63006823777,63309.9827776764,28992.285148945673,289266.60967914655,77106.27469137793,22203.619682449335,22384.76332394629,37809.147656711684,125557.33059367415,89005.05248810668,19718.826945084475,60166.055,3463.379804529599,-9705.10903069377
2014Q2,526349.8,295354.5,20443.0,82290.8,2515.7,103089.5,27117.8,94.1,-4672.6,89825.6,94498.2,117.1,517978.4,295083.8,20425.4,81535.7,2919.2,103141.7,26948.0,115.4,-12190.8,87806.2,99997.0,17872.2,25471.6,7599.4,535850.6,0.9840000000000001,0.9990000000000001,0.9990000000000001,0.991,1.001,0.9940000000000001,0.978,1.058,257720.3,219700.86318756628,38238.19335272051,-3164.6975,21983.995304378313,246.41250000000002,35070.97,367676.9903043783,37898.14388468607,88073.545,2817.4350000000004,17458.894041130727,41276.85872045484,18300.767533950882,1063.7118965917682,3281.185,50016.73871869126,64154.1858286286,27050.350492738613,290094.6582314302,76494.20224434831,23072.66614492563,21899.232703512454,41263.71213405511,126522.9536880977,91386.72877171935,18819.297804378315,56066.42249999999,3668.1288734689006,-9970.272995929176
2014Q3,526843.3,297902.4,19410.0,82786.9,-103.1,103766.2,27877.8,140.8,-4838.1,91195.4,96033.6,-99.7,518271.5,297813.8,19366.5,82312.6,-360.5,104005.0,27785.4,194.3,-12845.6,90919.3,103764.9,19769.3,27574.9,7805.6,538040.8,0.9840000000000001,1.0,0.998,0.9940000000000001,1.002,0.997,0.997,1.081,258539.0,220017.89617543292,38481.745146496425,-3475.7374999999993,23247.32574910559,287.65999999999997,34194.3625,371857.5232491056,38753.95762867984,90475.54749999999,2783.7275,17517.661704740687,42095.441412865985,18933.824668187823,1070.097057817731,3405.6825,51057.936329252676,64701.84784390015,27693.09741923382,289644.77812210115,76895.47127016696,23350.511049352597,22092.060363776895,42095.98208978245,127365.77146321799,93139.59055836886,19771.58824910559,59352.57249999999,127.20569789397996,-10836.436134037445
2014Q4,529350.2,298451.9,19452.2,83410.3,-1356.1,104018.5,28046.8,8.9,-2461.2,93900.6,96361.8,-221.0,521966.4,298026.7,19404.4,83107.3,-1350.8,104371.1,27784.4,21.8,-9398.5,95648.4,105046.8,22335.2,30722.5,8387.3,544301.6,0.986,0.9990000000000001,0.998,0.996,1.003,0.991,1.0190000000000001,1.09,258664.0,219976.98454158878,38694.987451974244,-3232.4075,22700.009442248098,263.25750000000005,34333.975,384146.5394422481,39675.72983281222,102969.25249999999,2782.4275,17604.790810984014,42754.77465176783,19490.212755013454,1079.6575952948988,3102.1275,53438.22419954855,65231.55669043067,29383.02480195157,288039.7792677297,77007.44712607986,24086.73804770601,22193.330537260408,42763.20088756876,128026.7246337643,96232.96373722634,19467.601942248097,71680.96250000001,-7532.737463581143,-10051.07080821594
2015Q1,537485.6,300023.4,19968.5,87584.6,23.7,104999.4,26725.5,80.2,-1848.3,95327.1,97175.3,-71.3,534740.5,299198.5,19962.9,87427.5,-182.0,105104.0,26756.7,90.0,-3617.1,95313.5,98930.6,20156.1,28536.8,8380.7,554896.6,0.995,0.997,1.0,0.998,1.001,1.001,1.0,1.018,258824.9,219947.53251195184,38881.799383814716,-3093.9225,22836.297232219993,275.645,34729.9975,383138.89973222,39854.79809218832,101487.595,2808.385,17771.336682559187,43104.81116274823,19861.91632737745,1081.2766238170734,3311.57,52901.93471452982,65508.343160654054,28094.09989346971,289873.15848454146,77217.08078732045,24579.356804666702,22194.111340189076,43137.304291383596,128517.74053507001,95810.76098952,19742.374732219992,69841.6275,3414.225441326387,-10132.673980875174
2015Q2,538243.9,300270.8,20355.0,86423.2,2479.4,105132.8,26492.2,-73.5,-2999.1,92080.2,95079.3,163.0,538358.6,300825.0,20330.4,86494.7,2701.1,104903.5,26520.3,-50.9,-3365.5,93549.2,96914.7,21416.4,29937.7,8521.3,559775.1,1.0,1.002,0.9990000000000001,1.001,0.998,1.001,1.016,1.0190000000000001,259090.4,219907.4905394734,39150.69867153209,-2560.73,25686.21510191321,314.26,36443.045000000006,393278.23510191316,41416.72054326377,107944.37499999999,2803.715,17849.195140632877,45017.08883419142,21753.9836739108,1078.9144776197263,3367.1725,52747.82233781255,66140.99789505705,29027.960260902008,293056.93198709766,77672.72800231054,23737.38509968537,22111.029273431755,44943.92742496228,128763.30252006667,97709.27278554966,23125.48510191321,74619.30499999998,-3843.2925469421316,-10666.497961166955
2015Q3,538726.9,301071.5,20457.3,87618.0,974.3,105623.4,26507.8,-101.1,-3344.6,94396.9,97741.5,-79.8,539897.2,301483.0,20488.8,87828.6,764.5,105507.5,26560.0,-68.9,-2666.2,95574.0,98240.1,21090.0,30264.6,9174.6,560987.3,1.002,1.001,1.002,1.002,0.9990000000000001,1.002,1.012,1.005,261138.3,221703.86191785292,39511.56027004881,-2788.8325,23883.760518550745,254.3575,36501.46,392107.8405185507,42354.01066740807,106804.465,2815.79,17930.4836030901,45552.720705563566,22322.389859232186,1079.88167457157,3303.415,52650.872045118056,66882.26917851125,28908.890619381284,294104.4877353287,77698.88771579012,23739.753098887035,22134.515132577813,45536.786666381566,128780.08829206704,98185.43038464988,21094.928018550745,73373.1525,-2134.100476999418,-9326.760701119725
2015Q4,537938.6,299066.0,20438.5,87447.0,1018.5,106485.0,27195.7,-69.6,-3630.5,93496.7,97127.1,-12.0,539201.5,298865.4,20429.1,87304.4,967.6,106725.6,27084.2,-42.2,-2132.6,90820.9,92953.5,22005.2,31436.1,9430.9,561206.7,1.002,0.9990000000000001,1.0,0.998,1.002,0.996,0.971,0.9570000000000001,262760.8,222726.78927596094,39959.04474697368,-2685.9849999999997,24111.32696838954,261.705,35346.485,387515.0744683895,42632.2470044471,100229.22499999999,2838.0025,18025.89634773049,45709.76177944905,22577.22120750525,1037.3851393555954,3121.895,52530.300533800495,67299.51682057745,28459.461003975317,293947.04445244174,77788.04863818528,24118.888594518834,22112.58176871387,45727.18811557471,128625.69726907472,98305.53771406887,21425.34196838954,67982.4475,2460.635146961082,-10300.638329580368
2016Q1,541842.1,299352.3,20434.3,86889.9,1198.7,107757.9,27954.1,2.4,-1746.5,94179.7,95926.2,-1.0,545094.0,297944.1,20356.3,86324.0,1150.4,108021.4,27769.2,-42.4,3571.2,87997.4,84426.3,20152.4,29323.2,9170.8,565246.5,1.006,0.995,0.996,0.993,1.002,0.993,0.934,0.88,265462.4,225350.87953719974,40269.11467711391,-2561.0425,22305.280711838932,215.95,36868.152500000004,398761.040711839,42547.81083449947,110448.98499999999,2889.4674999999997,17753.257739540357,46064.32879830311,22967.760382228746,994.1669831695181,3570.5774999999994,51846.852132369786,68152.69895832165,28650.820009042924,295710.496866669,77886.81936092085,23223.82264176445,22208.634701021994,46170.56206642026,128154.46969869321,98045.20471722764,19744.238211838932,76686.24999999999,-4269.094976952416,-10008.636738726287
2016Q2,541089.6,297538.7,21021.5,87092.4,2914.8,106851.2,27103.9,-196.5,-1240.1,93544.4,94784.5,3.7,543707.1,296862.1,20877.1,86262.6,2625.0,106409.6,26792.3,-188.6,4067.0,85635.5,81568.5,18959.2,28692.3,9733.1,562666.3,1.005,0.998,0.993,0.99,0.996,0.9890000000000001,0.915,0.861,265583.2,225092.52823173377,40309.857639779526,-3256.115,22394.700936859725,266.7125,34537.0975,390006.1259368597,41117.38598927018,101957.66249999999,3059.9649999999997,17845.120678564173,44328.428084151645,21049.978354939234,958.2666862090355,3189.455,52053.406572888714,68283.26292022846,29332.595131038142,293285.8422032044,78141.10908139627,22637.728471337217,22248.978811622543,44257.22385277081,128045.56243497223,96227.54745514617,19138.585936859723,70747.24249999998,3546.8427753972355,-9754.407263784902
2016Q3,542035.8,298579.7,21381.0,87524.4,172.4,107223.0,27215.8,-268.2,205.7,95486.5,95280.9,2.0,543588.9,297239.2,21222.3,86449.0,192.2,106783.8,26950.3,-283.5,5035.7,85827.4,80791.7,18234.4,28274.2,10039.8,561823.3,1.003,0.996,0.993,0.988,0.996,0.99,0.899,0.848,268080.6,227479.12319655347,40705.59183303667,-2856.0550000000003,21984.51462367022,254.40750000000003,34371.75,389154.6146236702,41975.6550040862,98598.3725,3092.775,17933.251984903,44958.72701745695,21709.365676531936,937.8361905313125,2995.3125,52214.007850609334,68826.89028313028,29293.167200173382,294598.4146249131,77976.34230461353,22954.069230859193,22292.14331939221,44939.34518645546,128151.0907742714,97186.58161748803,19128.45962367022,67573.805,2573.5619156030007,-9694.73482006701
2016Q4,542890.9,299233.0,21499.6,88103.5,-1448.6,107189.4,27235.7,-334.2,1418.7,97932.3,96513.5,-6.1,544387.4,298662.3,21459.2,87281.9,-1494.9,106897.4,27091.0,-309.2,4799.5,89810.9,85011.4,18458.3,28516.1,10057.8,562845.7,1.003,0.998,0.998,0.991,0.997,0.995,0.917,0.8809999999999999,269771.3,228655.19959805976,40981.511483991475,-2649.9399999999996,21674.263879493315,271.79499999999996,35736.355,394054.87137949327,42192.8894189303,101881.45499999999,3105.9975,17999.949119490007,45452.175770375485,22185.0038988569,912.7521985598943,3276.1425,51774.5256200615,69566.69094343456,28806.396829603895,297124.63966891007,78048.88011999546,22909.29092065586,22378.249760569342,45476.005857986136,128491.79292383589,97191.6936082459,19024.323879493317,69522.89249999997,-1900.8276613153284,-9733.071557540214
2017Q1,547244.7,301181.4,21289.5,88375.2,-516.0,107489.3,27458.0,-297.0,2379.7,100057.8,97678.1,-115.3,547306.2,300641.4,21449.4,87890.9,-716.6,107142.4,27525.1,-325.0,3698.5,95465.8,91767.3,20855.8,31285.6,10429.8,568162.0,1.0,0.998,1.008,0.995,0.997,1.002,0.9540000000000001,0.9390000000000001,269826.7,228567.94599171463,41436.33038637135,-2681.6949999999997,23842.293375538404,316.0625,34165.3575,397040.2483755384,43106.68405929425,102660.93,3075.9575,18171.57896346939,45844.71934465755,22448.242846763493,947.8962924153732,2763.4825,52124.00669771318,70030.60464717355,29311.077536904166,297442.5044239487,78099.68783983392,22958.287293344096,22460.841332108987,45856.980471287854,129147.56895245331,98126.34530153612,21160.598375538404,71887.5925,-1119.3152992796386,-9149.852107345941
2017Q2,549551.5,302731.2,21499.2,89157.1,56.4,107049.7,27725.6,91.7,1307.6,100033.7,98726.1,-66.9,551250.3,302894.2,21693.7,88859.6,38.6,107075.6,27823.0,119.5,2746.0,94843.0,92097.0,19649.5,30325.1,10675.6,570899.8,1.003,1.001,1.0090000000000001,0.997,1.0,1.004,0.948,0.9329999999999999,270279.5,228921.84663794885,41322.221514478755,-2190.415,22201.25551434559,269.9625,35646.865,397382.39801434556,42277.49726706185,103575.7275,3246.3675,18246.22407124802,45283.8695402142,21980.560727157517,998.7027280649532,3015.4125,55080.01899209265,70122.42849320895,30114.3371394899,295952.15826156083,77715.50320606762,24969.79511510176,22299.064421135045,45278.327876357514,129700.03629616719,100362.46013094918,20010.84051434559,71445.19249999998,1554.4503131297533,-9654.19982615352
2017Q3,553719.9,301472.5,21324.7,90016.1,2385.6,107431.6,27262.8,86.6,4185.6,102234.9,98049.3,-445.7,557173.5,301625.0,21652.2,89806.9,2297.9,107609.8,27536.1,89.1,6556.4,98417.4,91861.0,21125.4,31558.8,10433.4,578298.9,1.006,1.001,1.015,0.998,1.002,1.01,0.963,0.937,273354.6,231893.01264175063,41707.45847096341,-1874.345,23608.443304348853,348.085,35218.7025,402493.56330434885,42118.41363963344,103835.09,3221.69,18319.610037287042,45191.025441368154,21892.140440430358,1003.4316931710705,3056.7575,55272.975396807495,70935.70725143042,30091.834149767863,299833.4787436237,77988.56448232701,25177.98085280434,22291.496121670756,45187.068255272185,130227.7271159377,100456.88325784438,21734.098304348852,72186.1625,3447.298824441328,-9309.290141853853
2017Q4,554307.0,302193.5,20701.9,90438.1,3153.3,107341.1,27318.3,91.6,3328.8,104098.1,100769.3,-259.6,556406.9,302957.2,21052.6,90442.3,3074.9,107604.0,27621.4,102.3,3552.2,100137.6,96585.5,20465.7,31531.7,11066.0,576872.7,1.004,1.003,1.0170000000000001,1.0,1.002,1.011,0.9620000000000001,0.958,274245.4,231961.28707771157,41957.86480631656,-1863.31,22778.346917985677,286.7875,35300.19,407382.23691798566,42626.38546337442,108738.98499999999,3196.0275,18384.48750039134,45800.05138447377,22459.02568016022,1036.0970586792307,3179.4674999999997,56634.414932229556,71278.20292697042,31115.63512575507,298617.8319482229,78279.39166268164,25492.75514352978,22307.898567455228,45803.02130629468,130736.23512261295,102411.41157557952,20915.036917985675,76921.60999999999,-3869.425846893224,-9591.658579718962
2018Q1,555011.0,302583.9,20202.5,91277.1,1475.4,108174.7,27510.2,59.8,3967.6,105366.9,101399.3,-240.4,557948.1,304664.0,20660.0,91328.6,1243.1,108699.0,27909.2,63.3,3381.0,101521.6,98140.6,19981.2,32004.8,12023.6,577929.3,1.005,1.0070000000000001,1.023,1.001,1.005,1.015,0.9640000000000001,0.968,277935.8,235105.10874221582,42223.15688678166,-1704.8924999999997,23554.785201614446,365.725,29741.149999999998,392735.6477016145,43162.46201153974,89414.1575,3170.0725,18508.522491836044,45852.84745360984,22598.831617342523,1058.787989342714,2699.31,55332.47542039668,71706.16304165089,29798.01308999443,300843.91194622475,78344.52065394429,25466.662197854494,22186.516213838186,45844.13582052342,131146.9638019512,101108.81110837235,21849.892701614448,63208.80500000001,10901.862675910874,-7228.16777768865
2018Q2,557177.0,303014.1,19570.6,92244.3,1775.5,108265.3,28051.1,-46.7,4585.4,106251.6,101666.1,-282.7,559716.2,304852.3,20151.0,92765.1,1928.5,108953.6,28700.2,-33.3,2398.8,102224.4,99825.5,21665.3,33592.7,11927.4,581381.5,1.005,1.006,1.03,1.006,1.006,1.023,0.9620000000000001,0.982,281072.6,239395.43394199584,42631.45723211658,-1078.5575000000001,22869.592765790738,321.46000000000004,31892.1875,409273.19526579074,43112.76364466036,102978.7775,3109.3225,18576.299352690665,46186.59390535227,22329.354798848082,1059.0374696761403,3063.525,57629.339953269315,72772.37542781097,31022.27848317062,296620.80613646767,78308.21878557454,26656.109481931377,22807.710531172233,46196.102799696455,131910.5300332188,103874.49076479845,21791.03526579074,74517.3725,-2934.8030987060047,-13727.139003916003
2018Q3,553131.0,302657.5,19626.7,89736.4,2111.4,108320.4,27673.0,-18.1,3263.0,104417.6,101154.6,-239.3,554857.2,305529.4,20261.5,90306.8,2090.6,108805.5,28402.6,-18.4,-520.9,102033.1,102554.0,21540.4,33685.9,12145.5,576397.6,1.003,1.0090000000000001,1.032,1.006,1.004,1.026,0.977,1.014,281856.8,239151.68142053855,42889.7116071238,-972.788125,23159.739030172917,322.401875,31771.56375,405457.55278017285,42567.596164451614,97914.23999999999,3177.16,18638.16955215025,45631.22299802416,22225.2582064734,1069.6218280831138,3044.4156249999996,57695.222395783625,72995.48434722463,30871.574170435302,302786.46991641086,78442.27852647656,26800.070127885894,22342.032392823196,45636.912427379706,132946.2068744281,103308.55672570091,22186.95090517292,69642.23812499999,-4598.656456980621,-8576.852872578602
2018Q4,552078.1,301729.8,19938.8,91491.4,3155.3,108877.6,27223.8,-46.9,-209.2,105689.8,105899.0,-82.4,552270.4,304069.4,20563.7,92309.3,3212.3,108996.5,28005.5,-69.5,-4816.9,101864.5,106681.4,22165.8,34557.2,12391.3,574436.2,1.0,1.008,1.031,1.0090000000000001,1.001,1.0290000000000001,0.9640000000000001,1.0070000000000001,283584.6,240067.1124322594,42973.46906622183,-836.141875,25283.334453238054,392.65375,30736.85125,399901.785078238,43080.12675228924,88230.805,3246.53375,18739.587254422822,45966.83659793532,22622.865839109483,1096.3499505237692,2890.68375,57579.35919521717,73152.07738565197,30809.04563720223,305609.3748381809,78450.80587807592,26826.94784468664,22242.527015228487,45961.742804861744,134192.76272195505,103597.73628675062,24447.192578238053,61133.14124999999,-2729.4068550547818,-8485.093720278877
2019Q1,554673.7,302532.2,20452.9,91789.3,1600.4,109286.0,27799.2,-165.6,1497.4,103679.0,102181.6,-118.0,558434.6,305050.7,21137.5,92615.3,1410.8,109695.7,28616.1,-150.8,59.3,98826.6,98767.2,21629.6,33723.9,12094.3,580064.3,1.0070000000000001,1.008,1.033,1.0090000000000001,1.004,1.0290000000000001,0.953,0.9670000000000001,283381.4,239475.1526097223,43150.664493497425,-654.4406249999997,22987.558912349625,313.88812499999995,32012.501874999998,395041.9882873497,43069.73747404855,85699.15375,3314.428125,18843.505755393537,46067.70966282583,22887.67998555556,1058.0388663336912,2996.910625,58364.598729590005,73150.82072144846,32037.953190548036,306391.5283421123,78892.84928162454,26385.95630873945,22113.155420430234,46058.87427231949,135892.9997406612,104482.78377160698,22333.118287349625,57314.96812499999,6067.248324669548,-5694.007814865385
2019Q2,557509.9,302902.0,20734.8,91926.1,3307.7,110326.6,27818.5,-30.3,652.6,104018.9,103366.4,-128.1,562554.7,306692.5,21531.1,92942.0,3442.5,111125.3,28788.8,-18.9,-1948.4,98114.2,100062.6,22037.7,34578.0,12540.3,584592.4,1.0090000000000001,1.013,1.038,1.011,1.0070000000000001,1.035,0.943,0.968,286662.4,243999.18414347473,43831.12557643355,-502.39687500000014,22922.067383271067,311.140625,31173.034375,407966.56738327106,43722.7118147674,95487.946875,3085.4093749999997,18930.959648657165,46808.73399729678,23386.023313826106,992.1906506818221,3051.56875,55092.09980671458,74375.7237017821,29800.76452344756,303192.2656390807,79393.13979699979,25299.525275584754,22435.595099062473,46813.8090635704,136908.87286064355,101914.09886260271,22419.67050827107,67711.4625,-4045.2805574850645,-12781.887690960488
2019Q3,557576.6,304674.5,20906.4,94052.7,202.9,111159.3,28129.6,-51.1,-1383.9,104286.2,105670.0,-113.8,562300.8,308419.4,21720.5,94866.3,145.8,111568.1,29170.5,-53.3,-3536.5,96893.2,100429.7,22207.3,35347.2,13139.9,584508.1,1.008,1.012,1.0390000000000001,1.0090000000000001,1.004,1.037,0.929,0.95,287092.7,243349.69865600296,43887.03691639976,-482.8895833333331,22988.591463536144,315.50625,30054.182291666664,402396.25188020285,43772.66070113969,89350.371875,3131.9718749999997,19007.11425390527,46806.51343938452,23381.42410579102,993.2578656297435,3042.0114583333334,56060.32678929152,74317.3803796555,30515.096381710257,307234.1456590101,79392.4732213729,25552.958932801546,22440.600858963397,46815.28283038416,137479.08257216174,102883.33814489597,22505.70188020281,62743.667708333334,859.4941755846376,-7461.324556199834
2019Q4,542318.9,293600.2,20506.6,87451.9,1023.3,111171.8,28337.3,20.2,361.2,103667.0,103305.8,-153.5,550097.0,298109.9,21653.8,88543.2,822.5,112448.8,29681.7,26.3,-1189.1,96015.7,97204.8,21373.5,33928.9,12555.4,571470.5,1.014,1.015,1.056,1.012,1.011,1.047,0.9259999999999999,0.941,289584.3,245110.98311136564,43854.5932353594,-254.5291666666668,21816.159263625166,291.90937499999995,29141.265625,392280.04780529183,43122.12521240996,77671.51354166666,3170.694791666667,19097.900949211344,46155.93612268268,22931.522507095728,915.9915290693392,3037.566666666667,56335.641779101374,74411.07815930243,30438.777558071914,309457.0102743705,79505.47474976494,25893.690402030654,22307.401541967658,46154.91557813273,137562.34122718454,102487.3835382353,21561.6300969585,51992.85208333333,-1489.2379439424258,-5740.333646645304
2020Q1,544665.7,295965.8,19500.2,89811.3,710.0,111303.9,28066.2,19.4,-718.0,98857.8,99575.8,6.7,553878.2,301134.5,20669.8,91004.8,696.2,112207.0,29444.3,25.1,-1303.5,92174.9,93478.4,21415.3,33050.7,11635.4,575293.6,1.0170000000000001,1.0170000000000001,1.06,1.013,1.008,1.0490000000000002,0.932,0.9390000000000001,288498.1,244068.98588016504,43722.25782538954,-53.98124999999982,22289.477642732887,310.3875,32612.916666666664,399255.4599343996,42667.51646310421,85026.21145833333,3185.2645833333336,19131.72983303345,46195.54071620773,22977.198875017482,861.343085318539,3505.9989583333336,57875.30601244278,74561.64351475655,30589.880687811383,314511.63049853116,79568.79034234493,27160.249630022645,22345.255751121633,46183.79771145765,136992.27364230508,103933.92802929168,22235.496392732886,55908.946874999994,-3632.0323298290023,-3306.1299506453797
2020Q2,501370.3,270444.6,19489.7,83572.0,2668.8,111726.9,29096.9,-29.5,-16697.3,81252.8,97950.1,1098.3,512525.0,275163.8,20469.8,84021.3,1487.3,111633.9,30286.1,-25.8,-10511.3,72859.5,83370.9,17868.3,28363.5,10495.2,530393.4,1.022,1.0170000000000001,1.05,1.005,0.9990000000000001,1.041,0.897,0.851,280140.7,237433.68698342913,43594.60752250424,-728.0458333333333,23123.33892731739,321.0333333333333,27204.141666666666,355218.2139273174,43618.02830917007,49020.69166666665,3340.4958333333334,19214.982299533145,46737.75275043581,24538.084271861673,849.7743664471072,3108.8999999999996,55732.89732446888,73301.09346300979,30270.109060922772,334668.43301398924,79913.35858502596,25444.35132357013,21344.252178099738,46732.110816408516,136511.37539843007,102446.57120090141,22395.293093984055,25478.079166666652,-4959.500142155972,27858.096358911775
2020Q3,527957.4,284840.4,18576.5,83232.0,181.9,114127.2,29389.0,17.9,-2683.3,88357.1,91040.4,275.9,538980.4,289479.3,19548.5,83713.9,-1.2,114435.1,30736.7,27.4,1040.8,80601.4,79560.6,18379.9,29077.9,10698.0,557360.3,1.021,1.016,1.052,1.006,1.003,1.046,0.912,0.8740000000000001,281775.0,238839.4673290481,43550.904932989804,-545.1291666666664,22675.404389859505,301.75,28419.14166666667,367773.9127231928,45563.79933803469,60228.12499999999,3338.7625,19283.562519610783,48673.28130682067,26097.34775902506,796.2250505676001,3160.3500000000004,55458.28782339718,73593.60587908888,30140.838369964764,318230.56660499034,80169.87265850119,25323.429192987038,21788.605074125142,48682.1778837178,135959.98028873623,104146.4454466696,22130.27522319284,35449.49583333332,8104.57910435315,8925.592139016546
2020Q4,537791.8,289370.6,18562.0,84243.2,-818.3,114961.0,30023.2,-96.5,1692.1,97786.9,96094.8,-145.6,546104.8,291880.7,19467.6,84605.1,-885.4,114362.7,31351.8,-78.0,5400.3,89138.4,83738.2,19999.8,29369.4,9369.6,566104.7,1.015,1.0090000000000001,1.0490000000000002,1.004,0.995,1.044,0.912,0.871,283997.6,239549.08518796737,43481.88965413929,-830.4791666666667,21676.924140553827,308.6333333333333,28915.225000000002,384736.6824738871,47089.32005524578,76234.42499999999,3349.579166666667,19381.686092105407,49934.92001350993,27405.309068000395,803.9056146800252,2884.5666666666666,55807.12702071292,73489.47312188978,30295.435871023292,309143.5773535422,80429.46408653574,25499.09094694924,21686.803319362083,49896.0180020425,135479.08204486125,105690.54482001503,20846.44497388716,50977.412499999984,-1122.6158541241894,-2090.7268806342036
2021Q1,534867.8,287101.7,18723.3,84577.7,-195.0,114245.9,29524.2,-25.3,1012.6,99945.3,98932.7,-97.4,543564.5,291117.5,19902.5,85427.7,-374.3,114513.7,31086.2,-37.6,1928.8,93639.9,91711.1,20152.1,30489.4,10337.3,563716.6,1.016,1.014,1.063,1.01,1.002,1.053,0.937,0.927,289475.4,241910.61888131025,43448.20751736235,-667.4277777777777,26737.30915854965,383.4611111111111,31954.605555555554,401047.992491883,46483.177779567886,81722.45555555554,3396.7944444444447,19120.151599307213,50748.10122641849,27660.881442413396,839.2259428163136,4282.75,56569.88309055328,73720.8159755962,30026.344523555028,318169.94056936033,79563.66712262551,26540.921141496496,22285.867783941816,50785.97516917152,135209.6743984428,107353.24083422305,26069.881380771873,53548.10555555554,-19044.292059497326,-5813.880768219184
2021Q2,537992.3,289058.7,18917.1,86267.9,-177.7,115084.0,28514.8,-20.0,392.8,103043.8,102651.0,-45.0,544693.4,291898.5,20552.9,87863.0,-469.6,115643.5,30347.9,-23.6,-1119.1,99495.9,100615.0,20637.5,31374.5,10737.1,565330.9,1.012,1.01,1.0859999999999999,1.018,1.005,1.064,0.966,0.98,288351.7,,,,,,,,,,,,,,,,,,,,,,,,,,,,,
2021Q3,534176.4,286247.1,18611.3,84189.0,330.0,116361.8,27648.9,-63.6,1077.7,102744.0,101666.3,-225.9,538923.3,289524.1,20887.8,86342.6,-150.4,117732.0,29719.6,-125.6,-5006.8,101075.6,106082.4,20418.6,31010.8,10592.2,559341.9,1.0090000000000001,1.011,1.122,1.026,1.012,1.075,0.9840000000000001,1.043,288140.6,,,,,,,,,,,,,,,,,,,,,,,,,,,,,
2021Q4,540210.6,293173.3,18431.3,84476.4,-411.7,115953.8,26594.9,0.5,2406.3,103700.8,101294.6,-414.2,540745.2,295165.2,21091.0,87218.0,-745.6,116658.3,28902.6,-3.0,-7541.2,105084.9,112626.2,21435.6,32661.7,11226.1,562180.8,1.001,1.0070000000000001,1.1440000000000001,1.032,1.006,1.087,1.013,1.112,287116.0,,,,,,,,,,,,,,,,,,,,,,,,,,,,,
