variable,role,eq_model,eq_paper,paper_role,paper_name,paper_unit,paper_source,paper_source_full,model_unit,status,source_used,raw_file,transform,unit_conversion,missing_handling,constant_value,first_valid,last_valid,n_missing_window,n_missing_solve_period,issue
GDP,内生,2,2,内生,国内総生産(実質),10億円,"CAO,SNA",内閣府 国民経済計算・固定資本ストック速報,10億円・季調年率,論文どおり,ESRI 2015年基準 四半期GDP速報 実質（連鎖）季節調整系列 2025年4-6月期2次QE + 2022年度年次推計,data/raw/gaku-jk2522.csv,そのまま,10億円・年率（公表単位のまま）,なし,,2010Q1,2021Q4,0,0,
CP,内生,3,3,内生,民間最終消費支出(実質),10億円,"CAO,SNA",内閣府 国民経済計算・固定資本ストック速報,10億円・季調年率,論文どおり,ESRI 2015年基準 四半期GDP速報 実質（連鎖）季節調整系列 2025年4-6月期2次QE + 2022年度年次推計,data/raw/gaku-jk2522.csv,そのまま,10億円・年率（公表単位のまま）,なし,,2010Q1,2021Q4,0,0,
IHP,内生,5,5,内生,民間住宅固定資本形成(実質）,10億円,"CAO,SNA",内閣府 国民経済計算・固定資本ストック速報,10億円・季調年率,論文どおり,ESRI 2015年基準 四半期GDP速報 実質（連鎖）季節調整系列 2025年4-6月期2次QE + 2022年度年次推計,data/raw/gaku-jk2522.csv,そのまま,10億円・年率（公表単位のまま）,なし,,2010Q1,2021Q4,0,0,
IFP,内生,4,4,内生,民間企業設備固定資本形成(実質),10億円,"CAO,SNA",内閣府 国民経済計算・固定資本ストック速報,10億円・季調年率,論文どおり,ESRI 2015年基準 四半期GDP速報 実質（連鎖）季節調整系列 2025年4-6月期2次QE + 2022年度年次推計,data/raw/gaku-jk2522.csv,そのまま,10億円・年率（公表単位のまま）,なし,,2010Q1,2021Q4,0,0,
INP,内生,6,6,内生,民間企業在庫品増加(実質),10億円,"CAO,SNA",内閣府 国民経済計算・固定資本ストック速報,10億円・季調年率,論文どおり,ESRI 2015年基準 四半期GDP速報 実質（連鎖）季節調整系列 2025年4-6月期2次QE + 2022年度年次推計,data/raw/gaku-jk2522.csv,そのまま,10億円・年率（公表単位のまま）,なし,,2010Q1,2021Q4,0,0,
CG,内生,7,7,内生,政府最終消費支出(実質),10億円,"CAO,SNA",内閣府 国民経済計算・固定資本ストック速報,10億円・季調年率,論文どおり,ESRI 2015年基準 四半期GDP速報 実質（連鎖）季節調整系列 2025年4-6月期2次QE + 2022年度年次推計,data/raw/gaku-jk2522.csv,そのまま,10億円・年率（公表単位のまま）,なし,,2010Q1,2021Q4,0,0,
IG,外生,,,外生,公的固定資本形成（実質）,10億円,"CAO,SNA",内閣府 国民経済計算・固定資本ストック速報,10億円・季調年率,論文どおり,ESRI 2015年基準 四半期GDP速報 実質（連鎖）季節調整系列 2025年4-6月期2次QE + 2022年度年次推計,data/raw/gaku-jk2522.csv,そのまま,10億円・年率（公表単位のまま）,なし,,2010Q1,2021Q4,0,0,
ING,外生,,,外生,公的在庫品増加(実質),10億円,"CAO,SNA",内閣府 国民経済計算・固定資本ストック速報,10億円・季調年率,論文どおり,ESRI 2015年基準 四半期GDP速報 実質（連鎖）季節調整系列 2025年4-6月期2次QE + 2022年度年次推計,data/raw/gaku-jk2522.csv,そのまま,10億円・年率（公表単位のまま）,なし,,2010Q1,2021Q4,0,0,
BF,内生,8,8,内生,財貨・サービスの純輸出(実質),10億円,"CAO,SNA",内閣府 国民経済計算・固定資本ストック速報,10億円・季調年率,論文どおり,ESRI 2015年基準 四半期GDP速報 実質（連鎖）季節調整系列 2025年4-6月期2次QE + 2022年度年次推計,data/raw/gaku-jk2522.csv,そのまま,10億円・年率（公表単位のまま）,なし,,2010Q1,2021Q4,0,0,
XGS,内生,9,9,内生,財貨・サービスの輸出(実質),10億円,"CAO,SNA",内閣府 国民経済計算・固定資本ストック速報,10億円・季調年率,論文どおり,ESRI 2015年基準 四半期GDP速報 実質（連鎖）季節調整系列 2025年4-6月期2次QE + 2022年度年次推計,data/raw/gaku-jk2522.csv,そのまま,10億円・年率（公表単位のまま）,なし,,2010Q1,2021Q4,0,0,
MGS,内生,10,10,内生,財貨・サービスの輸入(実質),10億円,"CAO,SNA",内閣府 国民経済計算・固定資本ストック速報,10億円・季調年率,論文どおり,ESRI 2015年基準 四半期GDP速報 実質（連鎖）季節調整系列 2025年4-6月期2次QE + 2022年度年次推計,data/raw/gaku-jk2522.csv,そのまま,10億円・年率（公表単位のまま）,なし,,2010Q1,2021Q4,0,0,
KAISA,外生,,,論文にない,,,,,10億円・季調年率,論文にない補助変数,ESRI 四半期GDP速報 実質 開差（連鎖方式の不突合）,data/raw/gaku-jk2522.csv,式2（実質GDPの定義式）を実績で閉じるために使用,10億円・年率,なし,,2010Q1,2021Q4,0,0,
GDPV,内生,13,13,内生,国内総生産(名目),10億円,"CAO,SNA",内閣府 国民経済計算・固定資本ストック速報,10億円・季調年率,論文どおり,ESRI 2015年基準 四半期GDP速報 名目 季節調整系列 2025年4-6月期2次QE + 2022年度年次推計,data/raw/gaku-mk2522.csv,そのまま,10億円・年率,なし,,2010Q1,2021Q4,0,0,
CPV,内生,14,14,内生,民間最終消費支出(名目),10億円,"CAO,SNA",内閣府 国民経済計算・固定資本ストック速報,10億円・季調年率,論文どおり,ESRI 2015年基準 四半期GDP速報 名目 季節調整系列 2025年4-6月期2次QE + 2022年度年次推計,data/raw/gaku-mk2522.csv,そのまま,10億円・年率,なし,,2010Q1,2021Q4,0,0,
IHPV,内生,16,16,内生,民間住宅固定資本形成(名目）,10億円,"CAO,SNA",内閣府 国民経済計算・固定資本ストック速報,10億円・季調年率,論文どおり,ESRI 2015年基準 四半期GDP速報 名目 季節調整系列 2025年4-6月期2次QE + 2022年度年次推計,data/raw/gaku-mk2522.csv,そのまま,10億円・年率,なし,,2010Q1,2021Q4,0,0,
IFPV,内生,15,15,内生,民間企業設備固定資本形成(名目),10億円,"CAO,SNA",内閣府 国民経済計算・固定資本ストック速報,10億円・季調年率,論文どおり,ESRI 2015年基準 四半期GDP速報 名目 季節調整系列 2025年4-6月期2次QE + 2022年度年次推計,data/raw/gaku-mk2522.csv,そのまま,10億円・年率,なし,,2010Q1,2021Q4,0,0,
INPV,内生,17,17,内生,民間企業在庫品増加(名目),10億円,"CAO,SNA",内閣府 国民経済計算・固定資本ストック速報,10億円・季調年率,論文どおり,ESRI 2015年基準 四半期GDP速報 名目 季節調整系列 2025年4-6月期2次QE + 2022年度年次推計,data/raw/gaku-mk2522.csv,そのまま,10億円・年率,なし,,2010Q1,2021Q4,0,0,
CGV,内生,18,18,内生,政府最終消費支出(名目),10億円,"CAO,SNA",内閣府 国民経済計算・固定資本ストック速報,10億円・季調年率,論文どおり,ESRI 2015年基準 四半期GDP速報 名目 季節調整系列 2025年4-6月期2次QE + 2022年度年次推計,data/raw/gaku-mk2522.csv,そのまま,10億円・年率,なし,,2010Q1,2021Q4,0,0,
IGV,内生,19,19,内生,公的固定資本形成(名目),10億円,"CAO,SNA",内閣府 国民経済計算・固定資本ストック速報,10億円・季調年率,論文どおり,ESRI 2015年基準 四半期GDP速報 名目 季節調整系列 2025年4-6月期2次QE + 2022年度年次推計,data/raw/gaku-mk2522.csv,そのまま,10億円・年率,なし,,2010Q1,2021Q4,0,0,
INGV,内生,20,20,内生,公的在庫品増加(名目),10億円,"CAO,SNA",内閣府 国民経済計算・固定資本ストック速報,10億円・季調年率,論文どおり,ESRI 2015年基準 四半期GDP速報 名目 季節調整系列 2025年4-6月期2次QE + 2022年度年次推計,data/raw/gaku-mk2522.csv,そのまま,10億円・年率,なし,,2010Q1,2021Q4,0,0,
BFV,内生,21,21,内生,財貨・サービスの純輸出(名目),10億円,"CAO,SNA",内閣府 国民経済計算・固定資本ストック速報,10億円・季調年率,論文どおり,ESRI 2015年基準 四半期GDP速報 名目 季節調整系列 2025年4-6月期2次QE + 2022年度年次推計,data/raw/gaku-mk2522.csv,そのまま,10億円・年率,なし,,2010Q1,2021Q4,0,0,
XGSV,内生,22,22,内生,財貨・サービスの輸出(名目),10億円,"CAO,SNA",内閣府 国民経済計算・固定資本ストック速報,10億円・季調年率,論文どおり,ESRI 2015年基準 四半期GDP速報 名目 季節調整系列 2025年4-6月期2次QE + 2022年度年次推計,data/raw/gaku-mk2522.csv,そのまま,10億円・年率,なし,,2010Q1,2021Q4,0,0,
MGSV,内生,23,23,内生,財貨・サービスの輸入(名目),10億円,"CAO,SNA",内閣府 国民経済計算・固定資本ストック速報,10億円・季調年率,論文どおり,ESRI 2015年基準 四半期GDP速報 名目 季節調整系列 2025年4-6月期2次QE + 2022年度年次推計,data/raw/gaku-mk2522.csv,そのまま,10億円・年率,なし,,2010Q1,2021Q4,0,0,
RTRIV,内生,143,143,内生,海外からの要素所得,10億円,"CAO,SNA",内閣府 国民経済計算・固定資本ストック速報,10億円・季調年率,論文どおり,ESRI 2015年基準 四半期GDP速報 名目 季節調整系列 2025年4-6月期2次QE + 2022年度年次推計,data/raw/gaku-mk2522.csv,そのまま,10億円・年率,なし,,2010Q1,2021Q4,0,0,
PTRIV,内生,144,144,内生,海外への要素所得,10億円,"CAO,SNA",内閣府 国民経済計算・固定資本ストック速報,10億円・季調年率,論文どおり,ESRI 2015年基準 四半期GDP速報 名目 季節調整系列 2025年4-6月期2次QE + 2022年度年次推計,data/raw/gaku-mk2522.csv,そのまま,10億円・年率,なし,,2010Q1,2021Q4,0,0,
PGDP,内生,71,71,内生,GDPデフレータ,2015年=1,"CAO,SNA",内閣府 国民経済計算・固定資本ストック速報,2015年=1,論文どおり,ESRI 四半期GDP速報 デフレーター（季調系列）,"data/raw/def-qk2522.csv, gaku-mk2522.csv, gaku-jk2522.csv",sna.py が def-qk を読むが、build_data.py で名目÷実質に置き換える（公表値と一致、丸め誤差を避ける）,2015年=100 → 2015年=1,なし,,2010Q1,2021Q4,0,0,
PCP,内生,73,73,内生,民間最終消費支出デフレータ,2015年=1,"CAO,SNA",内閣府 国民経済計算・固定資本ストック速報,2015年=1,論文どおり,ESRI 四半期GDP速報 デフレーター（季調系列）,"data/raw/def-qk2522.csv, gaku-mk2522.csv, gaku-jk2522.csv",sna.py が def-qk を読むが、build_data.py で名目÷実質に置き換える（公表値と一致、丸め誤差を避ける）,2015年=100 → 2015年=1,なし,,2010Q1,2021Q4,0,0,
PIHP,内生,76,76,内生,民間住宅投資デフレータ,2015年=1,"CAO,SNA",内閣府 国民経済計算・固定資本ストック速報,2015年=1,論文どおり,ESRI 四半期GDP速報 デフレーター（季調系列）,"data/raw/def-qk2522.csv, gaku-mk2522.csv, gaku-jk2522.csv",sna.py が def-qk を読むが、build_data.py で名目÷実質に置き換える（公表値と一致、丸め誤差を避ける）,2015年=100 → 2015年=1,なし,,2010Q1,2021Q4,0,0,
PIFP,内生,75,75,内生,民間企業設備投資デフレータ,2015年=1,"CAO,SNA",内閣府 国民経済計算・固定資本ストック速報,2015年=1,論文どおり,ESRI 四半期GDP速報 デフレーター（季調系列）,"data/raw/def-qk2522.csv, gaku-mk2522.csv, gaku-jk2522.csv",sna.py が def-qk を読むが、build_data.py で名目÷実質に置き換える（公表値と一致、丸め誤差を避ける）,2015年=100 → 2015年=1,なし,,2010Q1,2021Q4,0,0,
PCG,内生,78,78,内生,政府最終消費支出デフレータ,2015年=1,"CAO,SNA",内閣府 国民経済計算・固定資本ストック速報,2015年=1,論文どおり,ESRI 四半期GDP速報 デフレーター（季調系列）,"data/raw/def-qk2522.csv, gaku-mk2522.csv, gaku-jk2522.csv",sna.py が def-qk を読むが、build_data.py で名目÷実質に置き換える（公表値と一致、丸め誤差を避ける）,2015年=100 → 2015年=1,なし,,2010Q1,2021Q4,0,0,
PIG,内生,79,79,内生,公的固定資本形成デフレータ,2015年=1,"CAO,SNA",内閣府 国民経済計算・固定資本ストック速報,2015年=1,論文どおり,ESRI 四半期GDP速報 デフレーター（季調系列）,"data/raw/def-qk2522.csv, gaku-mk2522.csv, gaku-jk2522.csv",sna.py が def-qk を読むが、build_data.py で名目÷実質に置き換える（公表値と一致、丸め誤差を避ける）,2015年=100 → 2015年=1,なし,,2010Q1,2021Q4,0,0,
PXGS,内生,65,65,内生,財貨・サービス輸出デフレータ,2015年=1,"CAO,SNA",内閣府 国民経済計算・固定資本ストック速報,2015年=1,論文どおり,ESRI 四半期GDP速報 デフレーター（季調系列）,"data/raw/def-qk2522.csv, gaku-mk2522.csv, gaku-jk2522.csv",sna.py が def-qk を読むが、build_data.py で名目÷実質に置き換える（公表値と一致、丸め誤差を避ける）,2015年=100 → 2015年=1,なし,,2010Q1,2021Q4,0,0,
PMGS,内生,80,80,内生,財貨・サービスの輸入デフレータ,2015年=1,"CAO,SNA",内閣府 国民経済計算・固定資本ストック速報,2015年=1,論文どおり,ESRI 四半期GDP速報 デフレーター（季調系列）,"data/raw/def-qk2522.csv, gaku-mk2522.csv, gaku-jk2522.csv",sna.py が def-qk を読むが、build_data.py で名目÷実質に置き換える（公表値と一致、丸め誤差を避ける）,2015年=100 → 2015年=1,なし,,2010Q1,2021Q4,0,0,
YWV,内生,89,89,内生,雇用者報酬,10億円,"CAO,SNA",内閣府 国民経済計算・固定資本ストック速報,10億円・季調年率,同種統計・加工差,ESRI 四半期GDP速報 雇用者報酬 名目 季節調整系列（kshotoku 表）,data/raw/kshotoku-q2522.csv,公式季調値をそのまま使用（自前の移動平均比率法との差 0.15%）,10億円・年率,公表のない四半期は年次推計の原系列を自前で季調,,2010Q1,2021Q4,0,0,
YWIV,内生,94,94,内生,賃金・俸給総額,10億円,"CAO,SNA",内閣府 国民経済計算・固定資本ストック速報,10億円・季調年率,同種統計・加工差,ESRI 2022年度年次推計 国民所得の分配（qom2）・一般政府 所得支出勘定（i4）・家計 所得支出勘定（i5）の四半期原系列,"data/raw/2022qom2_jp.xlsx, 2022i4_jp.xlsx, 2022i5_jp.xlsx",移動平均比率法（2×4中心化移動平均、季節因子は5年移動平均）で季調。YIGV・SUBV は加法型、YICV は加法型,10億円（四半期原系列）×4 → 年率,なし（論文と同じ版は 2021Q4 まで）,,2010Q1,2021Q4,0,0,
YOLIV,内生,86,86,内生,社会保障雇主負担,10億円,"CAO,SNA",内閣府 国民経済計算・固定資本ストック速報,10億円・季調年率,同種統計・加工差,ESRI 2022年度年次推計 国民所得の分配（qom2）・一般政府 所得支出勘定（i4）・家計 所得支出勘定（i5）の四半期原系列,"data/raw/2022qom2_jp.xlsx, 2022i4_jp.xlsx, 2022i5_jp.xlsx",移動平均比率法（2×4中心化移動平均、季節因子は5年移動平均）で季調。YIGV・SUBV は加法型、YICV は加法型,10億円（四半期原系列）×4 → 年率,なし（論文と同じ版は 2021Q4 まで）,,2010Q1,2021Q4,0,0,
YIGV,内生,138,138,内生,一般政府財産所得,10億円,"CAO,SNA",内閣府 国民経済計算・固定資本ストック速報,10億円・季調年率,同種統計・加工差,ESRI 2022年度年次推計 国民所得の分配（qom2）・一般政府 所得支出勘定（i4）・家計 所得支出勘定（i5）の四半期原系列,"data/raw/2022qom2_jp.xlsx, 2022i4_jp.xlsx, 2022i5_jp.xlsx",移動平均比率法（2×4中心化移動平均、季節因子は5年移動平均）で季調。YIGV・SUBV は加法型、YICV は加法型,10億円（四半期原系列）×4 → 年率,なし（論文と同じ版は 2021Q4 まで）,,2010Q1,2021Q4,0,0,
YIEV,内生,104,104,内生,家計財産所得,10億円,"CAO,SNA",内閣府 国民経済計算・固定資本ストック速報,10億円・季調年率,定義の解釈,ESRI 2022年度年次推計 家計 財産所得（純、受取）− うち賃貸料,data/raw/2022qom2_jp.xlsx,賃貸料を除いた金融的財産所得（利子・配当・その他）。論文乗数表から逆算した法人企業所得の水準と式104の定式化から特定,10億円×4 → 年率,なし,,2010Q1,2021Q4,0,0,
YICV,内生,91,91,内生,個人企業所得,10億円,"CAO,SNA",内閣府 国民経済計算・固定資本ストック速報,10億円・季調年率,同種統計・加工差,ESRI 2022年度年次推計 国民所得の分配（qom2）・一般政府 所得支出勘定（i4）・家計 所得支出勘定（i5）の四半期原系列,"data/raw/2022qom2_jp.xlsx, 2022i4_jp.xlsx, 2022i5_jp.xlsx",移動平均比率法（2×4中心化移動平均、季節因子は5年移動平均）で季調。YIGV・SUBV は加法型、YICV は加法型,10億円（四半期原系列）×4 → 年率,なし（論文と同じ版は 2021Q4 まで）,,2010Q1,2021Q4,0,0,
NIV,内生,83,83,内生,要素価格表示国民所得,10億円,"CAO,SNA",内閣府 国民経済計算・固定資本ストック速報,10億円・季調年率,定義式,YWV + YIV + YICV + YCV（式83。年次推計の国民所得を直接季調すると法人企業所得に季節性が残るため定義式で作る）,,,10億円・年率,なし,,2010Q1,2021Q4,0,0,
ENTV,補助（未使用）,,,論文にない,,,,,10億円・季調年率,中間系列（モデル未使用）,ESRI 2022年度年次推計 企業所得、家計財産所得のうち賃貸料,data/raw/2022qom2_jp.xlsx,YCV・YIEV の作成に使用。model.py からは参照されない,10億円×4 → 年率,なし,,2010Q1,2021Q4,0,0,
RENTHH,補助（未使用）,,,論文にない,,,,,10億円・季調年率,中間系列（モデル未使用）,ESRI 2022年度年次推計 企業所得、家計財産所得のうち賃貸料,data/raw/2022qom2_jp.xlsx,YCV・YIEV の作成に使用。model.py からは参照されない,10億円×4 → 年率,なし,,2010Q1,2021Q4,0,0,
CCAVG,内生,139,139,内生,固定資本減耗（一般政府分）,10億円,"CAO,SNA",内閣府 国民経済計算・固定資本ストック速報,10億円・季調年率,同種統計・加工差,ESRI 2022年度年次推計 国民所得の分配（qom2）・一般政府 所得支出勘定（i4）・家計 所得支出勘定（i5）の四半期原系列,"data/raw/2022qom2_jp.xlsx, 2022i4_jp.xlsx, 2022i5_jp.xlsx",移動平均比率法（2×4中心化移動平均、季節因子は5年移動平均）で季調。YIGV・SUBV は加法型、YICV は加法型,10億円（四半期原系列）×4 → 年率,なし（論文と同じ版は 2021Q4 まで）,,2010Q1,2021Q4,0,0,
TCIV,内生,134,134,内生,消費税,10億円,"CAO,SNA",内閣府 国民経済計算・固定資本ストック速報,10億円・季調年率,同種統計・加工差,ESRI 2022年度年次推計 国民所得の分配（qom2）・一般政府 所得支出勘定（i4）・家計 所得支出勘定（i5）の四半期原系列,"data/raw/2022qom2_jp.xlsx, 2022i4_jp.xlsx, 2022i5_jp.xlsx",移動平均比率法（2×4中心化移動平均、季節因子は5年移動平均）で季調。YIGV・SUBV は加法型、YICV は加法型,10億円（四半期原系列）×4 → 年率,なし（論文と同じ版は 2021Q4 まで）,,2010Q1,2021Q4,0,0,
TCSTV,内生,135,135,内生,関税,10億円,"CAO,SNA",内閣府 国民経済計算・固定資本ストック速報,10億円・季調年率,同種統計・加工差,ESRI 2022年度年次推計 国民所得の分配（qom2）・一般政府 所得支出勘定（i4）・家計 所得支出勘定（i5）の四半期原系列,"data/raw/2022qom2_jp.xlsx, 2022i4_jp.xlsx, 2022i5_jp.xlsx",移動平均比率法（2×4中心化移動平均、季節因子は5年移動平均）で季調。YIGV・SUBV は加法型、YICV は加法型,10億円（四半期原系列）×4 → 年率,なし（論文と同じ版は 2021Q4 まで）,,2010Q1,2021Q4,0,0,
SUBV,外生,,,外生,補助金,10億円,"CAO,SNA",内閣府 国民経済計算・固定資本ストック速報,10億円・季調年率,同種統計・加工差,ESRI 2022年度年次推計 国民所得の分配（qom2）・一般政府 所得支出勘定（i4）・家計 所得支出勘定（i5）の四半期原系列,"data/raw/2022qom2_jp.xlsx, 2022i4_jp.xlsx, 2022i5_jp.xlsx",移動平均比率法（2×4中心化移動平均、季節因子は5年移動平均）で季調。YIGV・SUBV は加法型、YICV は加法型,10億円（四半期原系列）×4 → 年率,なし（論文と同じ版は 2021Q4 まで）,,2010Q1,2021Q4,0,0,
CSSV,内生,137,137,内生,社会保障負担,10億円,"CAO,SNA",内閣府 国民経済計算・固定資本ストック速報,10億円・季調年率,同種統計・加工差,ESRI 2022年度年次推計 国民所得の分配（qom2）・一般政府 所得支出勘定（i4）・家計 所得支出勘定（i5）の四半期原系列,"data/raw/2022qom2_jp.xlsx, 2022i4_jp.xlsx, 2022i5_jp.xlsx",移動平均比率法（2×4中心化移動平均、季節因子は5年移動平均）で季調。YIGV・SUBV は加法型、YICV は加法型,10億円（四半期原系列）×4 → 年率,なし（論文と同じ版は 2021Q4 まで）,,2010Q1,2021Q4,0,0,
TYPV,内生,130,130,内生,個人所得税(所得・富等に課される経常税(家計分)),10億円,"CAO,SNA",内閣府 国民経済計算・固定資本ストック速報,10億円・季調年率,同種統計・加工差,ESRI 2022年度年次推計 国民所得の分配（qom2）・一般政府 所得支出勘定（i4）・家計 所得支出勘定（i5）の四半期原系列,"data/raw/2022qom2_jp.xlsx, 2022i4_jp.xlsx, 2022i5_jp.xlsx",移動平均比率法（2×4中心化移動平均、季節因子は5年移動平均）で季調。YIGV・SUBV は加法型、YICV は加法型,10億円（四半期原系列）×4 → 年率,なし（論文と同じ版は 2021Q4 まで）,,2010Q1,2021Q4,0,0,
YDV,内生,90,90,内生,個人可処分所得,10億円,"CAO,SNA",内閣府 国民経済計算・固定資本ストック速報,10億円・季調年率,同種統計・加工差,ESRI 2022年度年次推計 国民所得の分配（qom2）・一般政府 所得支出勘定（i4）・家計 所得支出勘定（i5）の四半期原系列,"data/raw/2022qom2_jp.xlsx, 2022i4_jp.xlsx, 2022i5_jp.xlsx",移動平均比率法（2×4中心化移動平均、季節因子は5年移動平均）で季調。YIGV・SUBV は加法型、YICV は加法型,10億円（四半期原系列）×4 → 年率,なし（論文と同じ版は 2021Q4 まで）,,2010Q1,2021Q4,0,0,
BSSV,内生,140,140,内生,社会保障給付,10億円,"CAO,SNA",内閣府 国民経済計算・固定資本ストック速報,10億円・季調年率,同種統計・加工差,ESRI 2022年度年次推計 国民所得の分配（qom2）・一般政府 所得支出勘定（i4）・家計 所得支出勘定（i5）の四半期原系列,"data/raw/2022qom2_jp.xlsx, 2022i4_jp.xlsx, 2022i5_jp.xlsx",移動平均比率法（2×4中心化移動平均、季節因子は5年移動平均）で季調。YIGV・SUBV は加法型、YICV は加法型,10億円（四半期原系列）×4 → 年率,なし（論文と同じ版は 2021Q4 まで）,,2010Q1,2021Q4,0,0,
TYCV,内生,131,131,内生,法人所得税(所得・富等に課される経常税(企業分)),10億円,"CAO,SNA",内閣府 国民経済計算・固定資本ストック速報,10億円・季調年率,同種統計・加工差,ESRI 2022年度年次推計 一般政府 所得・富等に課される経常税（受取）− 家計 同（支払）,"data/raw/2022i4_jp.xlsx, 2022i5_jp.xlsx",差をとってから移動平均比率法で季調,10億円×4 → 年率,なし,,2010Q1,2021Q4,0,0,#3（ESRI の季調との四半期パターン差）
OITAXV,内生,136,136,内生,その他間接税,10億円,Author,内閣府経済社会総合研究所作成,10億円・季調年率,同種統計・加工差,ESRI 2022年度年次推計 一般政府 生産・輸入品に課される税 − 付加価値型税 − 輸入関税,data/raw/2022i4_jp.xlsx,差をとってから移動平均比率法で季調,10億円×4 → 年率,なし,,2010Q1,2021Q4,0,0,
ITAXV,内生,133,133,内生,間接税(生産・輸入品に課される税),10億円,"CAO,SNA",内閣府 国民経済計算・固定資本ストック速報,10億円・季調年率,定義式,TCIV + TCSTV + OITAXV（式133）,,,10億円・年率,なし,,2010Q1,2021Q4,0,0,
CCAV,内生,87,87,内生,固定資本減耗,10億円,"CAO,SNA",内閣府 国民経済計算・固定資本ストック速報,10億円・季調年率,同種統計・加工差,GDPV − ITAXV + SUBV + 海外からの純所得（NFIV）− 国民所得（NIV、年次推計の四半期原系列を季調）の残差,"data/raw/gaku-mk2522.csv, 2022qom2_jp.xlsx",暦年平均を保ちながら年央値を3次スプラインで補間（季調残差が法人企業所得に乗らないようにする）,10億円・年率,なし,,2010Q1,2021Q4,0,0,
TAXV,内生,128,128,内生,租税総額,10億円,"CAO,SNA",内閣府 国民経済計算・固定資本ストック速報,10億円・季調年率,定義式,TYPV + TYCV + ITAXV（式128）,,,10億円・年率,なし,,2010Q1,2021Q4,0,0,
YIV,内生,105,105,内生,財産所得,10億円,"CAO,SNA",内閣府 国民経済計算・固定資本ストック速報,10億円・季調年率,定義式,YIEV + YIGV（式105）,,,10億円・年率,なし,,2010Q1,2021Q4,0,0,
YCV,内生,84,84,内生,法人企業所得,10億円,"CAO,SNA",内閣府 国民経済計算・固定資本ストック速報,10億円・季調年率,定義の解釈,ESRI 2022年度年次推計 企業所得（法人＋公的企業＋個人企業）− 個人企業所得 + 家計賃貸料 + 対家計民間非営利団体財産所得,data/raw/2022qom2_jp.xlsx,各項を加法型で季調して合成。論文乗数表から逆算した ESRI の四半期経路と相関0.96・水準比0.998,10億円×4 → 年率,なし,,2010Q1,2021Q4,0,0,#3（季調パターン差）
SDV,外生,,,外生,統計上の不突合,10億円,"CAO,SNA",内閣府 国民経済計算・固定資本ストック速報,10億円・季調年率,残差,GDPV − CCAV − ITAXV + SUBV + NFIV − NIV（式83・84を閉じる残差）,,CCAV を暦年で平滑化した分の四半期変動を含む。2018〜20年は GDP 比 −1〜+2%,10億円・年率,なし,,2010Q1,2021Q4,0,0,#3
OTYDV,外生,,,外生,個人可処分所得残余項目,10億円,Author,内閣府経済社会総合研究所作成,10億円・季調年率,残差,YDV − (YWV + BSSV + YIEV + YICV − TYPV − CSSV)（式90を実績で閉じる）,,,10億円・年率,なし,,2010Q1,2021Q4,0,0,
TIME,外生,,,論文にない,,,,,四半期数,暦,1980Q1 = 1 の四半期通番（式110・111の定数から逆算）,,model.make_calendar,四半期数,なし,,2010Q1,2021Q4,0,0,
TIME96Q2,外生,,,論文にない,,,,,四半期数,暦,"1996Q2 以降 1,2,3,… それ以前 0（生産関数の TFP トレンド屈折）",,model.make_calendar,四半期数,なし,,2010Q1,2021Q4,0,0,
TIME70Q1,外生,,,論文にない,,,,,四半期数,暦,1970Q1 = 1 の四半期通番,,model.make_calendar,四半期数,なし,,2010Q1,2021Q4,0,0,
D202,外生,,,論文にない,,,,,0/1,ダミー,推定式に現れる期間ダミー（名前の年・四半期で 1。C は以降継続、C+年四半期は区間）,,model.make_calendar,0/1,なし,,2010Q1,2021Q4,0,0,
D203,外生,,,論文にない,,,,,0/1,ダミー,推定式に現れる期間ダミー（名前の年・四半期で 1。C は以降継続、C+年四半期は区間）,,model.make_calendar,0/1,なし,,2010Q1,2021Q4,0,0,
D204,外生,,,論文にない,,,,,0/1,ダミー,推定式に現れる期間ダミー（名前の年・四半期で 1。C は以降継続、C+年四半期は区間）,,model.make_calendar,0/1,なし,,2010Q1,2021Q4,0,0,
D954C963,外生,,,論文にない,,,,,0/1,ダミー,推定式に現れる期間ダミー（名前の年・四半期で 1。C は以降継続、C+年四半期は区間）,,model.make_calendar,0/1,なし,0.0,2010Q1,2021Q4,0,0,
D0703,外生,,,論文にない,,,,,0/1,ダミー,推定式に現れる期間ダミー（名前の年・四半期で 1。C は以降継続、C+年四半期は区間）,,model.make_calendar,0/1,なし,0.0,2010Q1,2021Q4,0,0,
D091C093,外生,,,論文にない,,,,,0/1,ダミー,推定式に現れる期間ダミー（名前の年・四半期で 1。C は以降継続、C+年四半期は区間）,,model.make_calendar,0/1,なし,0.0,2010Q1,2021Q4,0,0,
D091,外生,,,論文にない,,,,,0/1,ダミー,推定式に現れる期間ダミー（名前の年・四半期で 1。C は以降継続、C+年四半期は区間）,,model.make_calendar,0/1,なし,0.0,2010Q1,2021Q4,0,0,
D092,外生,,,論文にない,,,,,0/1,ダミー,推定式に現れる期間ダミー（名前の年・四半期で 1。C は以降継続、C+年四半期は区間）,,model.make_calendar,0/1,なし,0.0,2010Q1,2021Q4,0,0,
D9203C,外生,,,論文にない,,,,,0/1,ダミー,推定式に現れる期間ダミー（名前の年・四半期で 1。C は以降継続、C+年四半期は区間）,,model.make_calendar,0/1,なし,1.0,2010Q1,2021Q4,0,0,
D084,外生,,,論文にない,,,,,0/1,ダミー,推定式に現れる期間ダミー（名前の年・四半期で 1。C は以降継続、C+年四半期は区間）,,model.make_calendar,0/1,なし,0.0,2010Q1,2021Q4,0,0,
D142,外生,,,論文にない,,,,,0/1,ダミー,推定式に現れる期間ダミー（名前の年・四半期で 1。C は以降継続、C+年四半期は区間）,,model.make_calendar,0/1,なし,,2010Q1,2021Q4,0,0,
D151,外生,,,論文にない,,,,,0/1,ダミー,推定式に現れる期間ダミー（名前の年・四半期で 1。C は以降継続、C+年四半期は区間）,,model.make_calendar,0/1,なし,,2010Q1,2021Q4,0,0,
D191,外生,,,論文にない,,,,,0/1,ダミー,推定式に現れる期間ダミー（名前の年・四半期で 1。C は以降継続、C+年四半期は区間）,,model.make_calendar,0/1,なし,,2010Q1,2021Q4,0,0,
D972C,外生,,,論文にない,,,,,0/1,ダミー,推定式に現れる期間ダミー（名前の年・四半期で 1。C は以降継続、C+年四半期は区間）,,model.make_calendar,0/1,なし,1.0,2010Q1,2021Q4,0,0,
D952,外生,,,論文にない,,,,,0/1,ダミー,推定式に現れる期間ダミー（名前の年・四半期で 1。C は以降継続、C+年四半期は区間）,,model.make_calendar,0/1,なし,0.0,2010Q1,2021Q4,0,0,
D984,外生,,,論文にない,,,,,0/1,ダミー,推定式に現れる期間ダミー（名前の年・四半期で 1。C は以降継続、C+年四半期は区間）,,model.make_calendar,0/1,なし,0.0,2010Q1,2021Q4,0,0,
D961,外生,,,論文にない,,,,,0/1,ダミー,推定式に現れる期間ダミー（名前の年・四半期で 1。C は以降継続、C+年四半期は区間）,,model.make_calendar,0/1,なし,0.0,2010Q1,2021Q4,0,0,
DTCIC2,外生,,,外生,消費税率アップダミー（1997Q2:1998Q1、2014Q2:2015Q1、2019Q4:2020Q3),,Author,内閣府経済社会総合研究所作成,0/1,ダミー（論文どおり）,"消費税率引上げダミー 1997Q2–1998Q1, 2014Q2–2015Q1, 2019Q4–2020Q3",,model.make_calendar,0/1,なし,,2010Q1,2021Q4,0,0,
RTCI,外生,,,外生,消費税率,％,"MOF,MBFS",財務省 財政金融統計月報,小数（比率）,論文どおり,"消費税 標準税率（2010Q1 5%, 2014Q2 8%, 2019Q4 10%）",,階段関数（手入力）,% → 小数（0.05 など）,なし,,2010Q1,2021Q4,0,0,
PRTCP,外生,,,外生,消費税による民間最終消費支出デフレータ上昇率,％,Author,内閣府経済社会総合研究所作成,小数（比率）,逆算（Author 系列の代替）,論文 乗数表(6) 消費税率+1%pt の 2018Q1 デフレーター反応から逆算した転嫁率,output/published_multipliers.csv,全期間一定。PRTMG は論文にない（輸入デフレーターの転嫁率、0）,小数,なし,0.52,2010Q1,2021Q4,0,0,#3
PRTIF,外生,,,外生,消費税による民間投資デフレータ上昇率,％,Author,内閣府経済社会総合研究所作成,小数（比率）,逆算（Author 系列の代替）,論文 乗数表(6) 消費税率+1%pt の 2018Q1 デフレーター反応から逆算した転嫁率,output/published_multipliers.csv,全期間一定。PRTMG は論文にない（輸入デフレーターの転嫁率、0）,小数,なし,0.18,2010Q1,2021Q4,0,0,#3
PRTIH,外生,,,外生,消費税による住宅投資デフレータ上昇率,％,Author,内閣府経済社会総合研究所作成,小数（比率）,逆算（Author 系列の代替）,論文 乗数表(6) 消費税率+1%pt の 2018Q1 デフレーター反応から逆算した転嫁率,output/published_multipliers.csv,全期間一定。PRTMG は論文にない（輸入デフレーターの転嫁率、0）,小数,なし,0.8,2010Q1,2021Q4,0,0,#3
PRTGP,外生,,,外生,消費税による企業物価上昇率,％,Author,内閣府経済社会総合研究所作成,小数（比率）,逆算（Author 系列の代替）,論文 乗数表(6) 消費税率+1%pt の 2018Q1 デフレーター反応から逆算した転嫁率,output/published_multipliers.csv,全期間一定。PRTMG は論文にない（輸入デフレーターの転嫁率、0）,小数,なし,0.86,2010Q1,2021Q4,0,0,#3
PRTIG,外生,,,外生,消費税による公的固定資本形成デフレータ上昇率,％,Author,内閣府経済社会総合研究所作成,小数（比率）,逆算（Author 系列の代替）,論文 乗数表(6) 消費税率+1%pt の 2018Q1 デフレーター反応から逆算した転嫁率,output/published_multipliers.csv,全期間一定。PRTMG は論文にない（輸入デフレーターの転嫁率、0）,小数,なし,0.45,2010Q1,2021Q4,0,0,#3
PRTCG,外生,,,外生,消費税による政府最終消費支出デフレータ上昇率,％,Author,内閣府経済社会総合研究所作成,小数（比率）,逆算（Author 系列の代替）,論文 乗数表(6) 消費税率+1%pt の 2018Q1 デフレーター反応から逆算した転嫁率,output/published_multipliers.csv,全期間一定。PRTMG は論文にない（輸入デフレーターの転嫁率、0）,小数,なし,0.48,2010Q1,2021Q4,0,0,#3
PRTFU,外生,,,外生,消費税による鉱物性燃料輸入デフレータ上昇率,％,Author,内閣府経済社会総合研究所作成,小数（比率）,逆算（Author 系列の代替）,論文 乗数表(6) 消費税率+1%pt の 2018Q1 デフレーター反応から逆算した転嫁率,output/published_multipliers.csv,全期間一定。PRTMG は論文にない（輸入デフレーターの転嫁率、0）,小数,なし,0.0,2010Q1,2021Q4,0,0,#3
PRTNF,外生,,,外生,消費税による財貨・サービス（鉱物性燃料除く）デフレータ上昇率,％,Author,内閣府経済社会総合研究所作成,小数（比率）,逆算（Author 系列の代替）,論文 乗数表(6) 消費税率+1%pt の 2018Q1 デフレーター反応から逆算した転嫁率,output/published_multipliers.csv,全期間一定。PRTMG は論文にない（輸入デフレーターの転嫁率、0）,小数,なし,0.0,2010Q1,2021Q4,0,0,#3
PRTMG,外生,,,論文にない,,,,,小数（比率）,逆算（Author 系列の代替）,論文 乗数表(6) 消費税率+1%pt の 2018Q1 デフレーター反応から逆算した転嫁率,output/published_multipliers.csv,全期間一定。PRTMG は論文にない（輸入デフレーターの転嫁率、0）,小数,なし,0.0,2010Q1,2021Q4,0,0,#3
PRTNP,外生,,,外生,消費税による民間在庫デフレータ上昇率,％,Author,内閣府経済社会総合研究所作成,小数（比率）,逆算（Author 系列の代替）,= PRTGP（企業物価の転嫁率を在庫デフレーターに流用）,,全期間一定,小数,なし,0.86,2010Q1,2021Q4,0,0,#3
PRTNG,外生,,,外生,消費税による公的在庫デフレータ上昇率,％,Author,内閣府経済社会総合研究所作成,小数（比率）,逆算（Author 系列の代替）,= PRTIG（公的固定資本形成の転嫁率を公的在庫に流用）,,全期間一定,小数,なし,0.45,2010Q1,2021Q4,0,0,#3
PCPAT,内生,56,56,内生,民間最終消費支出デフレータ（消費税除く）,2015年=1,Author,内閣府経済社会総合研究所作成,2015年=1,定義式,"デフレーター ÷ (1 + RTCI × 転嫁率)（式56,58,61,63,64）",,,2015年=1,なし,,2010Q1,2021Q4,0,0,
PIFPAT,内生,58,58,内生,民間企業設備投資デフレータ(消費税除く）,2015年=1,Author,内閣府経済社会総合研究所作成,2015年=1,定義式,"デフレーター ÷ (1 + RTCI × 転嫁率)（式56,58,61,63,64）",,,2015年=1,なし,,2010Q1,2021Q4,0,0,
PIHPAT,内生,61,61,内生,民間住宅投資デフレータ(消費税除く）,2015年=1,Author,内閣府経済社会総合研究所作成,2015年=1,定義式,"デフレーター ÷ (1 + RTCI × 転嫁率)（式56,58,61,63,64）",,,2015年=1,なし,,2010Q1,2021Q4,0,0,
PCGAT,内生,63,63,内生,政府最終消費支出デフレータ(消費税除く）,2015年=1,Author,内閣府経済社会総合研究所作成,2015年=1,定義式,"デフレーター ÷ (1 + RTCI × 転嫁率)（式56,58,61,63,64）",,,2015年=1,なし,,2010Q1,2021Q4,0,0,
PIGAT,内生,64,64,内生,公的固定資本形成デフレータ（消費税除く）,2015年=1,Author,内閣府経済社会総合研究所作成,2015年=1,定義式,"デフレーター ÷ (1 + RTCI × 転嫁率)（式56,58,61,63,64）",,,2015年=1,なし,,2010Q1,2021Q4,0,0,
CGPI,内生,74,74,内生,企業物価指数,2015年=1,"BOJ,PIM",日本銀行 企業物価指数,2015年=1,論文どおり,日本銀行 国内企業物価指数 総平均（PR01/PRCG20_2200000000）,data/raw/boj_series.csv,月次→四半期平均→2015年平均=1,2015年=100 → 2015年=1,なし,,2010Q1,2021Q4,0,0,
CGPIAT,内生,57,57,内生,企業物価指数(消費税除く）,2015年=1,Author,内閣府経済社会総合研究所作成,2015年=1,論文どおり,日本銀行 国内企業物価指数 総平均 消費税を除く（PR01/PRCG20_1200000000）,data/raw/boj_series.csv,月次→四半期平均→2015年平均=1,2015年=100 → 2015年=1,なし,,2010Q1,2021Q4,0,0,
PINP,内生,77,77,内生,民間企業在庫投資デフレータ,2015年=1,"CAO,SNA",内閣府 国民経済計算・固定資本ストック速報,2015年=1,代用,= CGPI（民間在庫デフレーターは QE で公表されないため企業物価で代用）,,,2015年=1,なし,,2010Q1,2021Q4,0,0,#3
PING,外生,,,外生,公的在庫品増価デフレータ,2015年=1,"CAO,SNA",内閣府 国民経済計算・固定資本ストック速報,2015年=1,代用,= PIG（公的在庫デフレーターを公的固定資本形成デフレーターで代用）,,,2015年=1,なし,,2010Q1,2021Q4,0,0,#3
PINPAT,内生,62,62,内生,民間企業在庫投資デフレータ(消費税除く）,2015年=1,Author,内閣府経済社会総合研究所作成,2015年=1,定義式,PINP ÷ (1 + RTCI × PRTNP)（式62）,,,2015年=1,なし,,2010Q1,2021Q4,0,0,
ERRINPV,外生,,,外生,民間企業在庫品増加（名目）誤差項,10億円,Author,内閣府経済社会総合研究所作成,10億円・季調年率,残差（Author 系列の代替）,INPV − INP × PINP（式17を実績で閉じる）,,,10億円・年率,なし,,2010Q1,2021Q4,0,0,
ERRINGV,外生,,,外生,公的在庫品増加（名目）誤差項,10億円,Author,内閣府経済社会総合研究所作成,10億円・季調年率,残差（Author 系列の代替）,INGV − ING × PING（式20を実績で閉じる）,,,10億円・年率,なし,,2010Q1,2021Q4,0,0,
PFUEL,内生,81,81,内生,鉱物性燃料輸入のデフレータ,2015年=1,"CAO,SNA",内閣府 国民経済計算・固定資本ストック速報,2015年=1,代用,日本銀行 輸入物価指数 円ベース 石油・石炭・天然ガス（PR01/PRCG20_2600520001）。論文は SNA の鉱物性燃料輸入デフレーター,data/raw/boj_series.csv,月次→四半期平均→2015年平均=1,2015年=100 → 2015年=1,なし,,2010Q1,2021Q4,0,0,#3
FUELV,内生,24,24,内生,鉱物性燃料輸入（名目）,10億円,"JTA,SRTJ",日本関税協会 外国貿易概況,10億円・季調年率,同種統計・加工差,財務省 普通貿易統計（e-Stat）鉱物性燃料 輸入額 全国合計（論文は日本関税協会 外国貿易概況）,"data/raw/estat_trade_fuel_0003228199.csv, estat_trade_fuel_0003313968.csv",月次→四半期合計→移動平均比率法で季調,千円 ÷1e6 ×4 → 10億円・年率,なし,,2011Q1,2020Q4,8,0,
FUEL,内生,11,11,内生,鉱物性燃料輸入（実質）,10億円,Author,内閣府経済社会総合研究所作成,10億円・季調年率,定義式,FUELV ÷ PFUEL（式11）,,,10億円・年率,なし,,2011Q1,2020Q4,8,0,
NFMGSV,内生,25,25,内生,財貨・サービスの輸入(名目、鉱物性燃料除く),10億円,Author,内閣府経済社会総合研究所作成,10億円・季調年率,定義式,"MGSV − FUELV、MGS − FUEL、NFMGSV ÷ NFMGS（式25,12,82。連鎖の非加法性は無視）",,,10億円・年率／2015年=1,なし,,2011Q1,2020Q4,8,0,
NFMGS,内生,12,12,内生,財貨・サービスの輸入(実質、鉱物性燃料除く),10億円,Author,内閣府経済社会総合研究所作成,10億円・季調年率,定義式,"MGSV − FUELV、MGS − FUEL、NFMGSV ÷ NFMGS（式25,12,82。連鎖の非加法性は無視）",,,10億円・年率／2015年=1,なし,,2011Q1,2020Q4,8,0,
PNFMGS,内生,82,82,内生,財貨・サービスの輸入デフレータ(鉱物性燃料除く),2015年=1,Author,内閣府経済社会総合研究所作成,2015年=1,定義式,"MGSV − FUELV、MGS − FUEL、NFMGSV ÷ NFMGS（式25,12,82。連鎖の非加法性は無視）",,,10億円・年率／2015年=1,なし,,2011Q1,2020Q4,8,0,
PFUELAT,内生,67,67,内生,鉱物性燃料輸入デフレータ(円ベース、消費税除く）,2015年=1,Author,内閣府経済社会総合研究所作成,2015年=1,定義式,"= PFUEL, PNFMGS, PMGS（式67,68,66。輸入の転嫁率 PRTFU・PRTNF は 0）",,,2015年=1,なし,,2010Q1,2021Q4,0,0,
PNFMGSAT,内生,68,68,内生,財貨・サービスの輸入デフレータ(鉱物性燃料・消費税除く),2015年=1,Author,内閣府経済社会総合研究所作成,2015年=1,定義式,"= PFUEL, PNFMGS, PMGS（式67,68,66。輸入の転嫁率 PRTFU・PRTNF は 0）",,,2015年=1,なし,,2011Q1,2020Q4,8,0,
PMGSAT,内生,66,66,内生,財貨・サービスの輸入デフレータ(消費税除く）,2015年=1,Author,内閣府経済社会総合研究所作成,2015年=1,定義式,"= PFUEL, PNFMGS, PMGS（式67,68,66。輸入の転嫁率 PRTFU・PRTNF は 0）",,,2015年=1,なし,,2010Q1,2021Q4,0,0,
PGDPAT,内生,55,55,内生,GDPデフレータ(消費税除く）,2015年=1,Author,内閣府経済社会総合研究所作成,2015年=1,定義式,式26 の名目GDP（消費税除く）÷ 実質GDP（式55）,,,2015年=1,なし,,2010Q1,2021Q4,0,0,
FXS,内生,147,147,内生,為替レート,円／ドル,"BOJ,ESM",日本銀行 金融経済統計月報,円/ドル,論文どおり,日本銀行 東京市場 ドル・円スポット 17時時点 月中平均（FM08/FXERM07）,data/raw/boj_series.csv,月次→四半期平均,円/ドル,なし,,2010Q1,2021Q4,0,0,
POILD,外生,,,外生,原油価格（ドル建）,ドル／バレル,"JTA,SRTJ",日本関税協会 外国貿易概況,ドル/バレル,同種統計・加工差,財務省 普通貿易統計（e-Stat）原油及び粗油 輸入金額÷数量（論文は日本関税協会 外国貿易概況）,"data/raw/estat_trade_crude_0003228199.csv, estat_trade_crude_0003313968.csv",月次→四半期合計で単価,千円/kL ×1000 → 円/kL ÷ FXS → ドル/kL ÷ 6.2898 → ドル/バレル,なし,,2011Q1,2020Q4,8,0,
LF,内生,47,47,内生,労働力人口,1万人,Author,内閣府経済社会総合研究所作成,万人,論文どおり,総務省 労働力調査 長期時系列表1-a-1 主要項目 月次 季節調整値（e-Stat）,data/raw/estat_lfs_000040115411.xlsx,月次→四半期平均,万人・%（公表単位のまま）,なし,,2010Q1,2021Q4,0,0,
LE,内生,52,52,内生,就業者数,1万人,"SBSC,LFS",総務省 労働力調査報告,万人,論文どおり,総務省 労働力調査 長期時系列表1-a-1 主要項目 月次 季節調整値（e-Stat）,data/raw/estat_lfs_000040115411.xlsx,月次→四半期平均,万人・%（公表単位のまま）,なし,,2010Q1,2021Q4,0,0,
LW,内生,53,53,内生,雇用者数,1万人,"SBSC,LFS",総務省 労働力調査報告,万人,論文どおり,総務省 労働力調査 長期時系列表1-a-1 主要項目 月次 季節調整値（e-Stat）,data/raw/estat_lfs_000040115411.xlsx,月次→四半期平均,万人・%（公表単位のまま）,なし,,2010Q1,2021Q4,0,0,
UR,内生,48,48,内生,完全失業率,％,"SBSC,LFS",総務省 労働力調査報告,%,論文どおり,総務省 労働力調査 長期時系列表1-a-1 主要項目 月次 季節調整値（e-Stat）,data/raw/estat_lfs_000040115411.xlsx,月次→四半期平均,万人・%（公表単位のまま）,なし,,2010Q1,2021Q4,0,0,
POP,外生,,,外生,15歳以上人口,1万人,"SBSC,LFS",総務省 労働力調査報告,万人,論文どおり,総務省 労働力調査 労働力人口 + 非労働力人口（15歳以上人口）,data/raw/estat_lfs_000040115411.xlsx,月次季調値の和→四半期平均,万人,なし,,2010Q1,2021Q4,0,0,
RLEW,外生,,,外生,雇用者／就業者比率,％,Author,内閣府経済社会総合研究所作成,小数（比率）,定義式（逆算）,LW ÷ LE（式53 を実績で閉じる）,,,小数,なし,,2010Q1,2021Q4,0,0,
POP65,外生,,,外生,65歳以上人口,1万人,"SBSC,LFS",総務省 労働力調査報告,万人,同種統計・加工差,総務省 労働力調査 基本集計 15歳以上人口 65歳以上 四半期（e-Stat 0003005798 系）,data/raw/estat_lfs_pop65_q.csv,四半期原系列（季調なし）,万人,2018Q1 より前は POP × (2018Q1 の POP65/POP 比) で延長（式47・140 は当期値のみ使用）,,2010Q1,2021Q4,0,0,#3
HH,外生,,,外生,世帯数,1万,"SBSC,BRR",総務省 住民基本台帳,万人,論文どおり,総務省 住民基本台帳世帯数（日本人、全国、年度。e-Stat 社会・人口統計体系 0000010101 の A7103）,data/raw/estat_hh_0000010101.csv,年度値を年度末（翌年Q1）に置いて対数線形で四半期補間,世帯 ÷1万 → 1万世帯,直近年度末より先は直近1年の変化率で延長,,2010Q1,2021Q4,0,0,#3
CUX,内生,54,54,内生,稼働率指数,％,"METI,ISM",経済産業省 鉱工業生産指数,2015年=100,論文どおり,経済産業省 製造工業 稼働率指数 季節調整済（e-Stat。2015年基準）,data/raw/estat_cux_2015base.csv,月次→四半期平均,2015年=100（論文の単位表記は %）,なし,,2013Q1,2021Q4,12,0,
LHX,内生,49,49,内生,総実労働時間指数,2015年=100,"MHLW,MLS",厚生労働省 毎月勤労統計調査報告,2015年=100,同種統計・加工差,厚生労働省 毎月勤労統計 長期時系列表29 総実労働時間指数 事業所規模5人以上 調査産業計 就業形態計 原指数,data/raw/estat_maikin_t29_hours_5plus.xls,四半期原指数→移動平均比率法で季調→2015年平均=100,2015年=100,なし,,2010Q1,2021Q4,0,0,
WI,内生,69,69,内生,一人当たり賃金・俸給,10万円,"CAO,SNA",内閣府 国民経済計算・固定資本ストック速報,10万円,定義式,"YWIV ÷ LW、YWV ÷ LW（式69, 95）",,,10億円/万人 = 10万円,なし,,2010Q1,2021Q4,0,0,
W,内生,95,95,内生,一人当たり雇用者報酬,10万円,"CAO,SNA",内閣府 国民経済計算・固定資本ストック速報,10万円,定義式,"YWIV ÷ LW、YWV ÷ LW（式69, 95）",,,10億円/万人 = 10万円,なし,,2010Q1,2021Q4,0,0,
M2CD,内生,111,111,内生,"貨幣供給量（M2+CD,平均残高）",10億円,"BOJ,ESM",日本銀行 金融経済統計月報,10億円（ストック・期末）,同種統計・加工差,日本銀行 マネーストック M2 平均残高（MD02/MAM1NAM2M2MO）。M2+CD（MD02/MAMS3ANM2C、2008年4月で公表終了）に接続,data/raw/boj_series.csv,月次→四半期平均。重複期間（2003/04〜2008/04）の平均比 1.0050 を M2 に乗じる,億円 ÷10 → 10億円,なし,,2010Q1,2021Q4,0,0,#3
RCD,内生,113,"113,114",内生,CDレート（名目）,％,"BOJ,ESM",日本銀行 金融経済統計月報,%,論文どおり,日本銀行 譲渡性預金 平均金利 新規発行分 総合（FM02/STRAK_STRACDN2DB）,data/raw/boj_series.csv,月次→四半期平均。式113 の下限 0.001 で切り上げ（マイナス金利期）,%,なし,,2010Q1,2021Q4,0,0,
RCDX,内生,114,,論文にない,,,,,%,定義式,"= RCD（式114 の実績値。式113 RCD = max(0.001, RCDX)）",,,%,なし,,2010Q1,2021Q4,0,0,
RGB,内生,115,"115,116",内生,利付国債利回り（10年物）,％,日本証券業協会,日本証券業協会,%,同種統計,10年国債 新発債流通利回り 月平均（ESRI 景気動向指数 先行系列の採用系列、原資料は日本証券業協会・日本相互証券）,data/raw/esri_ci1_0907.xlsx → external_series.csv,月次→四半期平均。式115 の下限 0.001 で切り上げ,%,なし,,2010Q1,2021Q4,0,0,
RGBX,内生,116,,論文にない,,,,,%,定義式,= RGB（式116 の実績値）,,,%,なし,,2010Q1,2021Q4,0,0,
KFPV,内生,107,107,内生,民間企業資本ストック（名目）,10億円,Author,内閣府経済社会総合研究所作成,10億円（ストック・期末）,同種統計・加工差,ESRI 国民経済計算 固定資産（名目、暦年末）民間部門（非金融法人・金融機関の民間、家計、NPISH）合計 − 住宅,data/raw/2022ss4n_jp.xlsx,モデルの蓄積式 K_t = K_{t-1}·(P_t/P_{t-1})·(1−r) + I_t/4 で四半期化（r は暦年内一定、年末残高に一致するよう二分法）,10億円,なし,,2010Q4,2021Q4,3,0,
RRFPV,外生,,,外生,民間企業固定資本除却率（名目）,％,Author,内閣府経済社会総合研究所作成,小数（比率）,逆算（Author 系列の代替）,暦年末残高に一致させる年内一定の除却率（上の四半期化で二分法により決定）,,,小数（四半期率）,なし,,2011Q1,2021Q4,4,0,
KHPV,内生,108,108,内生,民間住宅ストック（名目）,10億円,Author,内閣府経済社会総合研究所作成,10億円（ストック・期末）,同種統計・加工差,ESRI 国民経済計算 固定資産 住宅（名目、暦年末）民間部門合計,data/raw/2022ss4n_jp.xlsx,"同上（IHPV, PIHP で四半期化）",10億円,なし,,2010Q4,2021Q4,3,0,
RRHPV,外生,,,外生,民間住宅ストック除却率（名目）,％,Author,内閣府経済社会総合研究所作成,小数（比率）,逆算（Author 系列の代替）,暦年末残高に一致させる年内一定の除却率（上の四半期化で二分法により決定）,,,小数（四半期率）,なし,,2011Q1,2021Q4,4,0,
KGV,内生,44,44,内生,公的固定資本ストック(名目),10億円,Author,内閣府経済社会総合研究所作成,10億円（ストック・期末）,同種統計・加工差,ESRI 国民経済計算 固定資産（名目、暦年末）公的部門（非金融法人・金融機関の公的、一般政府）合計,data/raw/2022ss4n_jp.xlsx,"同上（IGV, PIG で四半期化）",10億円,なし,,2010Q4,2021Q4,3,0,
RRKGV,外生,,,外生,公的固定資本除却率（名目）,％,Author,内閣府経済社会総合研究所作成,小数（比率）,逆算（Author 系列の代替）,暦年末残高に一致させる年内一定の除却率（上の四半期化で二分法により決定）,,,小数（四半期率）,なし,,2011Q1,2021Q4,4,0,
KNPV,内生,109,109,内生,民間企業在庫ストック（名目）,10億円,Author,内閣府経済社会総合研究所作成,10億円（ストック・期末）,同種統計・加工差,ESRI 国民資産・負債残高 在庫（暦年末）,data/raw/2022ss1_jp.xlsx,"同上（INPV, PINP で四半期化）",10億円,なし,,2010Q4,2021Q4,3,0,
RRNPV,外生,,,外生,民間企業在庫ストック除却率（名目）,％,Author,内閣府経済社会総合研究所作成,小数（比率）,逆算（Author 系列の代替）,暦年末残高に一致させる年内一定の除却率（上の四半期化で二分法により決定）,,,小数（四半期率）,なし,,2011Q1,2021Q4,4,0,
RRFP,外生,,,外生,民間企業固定資本除却率（実質）,％,Author,内閣府経済社会総合研究所作成,小数（比率）,逆算（Author 系列の代替）,= RRFPV（実質の除却率を名目と同じとする）,,,小数,なし,,2011Q1,2021Q4,4,0,
RKGV,内生,46,46,内生,公的固定資本除却(名目),10億円,Author,内閣府経済社会総合研究所作成,10億円・季調年率,定義式,"RRKGV × KGV(-1) × 4、RKGV ÷ PIG(-1)（式46, 45）",,,10億円・年率,なし,,2011Q1,2021Q4,4,0,
RKG,内生,45,45,内生,公的固定資本除却(実質),10億円,Author,内閣府経済社会総合研究所作成,10億円・季調年率,定義式,"RRKGV × KGV(-1) × 4、RKGV ÷ PIG(-1)（式46, 45）",,,10億円・年率,なし,,2011Q1,2021Q4,4,0,
CCAVGR,外生,,,外生,固定資本減耗（一般政府分）の公的固定資本除却比,％,Author,内閣府経済社会総合研究所作成,小数（比率）,逆算（Author 系列の代替）,(CCAVG ÷ PCG) ÷ RKG（一般政府固定資本減耗の公的固定資本除却比）,,,小数,なし,,2011Q1,2021Q4,4,0,
CGXRKG,外生,,,外生,政府最終消費支出(実質固定資本減耗(一般政府分)除く）,10億円,Author,内閣府経済社会総合研究所作成,10億円・季調年率,残差（Author 系列の代替）,CG − CCAVGR × RKG（式7 を実績で閉じる）,,,10億円・年率,なし,,2011Q1,2021Q4,4,0,
IGVR,外生,,,外生,公的固定資本形成(名目)うち一般政府比率,％,Author,内閣府経済社会総合研究所作成,小数（比率）,同種統計・加工差,ESRI 国民経済計算 一般政府の部門別勘定（GFS）固定資産の純取得 + 固定資本減耗（年度）÷ 公的固定資本形成 IGV（年度平均）,data/raw/2022s6_2_jp.xlsx,年度値を年度内一定で四半期に割付,小数,年度値のない端の期間は前後の値で埋める（ffill/bfill）,,2010Q1,2021Q4,0,0,
ITR,内生,129,129,内生,モデル上の所得実効税率,％,Author,内閣府経済社会総合研究所作成,小数（比率）,定義式,TYPV ÷ (YWV + BSSV + YIEV + YICV + OTYDV) の4期移動平均（式129 の税率定義）,,,小数,4期移動平均のため 2010Q1〜Q3 は欠損,,2010Q4,2021Q4,3,0,#2
ITREQ,外生,,,外生,均衡所得実効税率,％,Author,内閣府経済社会総合研究所作成,小数（比率）,逆算（Author 系列の代替）,ITR の 2010Q4〜2019Q4 平均（全期間一定）,,,小数,なし,0.0728962197234281,2010Q1,2021Q4,0,0,#2
ETT,内生,132,132,内生,モデル上の法人実効税率,％,Author,内閣府経済社会総合研究所作成,小数（比率）,定義式,TYCV ÷ YCV の前期からの4期移動平均（式132）,,,小数,4期移動平均のため 2010Q1〜Q4 は欠損,,2011Q1,2021Q4,4,0,#1
TT,外生,,,外生,法人実効税率,％,"MOF,MBFS",財務省 財政金融統計月報,小数（比率）,論文どおり,財務省 法人実効税率（国・地方、年度。2010年度 40.69% … 2018年度以降 29.74%）,,年度値を階段関数で手入力,% → 小数,なし,,2010Q2,2021Q4,1,0,#1
RTCST,外生,,,外生,関税率（関税／財貨・サービスの輸入）,％,"MOF,MBFS",財務省 財政金融統計月報,小数（比率）,定義式（逆算）,TCSTV ÷ MGSV（式135 を実績で閉じる）,,,小数,なし,,2010Q1,2021Q4,0,0,
SR,外生,,,外生,厚生年金保険料率（総報酬ベース）,％,MHLW,厚生労働省,小数（比率）,論文どおり,厚生年金保険料率（総報酬ベース、毎年9月改定。2017年9月以降 18.3%）,,階段関数で手入力（改定は第4四半期から）,% → 小数,なし,,2010Q1,2021Q4,0,0,
IR,外生,,,外生,所得代替率,％,Author,内閣府経済社会総合研究所作成,小数（比率）,仮定値,所得代替率 = 1（式140 は log(IR·WI·POP65) で入り、定数は誤差項に吸収）,,全期間一定,小数,なし,1.0,2010Q1,2021Q4,0,0,#3
SBGV,内生,141,141,内生,一般政府累積財政赤字,10億円,Author,内閣府経済社会総合研究所作成,10億円（ストック・期末）,定義の解釈,"日本銀行 資金循環統計 一般政府 資産合計 − 金融資産・負債差額（ストック、FF/FOF_FFAS420A900, FOF_FFAS420L700）= 負債",data/raw/boj_series.csv,四半期末残高そのまま。論文乗数表の累積赤字/GDP 比の初期変化から総債務ベース（GDP 比約231%）と判断,億円 ÷10 → 10億円,なし,,2010Q1,2021Q4,0,0,
OTNGV,外生,,,外生,一般政府財政バランス残余項目,10億円,Author,内閣府経済社会総合研究所作成,10億円（ストック・期末）,論文どおり,一般政府財政バランス残余項目 = SNA 一般政府の純貸出(+)/純借入(-)（年度、GFS）− 式126 の各項目による計算値の年度平均（論文の出所 Author）,data/raw/2022s6_2_jp.xlsx,年度値を年度内一定で四半期に割付,10億円・年率,年度値のない端の期間は最後の年度の名目GDP比で延長,,2010Q1,2021Q4,0,0,
BCV,内生,148,148,内生,経常収支,10億円,"BOJ,BPM",日本銀行 国際収支統計,10億円・季調年率,代用,BFV + RTRIV − PTRIV（SNA ベースの純輸出＋海外との所得の純受取）。論文は国際収支統計の経常収支（第二次所得収支を含む）,,式148 で ERRBCV = 0 として算出,10億円・年率,なし,,2010Q1,2021Q4,0,0,#3
ERRBCV,外生,,,外生,経常収支誤差項,10億円,Author,内閣府経済社会総合研究所作成,10億円（ストック・期末）,仮定値,経常収支誤差項 = 0,,全期間一定,10億円,なし,0.0,2010Q1,2021Q4,0,0,#3
FASSTV,内生,145,145,内生,対外資産,10億円,"CAO,SNA",内閣府 国民経済計算・固定資本ストック速報,10億円（ストック・期末）,同種統計・加工差,ESRI 国民経済計算 対外資産（暦年末）,data/raw/2022ss5_jp.xlsx,暦年末値を対数線形で四半期補間,10億円,なし,,2010Q1,2021Q4,0,0,
SBCV,内生,149,149,内生,累積経常収支,10億円,Author,内閣府経済社会総合研究所作成,10億円（ストック・期末）,同種統計・加工差,ESRI 国民経済計算 対外純資産（暦年末）,data/raw/2022ss5_jp.xlsx,暦年末値を線形で四半期補間,10億円,なし,,2010Q1,2021Q4,0,0,
FLIABV,内生,150,150,内生,対外負債,10億円,"CAO,SNA",内閣府 国民経済計算・固定資本ストック速報,10億円（ストック・期末）,定義式,FASSTV − SBCV（式150）,,,10億円,なし,,2010Q1,2021Q4,0,0,
RSBCV,内生,146,146,内生,累積経常収支調整項,％,Author,内閣府経済社会総合研究所作成,小数（比率）,逆算（Author 系列の代替）,(SBCV − BCV/4) ÷ SBCV(-1)（式149 を実績で閉じる累積経常収支調整項）,,,小数,2010Q1 は欠損（ラグ）,,2010Q2,2021Q4,1,0,
US_RGB,外生,,,外生,米国長期金利,％,"IMF,IFS",IMF International Financial Statistics,%,同種統計,OECD Financial market statistics 米国 長期金利 IRLT（10年国債利回り、月次）。論文は IMF IFS,data/raw/oecd_DSD_STES_DF_FINMARK_USA_M_IRLT_PA_____.csv → external_series.csv,月次→四半期平均,%,なし,,2010Q1,2021Q4,0,0,
US_WPI,外生,,,外生,米国生産者物価指数,2015年=1,"IMF,IFS",IMF International Financial Statistics,2015年=100,同種統計,OECD Key short-term economic indicators 米国 生産者物価 PP（製造業 activity=C、月次、2015年=100）。論文は IMF IFS,data/raw/oecd_DSD_KEI_DF_KEI_USA-G7-OECD_M_PP_IX___.csv → external_series.csv,月次→四半期平均,2015年=100 のまま（論文は 2015年=1。式147 には対数比で入り、水準差は誤差項に吸収）,2023年以降は OECD 未公表（モデル期間外）,,2010Q1,2021Q4,0,0,#3
WD_YVI,外生,,,外生,世界GDP（日本除く）,2015年=100,"IMF,WEO",IMF World Economic Outlook,2015年=100,代用,OECD Quarterly National Accounts OECD 加盟国計 実質GDP 指数（2015年=100、季調）。論文は世界GDP（日本除く、IMF WEO）,data/raw/oecd_DSD_NAMAIN1_DF_QNA_Q_Y_OECD_S1_S1_B1GQ__Z__Z__Z____.csv → external_series.csv,四半期そのまま（日本を含む）,2015年=100,なし,,2010Q1,2021Q4,0,0,#3
WD_PX,外生,,,外生,競争国の輸出価格の加重平均,2015年=100,"IMF,IFS",IMF International Financial Statistics,2015年=100,代用,= 米国 生産者物価（US_WPI と同じ系列）。論文は競争国の輸出・輸入価格の加重平均（IMF IFS）。OECD の G7 集計が取得できず米国で代用,data/raw/oecd_DSD_KEI_DF_KEI_USA-G7-OECD_M_PP_IX___.csv → external_series.csv,月次→四半期平均,"2015年=100（式9, 65, 80 には対数差・比で入る）",2023年以降は OECD 未公表（モデル期間外）,,2010Q1,2021Q4,0,0,#3
WD_PI,外生,,,外生,競争国の輸入価格の加重平均,2015年=100,"IMF,IFS",IMF International Financial Statistics,2015年=100,代用,= 米国 生産者物価（US_WPI と同じ系列）。論文は競争国の輸出・輸入価格の加重平均（IMF IFS）。OECD の G7 集計が取得できず米国で代用,data/raw/oecd_DSD_KEI_DF_KEI_USA-G7-OECD_M_PP_IX___.csv → external_series.csv,月次→四半期平均,"2015年=100（式9, 65, 80 には対数差・比で入る）",2023年以降は OECD 未公表（モデル期間外）,,2010Q1,2021Q4,0,0,#3
LANDT,内生,102,102,内生,有形非生産資産,10億円,"CAO,SNA",内閣府 国民経済計算・固定資本ストック速報,10億円（ストック・期末）,同種統計・加工差,ESRI 国民資産・負債残高 土地（暦年末、国全体）,data/raw/2022ss1_jp.xlsx,暦年末値を線形で四半期補間,10億円,なし,,2010Q1,2021Q4,0,0,
LANDV,内生,103,103,内生,有形非生産資産（家計保有分）,10億円,"CAO,SNA",内閣府 国民経済計算・固定資本ストック速報,10億円（ストック・期末）,同種統計・加工差,ESRI 家計（個人企業を含む）期末貸借対照表 土地（暦年末）,data/raw/2022si4_jp.xlsx,暦年末値を線形で四半期補間,10億円,なし,,2010Q1,2021Q4,0,0,
PROLA,外生,,,外生,有形非生産資産家計保有分比率,％,Author,内閣府経済社会総合研究所作成,小数（比率）,定義式（逆算）,LANDT ÷ LANDV（式102 を実績で閉じる。論文の「家計保有分比率」の逆数にあたる定義）,,,小数（>1）,なし,,2010Q1,2021Q4,0,0,
PLAND,内生,119,119,内生,市街地価格指数,2015年=1,不動産研究所,日本不動産研究所,2015年=1,代用,LANDT を 2015年平均=1 に指数化。論文は日本不動産研究所 市街地価格指数（有償。日本統計年鑑の掲載は2014年3月末まで）。式119 には対数で入り、水準・傾きを変えても乗数は変わらない（誤差修正項を全部動かしても差0）,,土地残高の変化率を地価の変化率とみなす,2015年=1,なし,,2010Q1,2021Q4,0,0,#3
RLAND,外生,,,外生,土地総額（家計保有分）／市街地地価指数（住宅地・全国平均）,10億円,Author,内閣府経済社会総合研究所作成,10億円/指数,定義式（逆算）,LANDV ÷ PLAND（式103 を実績で閉じる）,,,10億円/指数,なし,,2010Q1,2021Q4,0,0,
SHARETV,内生,100,100,内生,株式総額,10億円,"CAO,SNA",内閣府 国民経済計算・固定資本ストック速報,10億円（ストック・期末）,定義の解釈,ESRI 国民資産・負債残高 負債側 うち株式（居住者発行残高、暦年末）。資産側（保有分）だと株価収益率の水準が論文の含意より約2割低い,data/raw/2022ss1_jp.xlsx,暦年末値を線形で四半期補間,10億円,なし,,2010Q1,2021Q4,0,0,#1
PSHARE,内生,120,120,内生,東証株価指数(TOPIX),2015年=1,"TSE,ASR",東京証券取引所 統計月報,2015年=1,論文どおり,東証株価指数 TOPIX 月平均（ESRI 景気動向指数 先行系列の採用系列、原資料は東京証券取引所）,data/raw/esri_ci1_0907.xlsx → external_series.csv,月次→四半期平均→2015年平均=1,ポイント → 2015年=1,なし,,2010Q1,2021Q4,0,0,
RSHARET,外生,,,外生,株式総額／東証株価指数,10億円,Author,内閣府経済社会総合研究所作成,10億円/指数,定義式（逆算）,SHARETV ÷ PSHARE（式100 を実績で閉じる）,,,10億円/指数,なし,,2010Q1,2021Q4,0,0,
SHAREV,内生,101,101,内生,株式総額（家計保有分）,10億円,"CAO,SNA",内閣府 国民経済計算・固定資本ストック速報,10億円（ストック・期末）,同種統計,日本銀行 資金循環統計 家計 株式等（ストック、FF/FOF_FFAS430A330）。論文は SNA の家計保有株式（si4 期末貸借対照表にも同項目あり、未使用）,data/raw/boj_series.csv,四半期末残高そのまま,億円 ÷10 → 10億円,なし,,2010Q1,2021Q4,0,0,#3
RSHARE,内生,117,117,内生,株式総額（家計保有分）/東証株価指数,10億円,Author,内閣府経済社会総合研究所作成,10億円/指数,定義式（逆算）,SHAREV ÷ PSHARE（式101 を実績で閉じる）,,,10億円/指数,なし,,2010Q1,2021Q4,0,0,
REQU,外生,,,外生,自己資本比率,％,Author,内閣府経済社会総合研究所作成,小数（比率）,仮定値,自己資本比率 = 0.40 で全期間一定（法人企業統計の自己資本比率は概ね 40%）。論文は Author,,定数,小数（論文は %）,なし,0.4,2010Q1,2021Q4,0,0,#1 #3
SLRATIO,外生,,,外生,短期・長期負債比率,％,"MOF,MBFS",財務省 財政金融統計月報,小数（比率）,仮定値,短期・長期負債比率 = 0.50 で全期間一定。論文は財務省 財政金融統計月報（法人企業統計）,,定数,小数（論文は %）,なし,0.5,2010Q1,2021Q4,0,0,#1 #3
TINCR,外生,,,外生,投資税額控除率,％,Author,内閣府経済社会総合研究所作成,小数（比率）,仮定値,投資税額控除率 = 0（論文は Author）,,定数,小数,なし,0.0,2010Q1,2021Q4,0,0,#3
ROR,外生,,,外生,株価平均利回（東証第1部、有配当会社）,％,"TSE,ASR",東京証券取引所 統計月報,%,仮定値,株価平均利回り = 2.0% で全期間一定。論文は東証統計月報（東証一部 有配当会社）,,定数,%,なし,2.0,2010Q1,2021Q4,0,0,#1 #3
UREQ,外生,,,外生,均衡失業率,％,"JILPT,ULS",労働政策研究・研修機構 ユースフル労働統計,%,仮定値,均衡失業率 = 3.0% で全期間一定（論文は JILPT ユースフル労働統計）。式48・50 に log(UR/UREQ) 等で入る,,定数,%,なし,3.0,2010Q1,2021Q4,0,0,#3
CUXEQ,外生,,,外生,均衡稼働率指数,％,Author,内閣府経済社会総合研究所作成,2015年=100,逆算（Author 系列の代替）,CUX の 2010Q1〜2019Q4 平均（全期間一定）,,定数,2015年=100,なし,100.72261904761906,2010Q1,2021Q4,0,0,#3
LHXEQ,外生,,,外生,均衡労働時間指数,2015年=100,Author,内閣府経済社会総合研究所作成,2015年=100,逆算（Author 系列の代替）,LHX の 13期中心化移動平均（端は最低7期）,,,2015年=100,端の期間は min_periods=7 で計算,,2010Q1,2021Q4,0,0,#3
WPH,内生,96,96,内生,一人当たり雇用者報酬(労働時間変化の影響を除く),10万円,"CAO,SNA",内閣府 国民経済計算・固定資本ストック速報,10万円,定義式,100 × W ÷ LHX（式96）,,,10万円,なし,,2010Q1,2021Q4,0,0,
WPHXREQ,外生,,,外生,均衡一人当たり雇用者報酬（労働時間変化の影響を除く）,10万円,Author,内閣府経済社会総合研究所作成,10万円,逆算（Author 系列の代替）,(WPH ÷ PCPAT) の 2010Q1〜2019Q4 平均（全期間一定）,,定数,10万円（実質）,なし,48.27345023593084,2010Q1,2021Q4,0,0,#3
ERRPFU,外生,,,外生,生産関数誤差項,10億円,Author,内閣府経済社会総合研究所作成,10億円・季調年率,逆算（Author 系列の代替）,式54（生産関数）を実績の稼働率で満たす残差の GDP 比（2015〜19年平均）× GDP,,四半期ごとの残差は稼働率のノイズを含むため GDP 比を一定にする,10億円・年率,なし,,2010Q1,2021Q4,0,0,#3
RSBGV,外生,,,外生,一般政府累積財政赤字評価調整額,10億円,Author,内閣府経済社会総合研究所作成,10億円（ストック・期末）,残差（Author 系列の代替）,SBGV − SBGV(-1) + BGV/4（式141 を実績で閉じる評価調整額）,,,10億円,2010Q1 は欠損（ラグ）,,2010Q2,2021Q4,1,0,
GDPD,内生,1,1,内生,実質国内総生産成長率(年率）,％,Author,内閣府経済社会総合研究所作成,%,定義式,model.py 式1 を実績値に当てはめて算出（build_data.fill_identities）,,,,なし,,2010Q2,2021Q4,1,0,
GDPVEXCT,内生,26,26,内生,国内総生産(名目、消費税除く),10億円,Author,内閣府経済社会総合研究所作成,10億円・季調年率,定義式,model.py 式26 を実績値に当てはめて算出（build_data.fill_identities）,,,,なし,,2010Q1,2021Q4,0,0,
CPVEXCT,内生,27,27,内生,民間最終消費支出(名目、消費税除く),10億円,Author,内閣府経済社会総合研究所作成,10億円・季調年率,定義式,model.py 式27 を実績値に当てはめて算出（build_data.fill_identities）,,,,なし,,2010Q1,2021Q4,0,0,
IFPVEXCT,内生,28,28,内生,民間企業設備固定資本形成(名目、消費税除く),10億円,Author,内閣府経済社会総合研究所作成,10億円・季調年率,定義式,model.py 式28 を実績値に当てはめて算出（build_data.fill_identities）,,,,なし,,2010Q1,2021Q4,0,0,
IHPVEXCT,内生,29,29,内生,民間固定資本形成(名目、消費税除く),10億円,Author,内閣府経済社会総合研究所作成,10億円・季調年率,定義式,model.py 式29 を実績値に当てはめて算出（build_data.fill_identities）,,,,なし,,2010Q1,2021Q4,0,0,
INPVEXCT,内生,30,30,内生,民間企業在庫品増加(名目、消費税除く),10億円,Author,内閣府経済社会総合研究所作成,10億円・季調年率,定義式,model.py 式30 を実績値に当てはめて算出（build_data.fill_identities）,,,,なし,,2010Q1,2021Q4,0,0,
CGVEXCT,内生,31,31,内生,政府最終消費支出(名目、消費税除く),10億円,Author,内閣府経済社会総合研究所作成,10億円・季調年率,定義式,model.py 式31 を実績値に当てはめて算出（build_data.fill_identities）,,,,なし,,2010Q1,2021Q4,0,0,
IGVEXCT,内生,32,32,内生,公的固定資本形成(名目、消費税除く),10億円,Author,内閣府経済社会総合研究所作成,10億円・季調年率,定義式,model.py 式32 を実績値に当てはめて算出（build_data.fill_identities）,,,,なし,,2010Q1,2021Q4,0,0,
INGVEXCT,内生,33,33,内生,公的在庫品増加(名目、消費税除く),10億円,Author,内閣府経済社会総合研究所作成,10億円・季調年率,定義式,model.py 式33 を実績値に当てはめて算出（build_data.fill_identities）,,,,なし,,2010Q1,2021Q4,0,0,
MGSVEXCT,内生,34,34,内生,財貨・サービスの輸入(名目、消費税除く),10億円,Author,内閣府経済社会総合研究所作成,10億円・季調年率,定義式,model.py 式34 を実績値に当てはめて算出（build_data.fill_identities）,,,,なし,,2010Q1,2021Q4,0,0,
KFP,内生,35,35,内生,民間企業資本ストック(実質),10億円,Author,内閣府経済社会総合研究所作成,10億円（ストック・期末）,定義式,model.py 式35 を実績値に当てはめて算出（build_data.fill_identities）,,,,なし,,2010Q4,2021Q4,3,0,
RFP,内生,36,36,内生,民間企業固定資本除却(実質),10億円,Author,内閣府経済社会総合研究所作成,10億円・季調年率,定義式,model.py 式36 を実績値に当てはめて算出（build_data.fill_identities）,,,,なし,,2011Q1,2021Q4,4,0,
RFPV,内生,37,37,内生,民間企業固定資本除却(名目),10億円,Author,内閣府経済社会総合研究所作成,10億円・季調年率,定義式,model.py 式37 を実績値に当てはめて算出（build_data.fill_identities）,,,,なし,,2011Q1,2021Q4,4,0,
KFPSTA,内生,38,38,内生,均衡民間企業資本ストック,10億円,Author,内閣府経済社会総合研究所作成,10億円（ストック・期末）,定義式,model.py 式38 を実績値に当てはめて算出（build_data.fill_identities）,,,,なし,,2011Q4,2021Q4,7,0,
KHP,内生,39,39,内生,民間住宅ストック(実質),10億円,Author,内閣府経済社会総合研究所作成,10億円（ストック・期末）,定義式,model.py 式39 を実績値に当てはめて算出（build_data.fill_identities）,,,,なし,,2010Q4,2021Q4,3,0,
RHPV,内生,40,40,内生,民間住宅除却(名目),10億円,Author,内閣府経済社会総合研究所作成,10億円・季調年率,定義式,model.py 式40 を実績値に当てはめて算出（build_data.fill_identities）,,,,なし,,2011Q1,2021Q4,4,0,
KNP,内生,41,41,内生,民間企業在庫ストック(実質),10億円,Author,内閣府経済社会総合研究所作成,10億円（ストック・期末）,定義式,model.py 式41 を実績値に当てはめて算出（build_data.fill_identities）,,,,なし,,2010Q4,2021Q4,3,0,
RNPV,内生,42,42,内生,在庫品評価調整額,10億円,Author,内閣府経済社会総合研究所作成,10億円・季調年率,定義式,model.py 式42 を実績値に当てはめて算出（build_data.fill_identities）,,,,なし,,2011Q1,2021Q4,4,0,
KG,内生,43,43,内生,公的固定資本ストック(実質),10億円,Author,内閣府経済社会総合研究所作成,10億円（ストック・期末）,定義式,model.py 式43 を実績値に当てはめて算出（build_data.fill_identities）,,,,なし,,2010Q4,2021Q4,3,0,
GDPPOT,内生,50,50,内生,完全雇用GDP,10億円,Author,内閣府経済社会総合研究所作成,10億円・季調年率,定義式,model.py 式50 を実績値に当てはめて算出（build_data.fill_identities）,,,,なし,,2011Q1,2021Q4,4,0,
GDPGAP,内生,51,51,内生,GDPギャップ,％,Author,内閣府経済社会総合研究所作成,%,定義式,model.py 式51 を実績値に当てはめて算出（build_data.fill_identities）,,,,なし,,2011Q1,2021Q4,4,0,
PIFPATGR,内生,59,59,内生,民間企業設備投資デフレータ(消費税除く）成長率,,Author,内閣府経済社会総合研究所作成,小数（比率）,定義式,model.py 式59 を実績値に当てはめて算出（build_data.fill_identities）,,,,なし,,2011Q1,2021Q4,4,0,
PIFPATSUM,内生,60,60,内生,民間企業設備投資デフレータ(消費税除く）成長率平均,,Author,内閣府経済社会総合研究所作成,小数（比率）,定義式,model.py 式60 を実績値に当てはめて算出（build_data.fill_identities）,,,,なし,,2011Q2,2021Q4,5,0,
WIPH,内生,70,70,内生,一人当たり俸給・賃金(労働時間変化の影響を除く),10万円,Author,内閣府経済社会総合研究所作成,10万円,定義式,model.py 式70 を実績値に当てはめて算出（build_data.fill_identities）,,,,なし,,2010Q1,2021Q4,0,0,
PGDPD,内生,72,72,内生,GDPデフレータ対前期比変化率(年率）,％,"CAO,SNA",内閣府 国民経済計算・固定資本ストック速報,%,定義式,model.py 式72 を実績値に当てはめて算出（build_data.fill_identities）,,,,なし,,2010Q2,2021Q4,1,0,
YCVAT,内生,85,85,内生,法人企業所得（税引後）,10億円,Author,内閣府経済社会総合研究所作成,10億円・季調年率,定義式,model.py 式85 を実績値に当てはめて算出（build_data.fill_identities）,,,,なし,,2011Q1,2021Q4,4,0,
INPVA,内生,88,88,内生,民間企業在庫品評価調整額,10億円,Author,内閣府経済社会総合研究所作成,10億円・季調年率,定義式,model.py 式88 を実績値に当てはめて算出（build_data.fill_identities）,,,,なし,,2011Q1,2021Q4,4,0,
YLV,内生,92,92,内生,労働所得(名目),10億円,Author,内閣府経済社会総合研究所作成,10億円・季調年率,定義式,model.py 式92 を実績値に当てはめて算出（build_data.fill_identities）,,,,なし,,2010Q1,2021Q4,0,0,
YL,内生,93,93,内生,労働所得(実質),10億円,Author,内閣府経済社会総合研究所作成,10億円・季調年率,定義式,model.py 式93 を実績値に当てはめて算出（build_data.fill_identities）,,,,なし,,2010Q1,2021Q4,0,0,
NWCV,内生,97,97,内生,純資産（家計保有分）,10億円,Author,内閣府経済社会総合研究所作成,10億円（ストック・期末）,定義式,model.py 式97 を実績値に当てはめて算出（build_data.fill_identities）,,,,なし,,2010Q4,2021Q4,3,0,
NWTV,内生,98,98,内生,純資産（総額）,10億円,Author,内閣府経済社会総合研究所作成,10億円（ストック・期末）,定義式,model.py 式98 を実績値に当てはめて算出（build_data.fill_identities）,,,,なし,,2010Q4,2021Q4,3,0,
FNWV,内生,99,99,内生,金融純資産,10億円,Author,内閣府経済社会総合研究所作成,10億円（ストック・期末）,定義式,model.py 式99 を実績値に当てはめて算出（build_data.fill_identities）,,,,なし,,2010Q1,2021Q4,0,0,
KPV,内生,106,106,内生,民間総資本ストック（名目）,10億円,Author,内閣府経済社会総合研究所作成,10億円（ストック・期末）,定義式,model.py 式106 を実績値に当てはめて算出（build_data.fill_identities）,,,,なし,,2010Q4,2021Q4,3,0,
KNGDEQ,内生,110,110,内生,均衡民間在庫ストックGDP比（実質）,％,Author,内閣府経済社会総合研究所作成,小数（比率）,定義式,model.py 式110 を実績値に当てはめて算出（build_data.fill_identities）,,,,なし,,2010Q1,2021Q4,0,0,
MK,内生,112,112,内生,貨幣供給量対実質GDP比率,10億円,Author,内閣府経済社会総合研究所作成,小数（比率）,定義式,model.py 式112 を実績値に当てはめて算出（build_data.fill_identities）,,,,なし,,2010Q1,2021Q4,0,0,
PERR,内生,118,118,内生,株価収益率,倍,Author,内閣府経済社会総合研究所作成,倍,定義式,model.py 式118 を実績値に当てはめて算出（build_data.fill_identities）,,,,なし,,2011Q1,2021Q4,4,0,
PVDP,内生,121,121,内生,減価償却の現在価値,,Author,内閣府経済社会総合研究所作成,小数（比率）,定義式,model.py 式121 を実績値に当てはめて算出（build_data.fill_identities）,,,,なし,,2010Q1,2021Q4,0,0,
UCCDB,内生,122,122,内生,借入資本の使用者費用,10億円,Author,内閣府経済社会総合研究所作成,小数（比率）,定義式,model.py 式122 を実績値に当てはめて算出（build_data.fill_identities）,,,,なし,,2011Q2,2021Q4,5,0,
UCCDE,内生,123,123,内生,自己資本の使用者費用,10億円,Author,内閣府経済社会総合研究所作成,小数（比率）,定義式,model.py 式123 を実績値に当てはめて算出（build_data.fill_identities）,,,,なし,,2011Q4,2021Q4,7,0,
UCCPF,内生,124,124,内生,資本の使用者費用,10億円,Author,内閣府経済社会総合研究所作成,小数（比率）,定義式,model.py 式124 を実績値に当てはめて算出（build_data.fill_identities）,,,,なし,,2011Q4,2021Q4,7,0,
UCC,内生,125,125,内生,資本コスト（実質）,10億円,Author,内閣府経済社会総合研究所作成,小数（比率）,定義式,model.py 式125 を実績値に当てはめて算出（build_data.fill_identities）,,,,なし,,2011Q4,2021Q4,7,0,
BGV,内生,126,126,内生,一般政府財政バランス,10億円,"CAO,SNA",内閣府 国民経済計算・固定資本ストック速報,10億円・季調年率,論文どおり,式126（OTNGV を含む）。年度平均が ESRI 国民経済計算 一般政府の部門別勘定（GFS）の純貸出(+)/純借入(-) に一致,data/raw/2022s6_2_jp.xlsx,式126 を実績に当てはめ、OTNGV で SNA の年度値に合わせる,10億円・年率,なし,,2010Q1,2021Q4,0,0,
BGVATGDPV,内生,127,127,内生,一般政府財政バランス対名目GDP比,％,Author,内閣府経済社会総合研究所作成,%,定義式,model.py 式127 を実績値に当てはめて算出（build_data.fill_identities）,,,,なし,,2010Q1,2021Q4,0,0,
SBGVATGDPV,内生,142,142,内生,一般政府累積財政赤字対名目GDP比,％,Author,内閣府経済社会総合研究所作成,%,定義式,model.py 式142 を実績値に当てはめて算出（build_data.fill_identities）,,,,なし,,2010Q1,2021Q4,0,0,
BCVATGDPV,内生,151,151,内生,経常収支対名目GDP比,％,Author,内閣府経済社会総合研究所作成,%,定義式,model.py 式151 を実績値に当てはめて算出（build_data.fill_identities）,,,,なし,,2010Q1,2021Q4,0,0,
SBCVATGDPV,内生,152,152,内生,累積経常収支対名目GDP比,％,Author,内閣府経済社会総合研究所作成,%,定義式,model.py 式152 を実績値に当てはめて算出（build_data.fill_identities）,,,,なし,,2010Q1,2021Q4,0,0,
