実質季節調整系列,,,,,,,,,,,,,,,,<参考>,,,,,,,,,,,,,(単位:2015暦年連鎖価格、10億円),,,
"Real, Seasonally Adjusted Series",,,,,,,,,,,,,,,,<cf>,,,,,,,,,,,,,(Billions of Chained (2015) Yen),,,
,国内総生産(支出側),民間最終消費支出,,,民間住宅,民間企業設備,民間在庫変動,政府最終消費支出,公的固定資本形成,公的在庫変動,財貨・サービス,,,開差,,交易利得,国内総所得,海外からの所得,,,国民総所得,,国内需要,民間需要,公的需要,,総固定資本形成,,最終需要,,,
,,,家計最終消費支出,,,,,,,,純輸出,輸出,輸入,,,,,純受取,受取,支払,,,,,,,,,,,,
,,,,除く持ち家の帰属家賃,,,,,,,,,,,,,,,,,,,,,,,,,,,,
,GDP(Expenditure Approach),PrivateConsumption,Consumption ofHouseholds,ExcludingImputed Rent,PrivateResidentialInvestment,Private Non-Resi.Investment,Changein PrivateInventories,GovernmentConsumption,PublicInvestment,Changein PublicInventories,Goods & Services,,,Residual,,TradingGains/Losses,GDI,Income from /to the Rest of the World,,,GNI,,DomesticDemand,PrivateDemand,PublicDemand,,Gross Fixed CapitalFormation,,Final Sales of Domestic Product,,,
,,,,,,,,,,,Net Exports,Exports,Imports,,,,,Net,Receipt,Payment,,,,,,,,,,,,
1994/ 1- 3.,"446,305.4 ","247,535.0 ","243,652.4 ","208,606.2 ","29,812.0 ","66,259.2 ","4,229.0 ","71,357.3 ","47,098.1 ",-542.3 ,"-7,720.1 ","37,756.0 ","45,476.1 ","-11,722.8 ",,"19,378.5 ","465,683.9 ","4,190.5 ","14,595.0 ","10,404.4 ","469,874.4 ",,"462,342.5 ","346,474.4 ","115,941.9 ",,"139,766.4 ",,"442,251.8 ",,,
4- 6.,"443,741.4 ","248,757.7 ","244,818.6 ","209,570.4 ","31,118.5 ","66,065.0 ","-2,884.5 ","72,243.7 ","48,012.0 ",622.8 ,"-8,364.1 ","37,963.9 ","46,328.0 ","-11,829.8 ",,"18,742.3 ","462,483.7 ","3,834.7 ","14,508.8 ","10,674.2 ","466,318.4 ",,"460,004.5 ","341,604.3 ","118,659.7 ",,"141,499.8 ",,"445,537.4 ",,,
7- 9.,"448,941.8 ","250,618.0 ","246,656.8 ","211,191.9 ","33,628.1 ","65,999.2 ",-280.5 ,"72,789.0 ","46,294.4 ",806.2 ,"-9,067.4 ","38,658.3 ","47,725.7 ","-11,845.3 ",,"18,142.8 ","467,084.6 ","3,818.4 ","14,745.7 ","10,927.3 ","470,903.0 ",,"465,724.0 ","348,123.4 ","117,728.5 ",,"142,080.7 ",,"448,137.7 ",,,
10-12.,"447,167.0 ","250,780.4 ","246,774.4 ","211,132.3 ","32,218.2 ","67,028.9 ","-1,601.9 ","72,950.0 ","45,580.6 ",853.3 ,"-9,378.9 ","38,820.6 ","48,199.5 ","-11,263.5 ",,"18,529.9 ","465,696.8 ","3,836.6 ","15,250.5 ","11,413.9 ","469,533.4 ",,"464,006.0 ","346,879.4 ","117,252.5 ",,"141,344.5 ",,"447,577.3 ",,,
1995/ 1- 3.,"452,110.5 ","252,928.4 ","248,855.5 ","213,011.2 ","31,121.5 ","68,647.7 ","2,253.7 ","74,470.5 ","43,633.7 ",-27.7 ,"-10,500.1 ","39,311.7 ","49,811.8 ","-10,417.2 ",,"18,955.2 ","471,065.7 ","4,024.9 ","15,673.5 ","11,648.6 ","475,090.6 ",,"469,827.4 ","353,606.8 ","116,207.5 ",,"140,426.3 ",,"449,532.7 ",,,
4- 6.,"456,273.9 ","254,883.8 ","250,728.1 ","214,693.7 ","30,381.5 ","71,088.0 ","1,116.7 ","74,611.3 ","45,414.1 ",199.2 ,"-11,408.5 ","39,897.7 ","51,306.2 ","-10,012.2 ",,"19,769.6 ","476,043.5 ","3,214.8 ","14,837.2 ","11,622.4 ","479,258.3 ",,"474,634.8 ","356,442.2 ","118,225.6 ",,"144,020.1 ",,"454,595.9 ",,,
7- 9.,"461,705.6 ","256,355.4 ","252,125.9 ","215,910.6 ","29,741.6 ","72,334.5 ","2,105.5 ","75,543.0 ","48,917.3 ",173.1 ,"-13,893.9 ","40,273.7 ","54,167.6 ","-9,570.8 ",,"20,654.9 ","482,360.5 ","4,578.5 ","18,553.1 ","13,974.6 ","486,939.0 ",,"481,965.2 ","359,669.5 ","122,463.2 ",,"147,930.7 ",,"459,107.6 ",,,
10-12.,"462,857.3 ","258,171.5 ","253,905.1 ","217,489.9 ","30,431.2 ","73,525.1 ","1,032.7 ","75,789.1 ","49,125.3 ",235.2 ,"-16,596.9 ","40,157.9 ","56,754.8 ","-8,855.9 ",,"21,317.4 ","484,174.7 ","4,863.1 ","19,180.9 ","14,317.7 ","489,037.8 ",,"485,112.6 ","362,307.0 ","122,953.4 ",,"150,008.9 ",,"461,223.7 ",,,
1996/ 1- 3.,"466,623.4 ","257,415.8 ","253,142.2 ","216,548.6 ","31,805.6 ","73,285.0 ","1,643.0 ","76,459.0 ","51,638.2 ",596.8 ,"-17,004.4 ","40,800.6 ","57,805.0 ","-9,215.7 ",,"20,784.0 ","487,407.4 ","5,667.9 ","11,870.3 ","6,202.4 ","493,075.3 ",,"489,116.4 ","363,094.5 ","126,278.9 ",,"153,188.7 ",,"464,149.4 ",,,
4- 6.,"472,491.3 ","260,510.2 ","256,232.2 ","219,410.6 ","33,278.5 ","75,804.0 ","2,978.7 ","76,391.7 ","50,910.9 ",190.8 ,"-18,807.7 ","40,751.7 ","59,559.5 ","-8,765.7 ",,"19,949.7 ","492,441.0 ","6,330.7 ","12,059.7 ","5,729.0 ","498,771.7 ",,"496,566.2 ","371,481.2 ","125,196.9 ",,"156,552.2 ",,"469,053.9 ",,,
7- 9.,"473,139.8 ","260,785.7 ","256,479.0 ","219,443.9 ","34,510.5 ","76,855.0 ","1,475.3 ","76,724.8 ","48,644.6 ",226.9 ,"-17,524.1 ","41,971.6 ","59,495.7 ","-8,558.9 ",,"18,951.2 ","492,091.0 ","5,942.4 ","11,456.5 ","5,514.1 ","498,033.4 ",,"495,895.1 ","372,503.3 ","123,426.1 ",,"156,743.0 ",,"471,084.3 ",,,
10-12.,"478,464.1 ","263,405.1 ","259,100.7 ","221,834.3 ","35,106.6 ","76,900.7 ","2,464.6 ","77,853.5 ","47,467.0 ",259.0 ,"-16,496.4 ","43,759.1 ","60,255.5 ","-8,496.0 ",,"18,453.7 ","496,917.8 ","6,137.7 ","11,631.9 ","5,494.3 ","503,055.4 ",,"500,125.7 ","376,630.3 ","123,484.9 ",,"156,263.7 ",,"475,452.4 ",,,
1997/ 1- 3.,"479,680.6 ","267,263.4 ","262,988.1 ","225,503.4 ","34,090.3 ","77,660.5 ",-355.8 ,"77,863.4 ","46,626.7 ",139.4 ,"-15,675.6 ","45,099.2 ","60,774.8 ","-7,931.6 ",,"17,905.5 ","497,586.1 ","6,740.1 ","12,431.3 ","5,691.2 ","504,326.2 ",,"500,305.9 ","377,643.7 ","122,618.5 ",,"155,435.7 ",,"479,383.3 ",,,
4- 6.,"476,014.7 ","260,236.0 ","256,041.6 ","218,418.2 ","30,911.7 ","77,803.8 ","2,476.8 ","78,052.8 ","46,666.4 ",79.0 ,"-12,734.7 ","47,011.5 ","59,746.2 ","-7,477.3 ",,"18,272.6 ","494,287.3 ","6,816.9 ","12,387.9 ","5,571.0 ","501,104.2 ",,"493,550.4 ","370,787.5 ","122,803.5 ",,"152,820.0 ",,"473,133.2 ",,,
7- 9.,"477,000.2 ","260,612.2 ","256,487.9 ","218,697.8 ","29,063.5 ","78,230.0 ","4,545.5 ","77,975.5 ","47,109.8 ",164.4 ,"-13,216.9 ","46,382.8 ","59,599.7 ","-7,483.9 ",,"18,322.1 ","495,322.3 ","5,854.1 ","11,573.3 ","5,719.3 ","501,176.3 ",,"495,156.9 ","371,986.1 ","123,213.7 ",,"152,037.5 ",,"472,130.6 ",,,
10-12.,"477,202.1 ","260,115.0 ","255,896.2 ","217,946.6 ","27,891.6 ","79,911.8 ","3,757.9 ","78,392.3 ","44,807.7 ",457.1 ,"-10,849.6 ","47,395.6 ","58,245.2 ","-7,281.8 ",,"19,005.8 ","496,207.9 ","6,996.7 ","13,201.1 ","6,204.4 ","503,204.6 ",,"493,211.5 ","371,486.2 ","121,723.8 ",,"150,733.8 ",,"472,846.8 ",,,
1998/ 1- 3.,"471,365.9 ","259,748.2 ","255,278.1 ","217,162.6 ","27,185.8 ","78,679.2 ","3,511.3 ","78,280.3 ","42,227.9 ",242.4 ,"-11,533.8 ","46,178.3 ","57,712.2 ","-6,975.3 ",,"19,766.2 ","491,132.1 ","6,671.1 ","12,514.3 ","5,843.2 ","497,803.2 ",,"488,007.0 ","368,926.5 ","119,016.0 ",,"146,434.6 ",,"467,412.3 ",,,
4- 6.,"469,285.1 ","259,503.8 ","254,750.0 ","216,475.6 ","26,659.2 ","77,937.9 ","1,599.7 ","78,886.6 ","41,855.1 ",172.5 ,"-9,906.0 ","45,261.9 ","55,167.9 ","-7,423.9 ",,"19,528.0 ","488,813.1 ","5,655.6 ","11,755.5 ","6,099.9 ","494,468.6 ",,"484,828.8 ","365,584.1 ","119,221.6 ",,"144,820.6 ",,"467,151.3 ",,,
7- 9.,"470,140.8 ","261,363.5 ","256,397.8 ","217,939.6 ","26,054.0 ","77,402.5 ",-403.9 ,"79,314.1 ","43,795.9 ",-81.8 ,"-9,827.1 ","45,432.3 ","55,259.4 ","-7,476.4 ",,"19,071.2 ","489,212.0 ","6,305.7 ","11,781.1 ","5,475.4 ","495,517.7 ",,"485,606.6 ","364,402.4 ","121,261.4 ",,"145,451.7 ",,"470,045.3 ",,,
10-12.,"473,937.7 ","260,990.3 ","255,879.5 ","217,254.2 ","25,483.3 ","75,354.6 ","2,429.0 ","79,869.9 ","48,298.7 ",-601.5 ,"-9,331.7 ","44,607.6 ","53,939.4 ","-8,554.9 ",,"19,523.5 ","493,461.2 ","5,776.8 ","10,076.5 ","4,299.7 ","499,238.0 ",,"489,478.1 ","364,070.9 ","125,612.6 ",,"146,819.8 ",,"471,615.9 ",,,
1999/ 1- 3.,"467,405.4 ","261,987.2 ","256,801.6 ","217,949.6 ","25,239.8 ","73,232.5 ","-3,512.9 ","80,735.8 ","48,482.6 ",-88.0 ,"-10,893.1 ","44,707.8 ","55,600.9 ","-7,778.5 ",,"20,446.3 ","487,851.6 ","5,185.2 ","9,888.9 ","4,703.7 ","493,036.8 ",,"483,798.0 ","357,080.5 ","127,059.6 ",,"144,500.9 ",,"470,056.1 ",,,
4- 6.,"469,173.5 ","262,250.6 ","256,903.2 ","217,802.5 ","26,877.7 ","73,817.0 ","-3,777.3 ","81,532.1 ","47,687.0 ",-7.6 ,"-11,524.0 ","45,110.8 ","56,634.8 ","-7,682.1 ",,"19,923.9 ","489,097.3 ","6,259.1 ","10,180.3 ","3,921.1 ","495,356.5 ",,"486,016.3 ","359,150.4 ","127,192.3 ",,"145,867.1 ",,"471,998.8 ",,,
7- 9.,"471,673.3 ","264,066.9 ","258,535.7 ","219,183.8 ","27,140.0 ","73,391.8 ","-3,443.1 ","82,478.0 ","46,225.2 ",-9.8 ,"-11,020.1 ","47,048.8 ","58,068.8 ","-7,155.6 ",,"18,978.3 ","490,651.6 ","6,303.6 ","9,922.6 ","3,619.0 ","496,955.3 ",,"487,565.6 ","361,062.2 ","126,794.7 ",,"144,328.7 ",,"474,195.9 ",,,
10-12.,"471,845.1 ","264,798.9 ","259,295.8 ","219,703.3 ","26,009.4 ","74,183.8 ","-3,570.0 ","82,803.9 ","46,010.3 ",-387.8 ,"-11,686.2 ","48,122.6 ","59,808.8 ","-6,317.2 ",,"20,093.0 ","491,938.0 ","6,649.3 ","10,156.7 ","3,507.4 ","498,587.4 ",,"487,875.9 ","361,519.8 ","126,634.4 ",,"143,977.5 ",,"474,749.8 ",,,
2000/ 1- 3.,"479,860.1 ","266,291.5 ","261,040.3 ","221,200.8 ","26,274.5 ","76,969.7 ","-1,610.0 ","83,857.0 ","43,483.8 ",179.8 ,"-9,122.3 ","50,708.3 ","59,830.6 ","-6,463.9 ",,"18,316.1 ","498,176.2 ","6,376.6 ","10,552.4 ","4,175.8 ","504,552.7 ",,"493,605.2 ","367,936.0 ","125,823.0 ",,"144,916.1 ",,"480,611.3 ",,,
4- 6.,"482,128.7 ","265,905.4 ","260,990.0 ","220,908.4 ","26,955.1 ","75,878.9 ","1,321.9 ","84,867.0 ","43,187.0 ",40.0 ,"-9,889.2 ","52,332.5 ","62,221.6 ","-6,137.5 ",,"19,087.7 ","501,216.4 ","7,711.4 ","11,334.5 ","3,623.0 ","508,927.8 ",,"495,998.1 ","369,690.7 ","126,461.6 ",,"144,090.6 ",,"480,395.4 ",,,
7- 9.,"482,252.1 ","266,393.4 ","261,719.1 ","221,388.0 ","26,428.3 ","78,476.9 ","-1,031.7 ","85,491.2 ","42,386.5 ",-47.8 ,"-10,669.3 ","53,198.9 ","63,868.2 ","-5,175.5 ",,"18,693.6 ","500,945.7 ","7,634.2 ","11,383.6 ","3,749.4 ","508,579.9 ",,"496,404.4 ","370,263.6 ","126,281.2 ",,"145,670.7 ",,"482,664.5 ",,,
10-12.,"486,939.5 ","269,682.7 ","265,042.4 ","224,448.3 ","26,973.2 ","80,839.1 ",268.1 ,"86,040.2 ","41,063.6 ",-73.5 ,"-13,230.7 ","52,968.1 ","66,198.8 ","-4,623.2 ",,"19,357.3 ","506,296.7 ","7,666.3 ","11,813.5 ","4,147.2 ","513,963.0 ",,"503,244.9 ","377,673.1 ","125,588.9 ",,"147,484.2 ",,"486,221.0 ",,,
2001/ 1- 3.,"490,552.0 ","271,295.0 ","266,482.9 ","225,645.1 ","26,979.7 ","81,265.8 ","2,148.9 ","86,182.2 ","43,062.4 ",17.8 ,"-15,266.9 ","51,054.3 ","66,321.2 ","-5,132.9 ",,"19,234.4 ","509,786.3 ","7,960.3 ","12,180.8 ","4,220.6 ","517,746.6 ",,"509,055.7 ","381,447.9 ","127,662.7 ",,"149,746.5 ",,"488,095.3 ",,,
4- 6.,"486,870.9 ","273,501.5 ","268,476.7 ","227,406.5 ","25,460.8 ","79,098.7 ","2,335.4 ","86,935.2 ","40,506.4 ",-213.9 ,"-15,719.6 ","49,153.8 ","64,873.4 ","-5,033.6 ",,"17,985.9 ","504,856.9 ","7,752.9 ","11,772.6 ","4,019.7 ","512,609.7 ",,"506,087.4 ","380,242.9 ","125,851.1 ",,"143,754.6 ",,"484,441.7 ",,,
7- 9.,"481,567.8 ","273,335.9 ","268,185.8 ","226,883.0 ","25,326.4 ","77,644.0 ","-2,165.2 ","87,082.6 ","40,510.0 ",-243.2 ,"-14,875.0 ","48,073.0 ","62,948.0 ","-5,047.8 ",,"17,660.7 ","499,228.5 ","7,658.4 ","11,470.9 ","3,812.5 ","506,886.9 ",,"500,244.4 ","374,343.3 ","125,981.4 ",,"142,088.1 ",,"483,145.9 ",,,
10-12.,"479,926.6 ","272,914.3 ","267,743.0 ","226,214.6 ","25,453.3 ","74,594.7 ","-1,116.1 ","88,175.1 ","39,545.4 ",-24.6 ,"-13,944.9 ","47,151.4 ","61,096.2 ","-5,670.6 ",,"18,830.5 ","498,757.0 ","8,152.9 ","11,498.2 ","3,345.3 ","506,909.9 ",,"498,112.8 ","371,835.4 ","126,396.3 ",,"138,086.3 ",,"480,399.4 ",,,
2002/ 1- 3.,"480,733.3 ","274,488.2 ","269,406.2 ","227,642.3 ","25,207.3 ","73,956.7 ","-3,495.9 ","88,206.4 ","40,031.6 ",-81.5 ,"-12,313.4 ","49,303.1 ","61,616.5 ","-5,266.2 ",,"18,747.8 ","499,481.1 ","7,964.7 ","11,006.9 ","3,042.2 ","507,445.8 ",,"497,092.0 ","370,387.0 ","126,834.1 ",,"137,635.4 ",,"483,336.4 ",,,
4- 6.,"484,628.8 ","276,747.7 ","271,818.5 ","229,829.4 ","25,277.6 ","72,927.1 ","-2,443.7 ","88,525.4 ","38,945.4 ",-24.4 ,"-10,535.8 ","52,916.5 ","63,452.2 ","-4,790.5 ",,"18,720.3 ","503,349.0 ","7,189.7 ","10,397.7 ","3,208.0 ","510,538.7 ",,"498,762.2 ","372,625.5 ","126,228.2 ",,"135,623.9 ",,"486,255.3 ",,,
7- 9.,"486,153.6 ","276,954.8 ","272,128.8 ","229,928.1 ","25,217.7 ","74,123.9 ","-1,522.9 ","89,209.5 ","38,796.6 ",-65.6 ,"-12,253.5 ","53,285.3 ","65,538.8 ","-4,307.1 ",,"18,798.6 ","504,952.2 ","7,359.6 ","10,714.2 ","3,354.6 ","512,311.7 ",,"501,535.7 ","374,856.0 ","126,764.4 ",,"136,703.4 ",,"487,002.8 ",,,
10-12.,"487,507.4 ","276,318.4 ","271,462.4 ","229,047.4 ","24,894.5 ","74,180.2 ",490.3 ,"89,070.5 ","38,216.5 ",-171.5 ,"-11,401.3 ","55,126.5 ","66,527.8 ","-4,090.3 ",,"19,169.7 ","506,677.1 ","7,019.0 ","10,284.7 ","3,265.7 ","513,696.1 ",,"501,768.9 ","375,825.7 ","126,005.0 ",,"135,941.8 ",,"486,674.5 ",,,
2003/ 1- 3.,"487,807.7 ","277,465.3 ","272,450.4 ","229,808.8 ","24,752.8 ","74,469.2 ",-471.7 ,"89,547.4 ","36,975.6 ",-72.2 ,"-11,140.6 ","55,865.8 ","67,006.4 ","-3,718.0 ",,"17,516.1 ","505,323.8 ","7,622.6 ","10,721.9 ","3,099.3 ","512,946.5 ",,"501,673.4 ","376,267.6 ","125,463.8 ",,"134,983.1 ",,"487,737.4 ",,,
4- 6.,"491,160.8 ","276,967.8 ","271,759.6 ","228,895.0 ","24,890.7 ","75,611.8 ",-651.9 ,"90,342.5 ","37,121.9 ",74.6 ,"-8,772.4 ","55,995.2 ","64,767.6 ","-4,424.3 ",,"18,133.3 ","509,294.1 ","7,824.9 ","10,715.4 ","2,890.5 ","517,119.0 ",,"503,356.1 ","376,889.6 ","126,542.4 ",,"136,445.9 ",,"491,127.0 ",,,
7- 9.,"492,611.3 ","276,834.2 ","271,487.7 ","228,359.8 ","25,391.5 ","74,433.4 ","1,815.8 ","90,678.7 ","36,093.6 ",-98.3 ,"-8,339.2 ","57,994.4 ","66,333.7 ","-4,198.4 ",,"18,240.9 ","510,852.3 ","9,337.2 ","12,133.7 ","2,796.4 ","520,189.5 ",,"503,978.2 ","378,232.8 ","125,805.8 ",,"134,715.5 ",,"490,565.0 ",,,
10-12.,"497,974.7 ","280,612.9 ","275,215.1 ","231,974.3 ","25,070.6 ","77,427.0 ",-705.4 ,"91,066.3 ","35,256.6 ",-393.6 ,"-6,910.2 ","60,958.9 ","67,869.1 ","-3,449.5 ",,"18,607.9 ","516,582.6 ","8,367.0 ","11,038.9 ","2,671.9 ","524,949.6 ",,"507,662.0 ","382,506.6 ","125,185.4 ",,"136,810.6 ",,"498,374.4 ",,,
2004/ 1- 3.,"501,634.8 ","280,486.4 ","275,123.6 ","231,620.6 ","25,345.2 ","77,359.4 ","2,902.6 ","91,484.5 ","33,608.2 ",-341.2 ,"-5,978.7 ","63,966.3 ","69,945.0 ","-3,231.5 ",,"17,893.0 ","519,527.8 ","9,359.1 ","12,021.9 ","2,662.8 ","528,886.9 ",,"510,009.0 ","385,850.4 ","124,153.3 ",,"135,462.9 ",,"498,806.5 ",,,
4- 6.,"501,707.2 ","280,909.4 ","275,596.3 ","231,947.2 ","25,841.2 ","77,084.9 ","1,227.2 ","91,094.7 ","33,435.0 ",63.4 ,"-5,055.7 ","66,066.7 ","71,122.4 ","-2,892.9 ",,"16,883.0 ","518,590.2 ","10,036.2 ","12,895.2 ","2,859.0 ","528,626.4 ",,"508,864.0 ","384,905.3 ","123,953.8 ",,"135,467.0 ",,"500,016.7 ",,,
7- 9.,"504,776.6 ","282,993.2 ","277,695.8 ","233,895.2 ","25,917.8 ","78,066.1 ","2,130.5 ","91,479.5 ","32,801.8 ",54.6 ,"-6,033.1 ","66,636.5 ","72,669.7 ","-2,633.8 ",,"16,837.4 ","521,614.1 ","10,338.4 ","13,425.9 ","3,087.5 ","531,952.5 ",,"512,675.1 ","388,885.0 ","123,761.2 ",,"135,973.6 ",,"502,294.0 ",,,
10-12.,"503,804.9 ","281,511.9 ","276,189.7 ","232,241.9 ","25,951.4 ","79,785.2 ","1,890.6 ","91,491.9 ","32,391.3 ",152.8 ,"-7,349.5 ","67,515.0 ","74,864.5 ","-2,020.6 ",,"17,367.9 ","521,172.8 ","10,790.2 ","14,034.3 ","3,244.1 ","531,963.0 ",,"512,459.9 ","388,939.0 ","123,487.2 ",,"137,419.5 ",,"501,450.9 ",,,
2005/ 1- 3.,"506,398.9 ","283,191.1 ","277,819.1 ","233,762.9 ","25,561.5 ","81,795.3 ","1,172.4 ","92,380.1 ","31,690.3 ",188.0 ,"-7,510.5 ","66,837.1 ","74,347.6 ","-2,069.2 ",,"16,164.2 ","522,563.1 ","10,324.6 ","14,207.2 ","3,882.5 ","532,887.7 ",,"515,447.3 ","391,620.9 ","123,785.3 ",,"138,485.6 ",,"504,660.6 ",,,
4- 6.,"510,343.9 ","285,025.1 ","279,585.8 ","235,393.3 ","25,351.2 ","84,634.3 ","1,303.5 ","91,985.9 ","29,700.1 ",-19.2 ,"-5,977.2 ","69,715.9 ","75,693.1 ","-1,659.7 ",,"14,127.5 ","524,471.4 ","11,534.6 ","15,623.1 ","4,088.5 ","536,006.0 ",,"517,707.2 ","396,247.2 ","121,366.6 ",,"139,377.3 ",,"508,661.8 ",,,
7- 9.,"515,512.9 ","287,706.9 ","282,208.4 ","237,865.5 ","25,870.7 ","86,517.3 ",772.5 ,"91,822.7 ","30,165.1 ",17.7 ,"-5,958.5 ","71,895.6 ","77,854.1 ","-1,401.4 ",,"12,651.2 ","528,164.1 ","12,250.5 ","16,386.8 ","4,136.3 ","540,414.6 ",,"522,573.2 ","400,806.7 ","121,658.7 ",,"142,250.8 ",,"514,278.5 ",,,
10-12.,"516,422.0 ","287,802.6 ","282,267.2 ","237,772.2 ","26,145.9 ","85,113.2 ",461.1 ,"92,235.9 ","29,550.3 ",-2.6 ,"-3,512.6 ","74,402.4 ","77,915.0 ","-1,371.9 ",,"11,515.8 ","527,937.8 ","13,163.9 ","17,826.1 ","4,662.2 ","541,101.7 ",,"521,044.6 ","399,447.0 ","121,496.2 ",,"140,472.0 ",,"515,492.9 ",,,
2006/ 1- 3.,"517,242.0 ","288,805.3 ","283,261.0 ","238,654.3 ","25,895.8 ","84,756.6 ",-231.9 ,"91,970.3 ","30,332.0 ",32.5 ,"-3,142.4 ","76,112.5 ","79,254.9 ","-1,176.1 ",,"9,282.4 ","526,524.4 ","13,871.1 ","18,955.5 ","5,084.4 ","540,395.5 ",,"521,276.0 ","399,201.3 ","121,981.1 ",,"140,603.7 ",,"516,933.3 ",,,
4- 6.,"518,045.8 ","288,472.4 ","282,897.1 ","238,135.3 ","25,833.0 ","86,146.3 ",-83.7 ,"92,402.6 ","29,168.8 ",-24.6 ,"-2,976.7 ","77,395.2 ","80,372.0 ",-892.3 ,,"9,249.6 ","527,295.4 ","13,751.3 ","19,205.6 ","5,454.3 ","541,046.7 ",,"521,730.3 ","400,347.3 ","121,283.3 ",,"140,885.7 ",,"517,661.2 ",,,
7- 9.,"516,981.5 ","286,234.3 ","280,615.9 ","235,685.9 ","25,888.2 ","86,302.0 ",759.2 ,"92,454.6 ","27,581.5 ",43.8 ,"-1,548.7 ","78,807.5 ","80,356.1 ",-733.4 ,,"8,028.6 ","525,010.2 ","14,352.3 ","19,949.6 ","5,597.3 ","539,362.5 ",,"519,154.6 ","399,111.9 ","119,936.8 ",,"139,601.4 ",,"515,743.0 ",,,
10-12.,"523,965.3 ","290,578.9 ","284,965.2 ","239,896.8 ","25,808.1 ","87,879.2 ",649.9 ,"92,401.4 ","28,008.5 ",-10.4 ,-481.8 ,"79,752.1 ","80,233.9 ",-868.5 ,,"8,653.3 ","532,618.6 ","15,194.1 ","21,401.2 ","6,207.1 ","547,812.8 ",,"525,233.0 ","404,898.1 ","120,216.1 ",,"141,561.0 ",,"522,874.7 ",,,
2007/ 1- 3.,"527,484.9 ","290,820.1 ","285,250.6 ","240,014.7 ","25,423.3 ","88,204.1 ","2,414.5 ","92,931.2 ","27,794.1 ",-108.7 ,736.8 ,"81,661.7 ","80,925.0 ",-730.3 ,,"8,264.3 ","535,749.1 ","16,277.9 ","22,908.8 ","6,630.9 ","552,027.0 ",,"527,412.8 ","406,855.8 ","120,432.3 ",,"141,329.1 ",,"524,792.3 ",,,
4- 6.,"527,639.3 ","292,396.6 ","286,881.4 ","241,505.3 ","24,990.8 ","87,221.4 ","1,000.6 ","93,780.9 ","27,144.2 ",139.7 ,"1,331.9 ","83,652.8 ","82,320.9 ",-366.9 ,,"7,782.6 ","535,421.9 ","16,981.7 ","23,159.2 ","6,177.5 ","552,403.6 ",,"526,760.6 ","405,664.8 ","120,978.1 ",,"139,286.2 ",,"526,022.9 ",,,
7- 9.,"524,723.3 ","289,541.4 ","284,061.7 ","238,556.7 ","22,953.7 ","86,152.1 ","1,663.7 ","93,633.2 ","26,754.8 ",46.5 ,"4,083.2 ","85,692.1 ","81,608.9 ",-105.2 ,,"6,069.4 ","530,792.7 ","15,244.4 ","23,189.0 ","7,944.6 ","546,037.1 ",,"520,945.7 ","400,486.6 ","120,350.5 ",,"135,883.3 ",,"522,574.9 ",,,
10-12.,"527,057.0 ","290,001.2 ","284,546.4 ","238,929.3 ","20,425.8 ","86,066.5 ","2,967.9 ","94,378.9 ","27,315.4 ",74.5 ,"5,651.3 ","88,182.5 ","82,531.2 ",175.7 ,,"1,814.1 ","528,871.1 ","16,974.8 ","23,956.0 ","6,981.2 ","545,846.0 ",,"521,562.4 ","399,800.0 ","121,667.6 ",,"133,929.9 ",,"523,615.1 ",,,
2008/ 1- 3.,"529,002.8 ","291,308.0 ","285,862.5 ","240,107.8 ","21,061.9 ","86,763.9 ","1,665.7 ","94,446.6 ","26,631.9 ",89.2 ,"6,741.0 ","90,377.0 ","83,636.1 ",294.6 ,,-453.1 ,"528,549.7 ","16,438.7 ","22,477.5 ","6,038.7 ","544,988.4 ",,"522,284.0 ","401,074.5 ","121,105.9 ",,"134,583.9 ",,"526,844.9 ",,,
4- 6.,"525,852.0 ","287,975.6 ","282,568.3 ","236,646.4 ","21,924.8 ","85,371.0 ","4,360.7 ","93,189.3 ","25,693.8 ",-40.8 ,"7,190.3 ","88,629.3 ","81,439.0 ",187.3 ,,"-2,785.7 ","523,066.3 ","12,951.7 ","18,843.5 ","5,891.8 ","536,018.0 ",,"518,750.4 ","399,851.1 ","118,778.4 ",,"133,076.2 ",,"521,154.0 ",,,
7- 9.,"519,215.1 ","287,116.2 ","281,750.9 ","235,659.0 ","22,471.1 ","84,000.9 ",-286.7 ,"93,178.0 ","25,614.6 ",-42.5 ,"6,924.5 ","88,659.1 ","81,734.6 ",238.9 ,,"-6,813.5 ","512,401.6 ","13,715.7 ","19,168.1 ","5,452.4 ","526,117.3 ",,"512,238.6 ","393,446.9 ","118,690.0 ",,"132,117.7 ",,"519,130.7 ",,,
10-12.,"506,532.1 ","282,694.4 ","277,292.8 ","231,007.2 ","22,258.4 ","81,265.1 ","7,081.2 ","93,596.0 ","25,558.3 ",52.0 ,"-5,564.7 ","77,473.5 ","83,038.2 ",-408.7 ,,"1,408.4 ","507,940.5 ","12,328.5 ","17,482.4 ","5,153.9 ","520,268.9 ",,"512,786.4 ","393,511.6 ","119,178.2 ",,"129,061.6 ",,"498,946.0 ",,,
2009/ 1- 3.,"482,234.0 ","281,375.9 ","275,876.7 ","229,410.9 ","20,328.6 ","76,333.1 ","-3,458.7 ","93,943.5 ","26,350.7 ",-92.3 ,"-11,929.2 ","57,716.7 ","69,645.9 ",-617.6 ,,"7,157.8 ","489,391.8 ","11,655.9 ","16,104.5 ","4,448.6 ","501,047.7 ",,"494,712.6 ","374,579.2 ","120,107.3 ",,"122,952.2 ",,"485,701.4 ",,,
4- 6.,"491,568.1 ","283,834.4 ","278,242.2 ","231,648.9 ","18,338.9 ","73,967.0 ","-4,341.9 ","95,242.5 ","28,351.1 ",7.8 ,"-3,684.9 ","62,996.7 ","66,681.6 ",-146.8 ,,"7,452.0 ","499,020.1 ","13,116.9 ","17,075.8 ","3,959.0 ","512,137.0 ",,"495,351.3 ","371,879.5 ","123,486.4 ",,"120,563.1 ",,"495,776.8 ",,,
7- 9.,"491,264.8 ","285,934.0 ","280,273.8 ","233,560.7 ","17,066.3 ","71,961.8 ","-6,347.8 ","96,216.5 ","27,874.8 ",4.6 ,"-1,260.7 ","69,056.9 ","70,317.6 ",-184.7 ,,"5,524.1 ","496,789.0 ","12,533.2 ","16,397.5 ","3,864.2 ","509,322.2 ",,"492,672.0 ","368,701.2 ","123,998.6 ",,"116,829.8 ",,"497,536.9 ",,,
10-12.,"497,477.1 ","287,734.4 ","282,011.0 ","235,166.8 ","16,549.1 ","71,283.5 ","-4,967.1 ","96,435.2 ","28,255.7 ",28.7 ,"2,287.5 ","74,005.9 ","71,718.3 ",-129.9 ,,"3,956.5 ","501,433.6 ","12,512.8 ","16,106.8 ","3,594.0 ","513,946.4 ",,"495,345.8 ","370,754.3 ","124,616.0 ",,"116,006.5 ",,"502,285.2 ",,,
2010/ 1- 3.,"502,762.7 ","288,870.2 ","283,088.2 ","236,101.6 ","17,455.1 ","71,739.4 ","-3,539.2 ","95,607.6 ","28,370.6 ",93.6 ,"4,635.0 ","78,397.4 ","73,762.4 ",-469.5 ,,"3,448.7 ","506,211.5 ","13,547.4 ","17,516.1 ","3,968.7 ","519,758.9 ",,"498,552.2 ","374,612.3 ","123,951.2 ",,"117,459.6 ",,"506,138.8 ",,,
4- 6.,"508,698.7 ","290,919.1 ","285,111.0 ","237,992.0 ","17,579.9 ","72,562.0 ",-897.2 ,"97,360.5 ","26,908.2 ",-15.1 ,"4,640.1 ","82,212.0 ","77,571.9 ",-358.9 ,,"3,188.8 ","511,887.5 ","13,213.7 ","17,505.0 ","4,291.3 ","525,101.2 ",,"504,406.8 ","380,203.9 ","124,204.1 ",,"116,996.5 ",,"509,627.4 ",,,
7- 9.,"517,845.0 ","295,316.2 ","289,484.2 ","242,256.8 ","17,768.7 ","73,433.1 ","2,306.9 ","97,760.8 ","26,617.5 ",-146.7 ,"5,292.9 ","84,435.0 ","79,142.0 ",-504.6 ,,"2,594.5 ","520,439.5 ","13,996.5 ","18,117.2 ","4,120.6 ","534,436.0 ",,"513,026.1 ","388,820.4 ","124,191.9 ",,"117,782.1 ",,"515,791.1 ",,,
10-12.,"513,730.7 ","290,346.9 ","284,407.3 ","236,941.5 ","18,347.4 ","73,334.5 ","2,568.7 ","98,271.3 ","26,050.1 ",-51.3 ,"5,326.8 ","84,772.5 ","79,445.8 ",-463.6 ,,"1,016.4 ","514,747.1 ","14,277.5 ","18,615.8 ","4,338.2 ","529,024.6 ",,"508,835.1 ","384,568.3 ","124,261.3 ",,"117,695.0 ",,"511,307.8 ",,,
2011/ 1- 3.,"508,354.6 ","285,636.0 ","279,510.8 ","231,903.7 ","18,978.1 ","75,032.1 ","1,027.8 ","98,799.4 ","25,606.0 ",-44.6 ,"3,548.8 ","84,022.7 ","80,473.9 ",-229.1 ,,"-1,307.0 ","507,047.6 ","14,986.1 ","19,282.1 ","4,296.0 ","522,033.6 ",,"505,022.5 ","380,638.6 ","124,377.8 ",,"119,601.1 ",,"507,430.4 ",,,
4- 6.,"503,906.8 ","287,665.0 ","281,342.2 ","233,807.9 ","18,615.2 ","73,670.3 ",595.2 ,"99,272.1 ","26,335.9 ",-5.5 ,"-2,471.8 ","77,716.2 ","80,188.0 ",230.5 ,,"-3,819.0 ","500,087.9 ","14,937.8 ","19,053.5 ","4,115.6 ","515,025.7 ",,"506,143.3 ","380,537.8 ","125,598.7 ",,"118,574.6 ",,"503,351.3 ",,,
7- 9.,"516,074.3 ","292,172.6 ","285,684.3 ","238,021.9 ","19,392.6 ","75,406.4 ","1,848.2 ","99,638.5 ","25,550.1 ",48.7 ,"2,065.9 ","84,959.5 ","82,893.6 ",-48.9 ,,"-4,928.8 ","511,145.5 ","14,874.1 ","19,011.6 ","4,137.5 ","526,019.6 ",,"514,079.9 ","388,807.1 ","125,274.5 ",,"120,326.7 ",,"514,199.3 ",,,
10-12.,"515,416.0 ","293,835.9 ","287,213.2 ","239,386.3 ","19,056.8 ","78,367.8 ",718.8 ,"99,963.3 ","24,704.0 ",-19.9 ,"-1,466.9 ","82,707.3 ","84,174.2 ",256.3 ,,"-5,487.5 ","509,928.6 ","14,063.1 ","18,215.4 ","4,152.3 ","523,991.6 ",,"516,691.9 ","391,983.0 ","124,715.8 ",,"122,178.1 ",,"514,745.7 ",,,
2012/ 1- 3.,"522,599.2 ","295,088.2 ","288,369.0 ","240,364.2 ","18,795.6 ","78,461.7 ","3,440.0 ","100,943.6 ","26,101.7 ",-1.3 ,-356.2 ,"85,266.5 ","85,622.7 ",126.1 ,,"-5,786.2 ","516,813.0 ","14,003.8 ","18,236.9 ","4,233.1 ","530,816.9 ",,"522,925.2 ","395,856.4 ","127,072.3 ",,"123,381.6 ",,"519,113.3 ",,,
4- 6.,"517,846.7 ","295,639.5 ","288,791.6 ","240,606.6 ","19,264.2 ","78,307.9 ",334.6 ,"100,712.3 ","26,500.6 ",54.1 ,"-3,086.4 ","84,538.7 ","87,625.1 ",119.8 ,,"-5,866.7 ","511,980.1 ","14,006.3 ","18,667.3 ","4,661.0 ","525,986.4 ",,"520,803.1 ","393,515.7 ","127,287.6 ",,"124,072.2 ",,"517,505.0 ",,,
7- 9.,"515,809.8 ","295,513.0 ","288,519.9 ","240,166.8 ","19,635.4 ","77,714.5 ","1,408.4 ","101,017.5 ","25,952.8 ",80.1 ,"-5,923.2 ","81,479.3 ","87,402.5 ",411.2 ,,"-4,043.1 ","511,766.7 ","14,392.7 ","18,518.2 ","4,125.5 ","526,159.4 ",,"521,347.9 ","394,253.2 ","127,097.4 ",,"123,295.3 ",,"514,332.0 ",,,
10-12.,"515,454.6 ","296,774.4 ","289,719.6 ","241,191.5 ","20,082.9 ","77,534.0 ",-251.7 ,"101,713.3 ","25,464.3 ",2.1 ,"-6,406.0 ","78,698.7 ","85,104.7 ",541.2 ,,"-4,831.3 ","510,623.3 ","14,642.5 ","19,365.4 ","4,722.9 ","525,265.8 ",,"521,300.0 ","394,069.0 ","127,232.9 ",,"123,070.4 ",,"515,783.4 ",,,
2013/ 1- 3.,"522,658.5 ","301,246.5 ","294,215.4 ","245,532.1 ","20,303.4 ","77,483.0 ",326.2 ,"101,507.0 ","25,836.5 ",-131.3 ,"-4,294.6 ","81,199.6 ","85,494.2 ",381.7 ,,"-6,080.8 ","516,577.7 ","15,965.5 ","21,122.2 ","5,156.7 ","532,543.2 ",,"526,506.4 ","399,302.4 ","127,212.9 ",,"123,599.0 ",,"522,562.5 ",,,
4- 6.,"527,367.1 ","303,499.5 ","296,434.7 ","247,581.4 ","20,476.4 ","80,127.0 ","-2,387.9 ","102,869.7 ","26,812.4 ",41.7 ,"-4,360.7 ","83,957.8 ","88,318.6 ",289.0 ,,"-5,529.5 ","521,837.6 ","19,818.2 ","25,779.7 ","5,961.5 ","541,655.8 ",,"531,379.7 ","401,632.8 ","129,748.0 ",,"127,401.9 ",,"529,814.5 ",,,
7- 9.,"532,347.7 ","305,105.3 ","297,971.9 ","248,925.3 ","21,278.7 ","81,270.6 ",-475.4 ,"102,880.3 ","28,265.2 ",-86.1 ,"-6,207.3 ","83,851.9 ","90,059.2 ",316.4 ,,"-5,830.4 ","526,517.3 ","17,891.1 ","24,645.6 ","6,754.5 ","544,408.4 ",,"538,110.5 ","407,108.3 ","131,005.3 ",,"130,771.0 ",,"532,997.7 ",,,
10-12.,"531,700.6 ","304,576.1 ","297,516.2 ","248,347.8 ","22,031.7 ","81,863.2 ",62.0 ,"103,109.0 ","28,749.1 ",78.8 ,"-9,172.1 ","83,542.3 ","92,714.4 ",402.8 ,,"-7,221.2 ","524,479.4 ","18,112.4 ","24,467.8 ","6,355.4 ","542,591.8 ",,"540,372.9 ","408,455.3 ","131,918.6 ",,"132,584.2 ",,"531,581.8 ",,,
2014/ 1- 3.,"536,162.7 ","310,652.6 ","303,815.1 ","254,654.6 ","22,345.2 ","83,972.6 ","-2,355.0 ","103,412.0 ","28,094.0 ",73.1 ,"-9,868.1 ","88,635.7 ","98,503.8 ",-163.7 ,,"-8,783.8 ","527,378.9 ","18,010.3 ","25,343.1 ","7,332.8 ","545,389.2 ",,"546,041.1 ","414,462.9 ","131,586.7 ",,"134,379.7 ",,"538,582.1 ",,,
4- 6.,"526,416.2 ","295,349.1 ","288,845.4 ","239,538.0 ","20,443.4 ","82,281.9 ","2,512.9 ","103,091.6 ","27,120.7 ",93.1 ,"-4,598.6 ","89,831.6 ","94,430.2 ",122.0 ,,"-7,341.2 ","519,075.0 ","17,982.1 ","25,582.9 ","7,600.8 ","537,057.0 ",,"531,011.0 ","400,660.0 ","130,349.5 ",,"129,843.0 ",,"523,680.0 ",,,
7- 9.,"526,794.2 ","297,916.1 ","291,682.9 ","242,388.4 ","19,409.7 ","82,776.5 ",-99.5 ,"103,766.6 ","27,874.3 ",138.5 ,"-4,882.3 ","91,198.9 ","96,081.2 ",-105.6 ,,"-7,478.4 ","519,315.8 ","19,834.8 ","27,615.7 ","7,780.9 ","539,150.6 ",,"531,840.1 ","399,999.4 ","131,834.2 ",,"130,064.0 ",,"526,732.1 ",,,
10-12.,"529,254.8 ","298,455.4 ","292,218.4 ","242,906.3 ","19,451.5 ","83,410.4 ","-1,348.4 ","104,018.6 ","28,042.2 ",5.0 ,"-2,547.2 ","93,913.5 ","96,460.7 ",-232.6 ,,"-6,367.7 ","522,887.1 ","22,419.4 ","30,777.6 ","8,358.2 ","545,306.6 ",,"531,993.0 ","399,919.7 ","132,066.6 ",,"130,906.4 ",,"530,690.8 ",,,
2015/ 1- 3.,"537,553.7 ","300,005.7 ","293,498.9 ","244,161.5 ","19,969.6 ","87,606.2 ",14.2 ,"104,997.0 ","26,727.5 ",88.7 ,"-1,792.5 ","95,304.8 ","97,097.3 ",-62.6 ,,"-1,815.0 ","535,738.7 ","20,194.0 ","28,565.9 ","8,371.8 ","555,932.7 ",,"539,426.6 ","407,571.5 ","131,854.0 ",,"134,307.9 ",,"537,452.5 ",,,
4- 6.,"538,285.1 ","300,261.0 ","293,464.8 ","244,106.1 ","20,354.9 ","86,413.1 ","2,473.0 ","105,136.0 ","26,499.3 ",-74.6 ,"-2,944.5 ","92,076.0 ","95,020.5 ",166.9 ,,-334.1 ,"537,951.0 ","21,488.1 ","29,982.4 ","8,494.3 ","559,439.1 ",,"541,091.0 ","409,543.1 ","131,549.2 ",,"133,267.2 ",,"535,839.7 ",,,
7- 9.,"538,716.9 ","301,099.6 ","294,120.9 ","244,749.7 ","20,457.5 ","87,597.6 ",983.6 ,"105,624.3 ","26,501.0 ",-104.9 ,"-3,357.6 ","94,423.6 ","97,781.2 ",-84.2 ,,723.3 ,"539,440.2 ","21,118.4 ","30,244.7 ","9,126.3 ","560,558.6 ",,"542,131.2 ","410,131.5 ","132,001.3 ",,"134,555.1 ",,"537,866.3 ",,,
10-12.,"537,829.7 ","299,066.9 ","291,955.8 ","242,558.2 ","20,436.9 ","87,441.1 ","1,029.5 ","106,484.6 ","27,185.6 ",-75.8 ,"-3,719.2 ","93,487.2 ","97,206.4 ",-20.1 ,,"1,487.0 ","539,316.7 ","22,073.2 ","31,465.5 ","9,392.3 ","561,389.9 ",,"541,550.3 ","407,964.2 ","133,584.3 ",,"135,060.2 ",,"536,893.2 ",,,
2016/ 1- 3.,"541,908.7 ","299,338.6 ","292,147.4 ","242,721.3 ","20,435.7 ","86,924.9 ","1,185.8 ","107,753.7 ","27,961.2 ",14.1 ,"-1,698.7 ","94,165.9 ","95,864.6 ",-6.6 ,,"5,620.2 ","547,528.9 ","20,241.0 ","29,433.7 ","9,192.7 ","567,769.9 ",,"543,595.4 ","407,871.5 ","135,723.1 ",,"135,320.0 ",,"540,729.3 ",,,
4- 6.,"541,120.2 ","297,520.1 ","290,215.5 ","240,767.3 ","21,021.6 ","87,104.5 ","2,901.1 ","106,856.6 ","27,125.4 ",-197.8 ,"-1,212.7 ","93,533.1 ","94,745.8 ",1.4 ,,"5,818.3 ","546,938.5 ","19,132.1 ","28,878.4 ","9,746.3 ","566,070.6 ",,"542,320.4 ","408,537.9 ","133,782.4 ",,"135,251.1 ",,"538,430.4 ",,,
7- 9.,"542,036.5 ","298,624.3 ","291,190.6 ","241,724.2 ","21,381.9 ","87,456.1 ",186.8 ,"107,224.9 ","27,190.3 ",-272.9 ,241.3 ,"95,541.7 ","95,300.4 ",3.6 ,,"5,549.6 ","547,586.0 ","18,401.9 ","28,464.8 ","10,062.9 ","565,987.9 ",,"541,795.2 ","407,651.1 ","134,144.4 ",,"136,029.0 ",,"542,119.2 ",,,
10-12.,"542,766.1 ","299,226.5 ","291,735.2 ","242,245.6 ","21,496.7 ","88,107.0 ","-1,438.2 ","107,189.2 ","27,218.1 ",-341.2 ,"1,307.6 ","97,888.5 ","96,580.9 ",0.2 ,,"3,977.1 ","546,743.2 ","18,574.3 ","28,626.4 ","10,052.0 ","565,317.5 ",,"541,484.2 ","407,412.8 ","134,071.9 ",,"136,823.3 ",,"544,514.8 ",,,
2017/ 1- 3.,"547,373.5 ","301,169.9 ","293,708.5 ","244,190.2 ","21,289.9 ","88,431.1 ",-510.5 ,"107,479.6 ","27,487.6 ",-284.5 ,"2,438.4 ","100,053.8 ","97,615.4 ",-128.0 ,,"1,481.8 ","548,855.3 ","20,952.5 ","31,387.8 ","10,435.3 ","569,807.8 ",,"545,078.8 ","410,394.5 ","134,685.0 ",,"137,209.5 ",,"548,148.5 ",,,
4- 6.,"549,526.8 ","302,695.4 ","295,215.7 ","245,672.5 ","21,501.4 ","89,179.0 ",12.6 ,"107,059.0 ","27,756.1 ",91.5 ,"1,295.8 ","100,007.5 ","98,711.7 ",-64.1 ,,"1,639.5 ","551,166.3 ","19,699.1 ","30,333.1 ","10,634.0 ","570,865.4 ",,"548,275.2 ","413,404.3 ","134,872.5 ",,"138,437.4 ",,"549,434.4 ",,,
7- 9.,"553,743.3 ","301,531.2 ","293,985.6 ","244,421.3 ","21,327.5 ","89,913.9 ","2,410.3 ","107,435.8 ","27,200.3 ",81.1 ,"4,296.1 ","102,345.2 ","98,049.1 ",-452.8 ,,"2,638.1 ","556,381.4 ","21,161.4 ","31,539.8 ","10,378.4 ","577,542.8 ",,"549,813.3 ","415,124.2 ","134,691.5 ",,"138,440.0 ",,"551,342.6 ",,,
10-12.,"554,087.1 ","302,162.4 ","294,697.0 ","245,110.2 ","20,696.7 ","90,423.6 ","3,169.0 ","107,343.0 ","27,296.9 ",85.5 ,"3,150.2 ","103,999.0 ","100,848.8 ",-240.2 ,,475.6 ,"554,562.8 ","20,473.5 ","31,472.2 ","10,998.7 ","575,036.2 ",,"551,078.4 ","416,377.8 ","134,703.4 ",,"138,411.0 ",,"550,934.8 ",,,
2018/ 1- 3.,"555,273.5 ","302,615.8 ","295,386.1 ","245,775.5 ","20,169.2 ","91,389.0 ","1,487.1 ","108,147.4 ","27,575.4 ",69.8 ,"4,060.2 ","105,372.5 ","101,312.4 ",-240.5 ,,-517.5 ,"554,756.0 ","19,909.7 ","31,815.9 ","11,906.2 ","574,665.7 ",,"551,379.3 ","415,605.9 ","135,774.9 ",,"139,116.8 ",,"553,778.1 ",,,
4- 6.,"557,346.2 ","302,913.1 ","296,029.1 ","246,395.1 ","19,562.8 ","92,775.7 ","1,714.1 ","108,282.4 ","27,870.0 ",-44.8 ,"4,555.3 ","106,218.4 ","101,663.2 ",-282.4 ,,"-2,085.8 ","555,260.4 ","21,525.1 ","33,317.6 ","11,792.6 ","576,785.5 ",,"552,989.4 ","416,903.8 ","136,087.2 ",,"140,178.7 ",,"555,734.3 ",,,
7- 9.,"553,698.4 ","302,715.8 ","296,116.6 ","246,461.1 ","19,633.3 ","90,060.4 ","2,132.0 ","108,326.9 ","27,652.2 ",-20.6 ,"3,451.3 ","104,581.8 ","101,130.5 ",-252.8 ,,"-3,942.6 ","549,755.8 ","21,419.1 ","33,402.5 ","11,983.4 ","571,175.0 ",,"550,427.6 ","414,489.8 ","135,938.7 ",,"137,325.2 ",,"551,639.2 ",,,
10-12.,"552,248.1 ","301,662.2 ","295,070.2 ","245,395.1 ","19,949.0 ","91,908.1 ","3,215.9 ","108,891.7 ","27,288.6 ",-57.1 ,-537.5 ,"105,556.4 ","106,094.0 ",-72.7 ,,"-4,419.0 ","547,829.1 ","22,070.7 ","34,332.4 ","12,261.8 ","569,899.7 ",,"552,768.1 ","416,672.8 ","136,096.8 ",,"139,117.2 ",,"549,153.5 ",,,
2019/ 1- 3.,"555,251.3 ","302,684.6 ","295,823.0 ","246,120.5 ","20,473.1 ","91,956.0 ","1,567.4 ","109,232.7 ","27,910.8 ",-157.1 ,"1,699.5 ","103,661.0 ","101,961.5 ",-115.6 ,,"-1,570.0 ","553,681.3 ","21,465.2 ","33,387.5 ","11,922.3 ","575,146.5 ",,"553,581.1 ","416,636.9 ","136,945.8 ",,"140,325.0 ",,"553,924.8 ",,,
4- 6.,"557,290.7 ","302,693.4 ","295,654.6 ","245,931.6 ","20,762.4 ","91,523.9 ","3,217.0 ","110,360.1 ","28,269.3 ",-25.6 ,610.5 ,"103,991.3 ","103,380.8 ",-120.3 ,,"-2,719.0 ","554,571.7 ","21,756.2 ","34,063.7 ","12,307.6 ","576,327.8 ",,"556,736.2 ","418,153.7 ","138,584.1 ",,"140,552.5 ",,"554,158.2 ",,,
7- 9.,"557,273.3 ","304,755.8 ","297,648.0 ","247,895.9 ","20,909.1 ","93,369.9 ",264.0 ,"111,167.5 ","28,117.4 ",-48.5 ,"-1,137.8 ","104,519.4 ","105,657.2 ",-124.0 ,,"-2,552.5 ","554,720.8 ","22,153.3 ","35,063.5 ","12,910.2 ","576,874.2 ",,"558,467.0 ","419,264.6 ","139,203.9 ",,"142,382.9 ",,"557,125.1 ",,,
10-12.,"540,866.6 ","293,527.5 ","286,121.6 ","236,414.2 ","20,473.7 ","86,626.8 ","1,210.9 ","111,205.7 ","28,098.9 ",1.6 ,-125.2 ,"103,482.5 ","103,607.7 ",-153.4 ,,"-1,244.4 ","539,622.2 ","21,199.6 ","33,491.0 ","12,291.5 ","560,821.8 ",,"541,096.2 ","401,817.9 ","139,279.7 ",,"135,228.7 ",,"539,713.2 ",,,
2020/ 1- 3.,"543,909.2 ","296,282.6 ","288,350.0 ","238,612.2 ","19,454.2 ","89,422.1 ",391.7 ,"111,212.2 ","28,034.7 ",26.9 ,-934.8 ,"98,477.0 ","99,411.9 ",19.6 ,,-784.5 ,"543,124.7 ","21,192.3 ","32,681.8 ","11,489.5 ","564,317.0 ",,"544,754.2 ","405,507.9 ","139,247.3 ",,"136,894.5 ",,"543,534.6 ",,,
4- 6.,"500,076.2 ","270,099.0 ","261,514.6 ","211,946.9 ","19,513.6 ","82,649.8 ","2,859.1 ","111,779.8 ","29,411.0 ",-20.6 ,"-17,351.9 ","81,203.1 ","98,555.0 ","1,136.3 ",,"4,708.4 ","504,784.6 ","17,420.6 ","27,796.6 ","10,376.0 ","522,205.2 ",,"516,236.4 ","375,074.0 ","141,166.2 ",,"131,651.8 ",,"497,331.7 ",,,
7- 9.,"527,660.0 ","284,908.1 ","275,758.9 ","226,076.9 ","18,577.4 ","82,381.1 ",277.4 ,"114,148.9 ","29,337.9 ",28.1 ,"-2,230.4 ","89,333.6 ","91,564.0 ",231.5 ,,"3,657.9 ","531,317.9 ","18,203.8 ","28,765.6 ","10,561.8 ","549,521.7 ",,"529,623.7 ","386,123.5 ","143,504.7 ",,"130,357.7 ",,"527,380.2 ",,,
10-12.,"536,245.7 ","289,317.9 ","279,918.2 ","230,187.1 ","18,515.8 ","83,429.1 ",-542.0 ,"115,028.4 ","29,702.6 ",-126.1 ,"1,050.3 ","98,079.5 ","97,029.3 ",-130.2 ,,"5,010.2 ","541,255.9 ","19,967.2 ","29,263.8 ","9,296.7 ","561,223.1 ",,"535,296.7 ","390,722.3 ","144,580.6 ",,"131,704.5 ",,"536,927.4 ",,,
2021/ 1- 3.,"534,470.4 ","287,504.9 ","278,171.7 ","228,430.8 ","18,651.6 ","84,171.5 ",-948.2 ,"114,105.3 ","29,649.3 ",-17.0 ,"1,507.3 ","100,294.9 ","98,787.6 ",-154.3 ,,953.2 ,"535,423.5 ","20,118.0 ","30,553.9 ","10,435.9 ","555,541.6 ",,"533,135.1 ","389,420.3 ","143,722.0 ",,"132,522.2 ",,"535,403.9 ",,,
4- 6.,"536,428.2 ","288,609.3 ","279,340.1 ","229,567.8 ","18,951.3 ","85,001.4 ",-291.8 ,"115,144.2 ","28,912.7 ",-5.6 ,115.4 ,"103,277.9 ","103,162.5 ",-8.8 ,,"-1,996.3 ","534,432.0 ","20,093.9 ","30,502.7 ","10,408.9 ","554,525.8 ",,"536,291.9 ","392,291.5 ","144,006.8 ",,"132,896.1 ",,"536,712.6 ",,,
7- 9.,"534,014.5 ","286,087.5 ","276,761.1 ","226,991.7 ","18,604.2 ","83,274.9 ",762.4 ,"116,380.3 ","27,954.3 ",-54.6 ,"1,288.0 ","103,318.0 ","102,030.0 ",-282.5 ,,"-6,064.5 ","527,950.0 ","20,175.0 ","30,593.5 ","10,418.5 ","548,125.0 ",,"532,886.5 ","388,700.6 ","144,198.7 ",,"129,856.2 ",,"533,339.3 ",,,
10-12.,"539,094.9 ","293,036.7 ","283,655.1 ","233,809.3 ","18,358.1 ","83,415.3 ",153.3 ,"116,025.7 ","26,907.7 ",4.7 ,"1,535.2 ","103,982.4 ","102,447.2 ",-341.8 ,,"-8,694.9 ","530,400.0 ","21,490.6 ","32,527.5 ","11,036.9 ","551,890.6 ",,"537,783.6 ","394,961.8 ","142,822.5 ",,"128,670.7 ",,"538,929.8 ",,,
2022/ 1- 3.,"539,375.9 ","293,885.4 ","284,460.8 ","234,585.4 ","18,096.3 ","83,304.2 ","3,094.3 ","116,486.7 ","26,044.5 ",-14.9 ,"-1,120.4 ","104,900.1 ","106,020.5 ",-400.3 ,,"-10,805.2 ","528,570.6 ","23,456.9 ","34,815.7 ","11,358.8 ","552,027.6 ",,"540,743.8 ","398,399.6 ","142,347.1 ",,"127,400.3 ",,"536,223.8 ",,,
4- 6.,"544,021.8 ","297,335.1 ","287,887.4 ","237,966.8 ","17,758.2 ","84,986.8 ","1,614.2 ","117,307.0 ","26,297.0 ",-46.1 ,-750.0 ,"105,854.2 ","106,604.2 ",-480.4 ,,"-15,486.7 ","528,535.1 ","24,322.8 ","36,778.1 ","12,455.3 ","552,857.9 ",,"545,024.9 ","401,643.8 ","143,384.2 ",,"128,948.2 ",,"542,423.5 ",,,
＊年率で表示している。,,,,,,,,,,,,,,,,,,,,,,,,,,,,,,,,
＊開差＝国内総生産(支出側)－国内総生産(支出側)の内訳項目計,,,,,,,,,,,,,,,,,,,,,,,,,,,,,,,,
＊財貨・サービスの純輸出は連鎖方式での計算ができないため、財貨・サービスの輸出－財貨・サービスの輸入により求めている。このため寄与度とは符号が一致しない場合がある。,,,,,,,,,,,,,,,,,,,,,,,,,,,,,,,,
