式,変数,形,平時の平均,平時の標準偏差,2022年の平均,2023年の平均,2024年の平均,2022〜24年の平均,z値（2022〜24年平均−平時平均）/平時標準偏差
74,CGPI,level,-0.069156,0.002016,-0.079828,-0.083291,-0.085346,-0.082822,-6.778175
55,PGDPAT,dlog,-0.000553,0.002145,0.005940,0.012321,0.009314,0.009192,4.542809
119,PLAND,dlog,0.042366,0.004519,0.054379,0.059045,0.064417,0.059280,3.742899
47,LF,custom,-0.000483,0.006679,0.011423,0.025201,0.032985,0.023203,3.546353
68,PNFMGSAT,dlog,0.047676,0.012486,0.080292,0.088207,0.104280,0.090926,3.463899
86,YOLIV,log,0.003245,0.014641,0.039042,0.041125,0.054314,0.044827,2.840217
129,ITR,custom,0.008563,0.026281,0.069206,0.088428,0.068404,0.075346,2.541089
137,CSSV,log,0.004176,0.020358,-0.042472,-0.038832,-0.052986,-0.044763,-2.403972
139,CCAVG,level,1873.155188,1818.914457,2242.720454,-1152.661293,-7736.428119,-2215.456319,-2.247831
117,RSHARE,custom,0.006768,0.067907,0.078349,0.214374,0.159258,0.150661,2.118974
5,IHP,dlog,0.063014,0.021229,0.101689,0.106221,0.105813,0.104574,1.957751
116,RGBX,d,-0.020102,0.068222,0.068195,0.140999,0.097811,0.102335,1.794691
40,RHPV,level,0.000000,0.000000,0.000000,0.000000,0.000000,0.000000,1.751887
138,YIGV,custom,-0.000064,0.000218,-0.000438,-0.000504,-0.000375,-0.000439,-1.718642
67,PFUELAT,dlog,0.067765,0.031740,0.175866,0.088759,0.097138,0.120588,1.664215
65,PXGS,dlog,0.004264,0.012014,0.021452,0.022703,0.027668,0.023941,1.637826
37,RFPV,level,0.000000,0.000000,0.000000,0.000000,0.000000,0.000000,-1.624616
9,XGS,dlog,0.000228,0.018344,0.023625,0.022290,0.035041,0.026986,1.458657
57,CGPIAT,dlog,0.001198,0.005144,0.014705,0.000765,0.008570,0.008013,1.324948
90,YDV,level,0.000000,0.000000,-0.000000,0.000000,-0.000000,-0.000000,-1.313393
131,TYCV,level,0.000000,0.000000,0.000000,0.000000,-0.000000,-0.000000,-1.127197
136,OITAXV,dlog,-0.027307,0.010535,-0.028041,-0.039911,-0.046612,-0.038188,-1.032881
114,RCDX,level,0.114434,0.167325,0.090434,-0.287511,0.029500,-0.055859,-1.017742
84,YCV,level,0.000000,0.000000,-0.000000,-0.000000,-0.000000,-0.000000,-1.008513
2,GDP,level,-0.037500,0.076967,0.050000,0.025000,0.025000,0.033333,0.920308
31,CGVEXCT,level,-0.000000,0.000000,0.000000,-0.000000,0.000000,0.000000,0.892134
56,PCPAT,dlog,-0.000343,0.001944,0.005577,-0.001676,0.000253,0.001385,0.888655
61,PIHPAT,dlog,-0.000512,0.003707,-0.001059,-0.006843,-0.002803,-0.003568,-0.824342
38,KFPSTA,level,-0.000000,0.000000,-0.000000,-0.000000,-0.000000,-0.000000,-0.795565
107,KFPV,level,0.000000,0.000000,-0.000000,0.000000,-0.000000,-0.000000,-0.777330
132,ETT,custom,0.005789,0.046398,0.077714,0.022720,0.023902,0.041445,0.768485
11,FUEL,dlog,-0.059195,0.049474,-0.090115,-0.097260,-0.098972,-0.095449,-0.732796
14,CPV,level,-0.000000,0.000000,0.000000,0.000000,0.000000,0.000000,0.681777
18,CGV,level,0.000000,0.000000,-0.000000,0.000000,-0.000000,-0.000000,-0.650283
85,YCVAT,level,0.000000,0.000000,0.000000,-0.000000,-0.000000,-0.000000,-0.628178
100,SHARETV,level,-0.000000,0.000000,0.000000,0.000000,0.000000,0.000000,0.621631
46,RKGV,level,0.000000,0.000000,0.000000,0.000000,0.000000,0.000000,0.607349
64,PIGAT,dlog,-0.000912,0.004445,-0.004341,-0.003587,-0.002253,-0.003393,-0.558246
26,GDPVEXCT,level,0.000000,0.000000,0.000000,0.000000,0.000000,0.000000,0.550239
89,YWV,custom,-0.006479,0.014327,-0.008383,-0.028666,-0.005951,-0.014333,-0.548236
133,ITAXV,level,-0.000000,0.000000,-0.000000,0.000000,-0.000000,-0.000000,-0.543279
147,FXS,dlog,0.009089,0.035069,0.054310,0.015758,0.013902,0.027990,0.538953
7,CG,level,-0.000000,0.000000,0.000000,0.000000,0.000000,0.000000,0.530271
62,PINPAT,dlog,-0.000121,0.004012,0.004973,-0.001681,0.002645,0.001979,0.523401
140,BSSV,log,-0.641860,0.008235,-0.636048,-0.663634,-0.638100,-0.645927,-0.493915
39,KHP,level,-0.000000,0.000000,0.000000,0.000000,0.000000,0.000000,0.470270
91,YICV,dlog,-0.048032,0.062850,-0.085071,-0.061409,-0.083726,-0.076735,-0.456693
87,CCAV,log,0.002582,0.048494,-0.001861,-0.099750,0.043391,-0.019407,-0.453424
135,TCSTV,level,0.000000,0.000000,0.000000,0.000000,0.000000,0.000000,0.453301
43,KG,level,-0.000000,0.000000,0.000000,-0.000000,0.000000,0.000000,0.443259
58,PIFPAT,dlog,0.000234,0.004036,0.005427,-0.000064,0.000622,0.001995,0.436337
63,PCGAT,dlog,-0.000682,0.003876,-0.001408,-0.004737,-0.000628,-0.002257,-0.406376
34,MGSVEXCT,level,-0.000000,0.000000,0.000000,0.000000,0.000000,0.000000,0.404497
42,RNPV,level,0.000000,0.000000,0.000000,-0.000000,0.000000,0.000000,0.399676
48,UR,d,-0.034391,0.078482,-0.011312,-0.004179,-0.008891,-0.008127,0.334652
45,RKG,level,-0.000000,0.000000,0.000000,-0.000000,0.000000,0.000000,0.313104
141,SBGV,level,0.000000,0.000000,0.000000,0.000000,0.000000,0.000000,-0.295163
93,YL,level,-0.000000,0.000000,0.000000,0.000000,-0.000000,0.000000,0.285588
29,IHPVEXCT,level,0.000000,0.000000,-0.000000,0.000000,0.000000,-0.000000,-0.285588
10,MGS,level,0.000000,0.000000,0.000000,0.000000,0.000000,0.000000,0.282597
50,GDPPOT,level,0.000000,0.000000,0.000000,0.000000,-0.000000,0.000000,-0.278752
8,BF,level,0.012500,0.044843,0.000000,-0.000000,0.000000,0.000000,-0.278752
4,IFP,dlog,0.000208,0.021789,0.001305,-0.004677,-0.013792,-0.005721,-0.272120
15,IFPV,level,-0.000000,0.000000,-0.000000,0.000000,-0.000000,-0.000000,-0.261261
105,YIV,level,0.000000,0.000000,0.000000,-0.000000,0.000000,0.000000,0.254896
32,IGVEXCT,level,-0.000000,0.000000,-0.000000,0.000000,0.000000,0.000000,0.248208
143,RTRIV,dlog,0.007131,0.040320,0.038024,-0.028037,-0.017000,-0.002338,-0.234834
97,NWCV,level,0.000000,0.000000,0.000000,0.000000,0.000000,0.000000,0.227259
150,FLIABV,level,0.000000,0.000000,-0.000000,0.000000,0.000000,-0.000000,-0.214906
104,YIEV,custom,0.000003,0.000461,0.000299,-0.000442,-0.000137,-0.000094,-0.210232
49,LHX,dlog,-0.001601,0.008448,-0.007482,-0.003203,0.000676,-0.003337,-0.205499
111,M2CD,log,-0.036256,0.015842,0.016753,-0.038718,-0.077061,-0.033009,0.204995
36,RFP,level,0.000000,0.000000,0.000000,-0.000000,0.000000,0.000000,-0.204124
35,KFP,level,0.000000,0.000000,0.000000,-0.000000,0.000000,0.000000,-0.204124
92,YLV,level,0.000000,0.000000,0.000000,0.000000,0.000000,0.000000,-0.204124
145,FASSTV,dlog,0.000513,0.009791,-0.008568,0.005799,0.010202,0.002478,0.200715
52,LE,level,-0.086181,1.215367,-0.626639,-0.505333,0.158000,-0.324657,-0.196218
44,KGV,level,0.000000,0.000000,0.000000,0.000000,0.000000,0.000000,0.169842
6,INP,custom,0.000803,0.003102,0.000201,0.000768,0.003020,0.001330,0.169716
103,LANDV,level,-0.000000,0.000000,-0.000000,-0.000000,0.000000,-0.000000,0.147582
28,IFPVEXCT,level,-0.000000,0.000000,-0.000000,0.000000,0.000000,-0.000000,0.141462
88,INPVA,level,-0.000000,0.000000,0.000000,-0.000000,0.000000,-0.000000,-0.141425
130,TYPV,level,0.000000,0.000000,0.000000,0.000000,0.000000,0.000000,0.138023
13,GDPV,level,0.012500,0.094696,0.000000,0.050000,0.025000,0.025000,0.132001
83,NIV,level,0.016667,0.063702,0.025000,-0.000000,0.000000,0.008333,-0.130817
98,NWTV,level,0.000000,0.000000,0.000000,0.000000,0.000000,0.000000,-0.123335
120,PSHARE,custom,0.026076,0.029216,-0.011422,0.055428,0.044779,0.029595,0.120462
106,KPV,level,0.000000,0.000000,-0.000000,-0.000000,0.000000,0.000000,0.116179
23,MGSV,level,-0.000000,0.000000,0.000000,0.000000,-0.000000,0.000000,0.116179
41,KNP,level,-0.000000,0.000000,-0.000000,0.000000,0.000000,0.000000,0.116179
19,IGV,level,0.000000,0.000000,-0.000000,0.000000,0.000000,0.000000,-0.113039
128,TAXV,level,-0.000000,0.000000,0.000000,-0.000000,0.000000,0.000000,0.107453
54,CUX,log,-0.000212,0.035297,0.001525,0.001306,-0.014647,-0.003939,-0.105570
99,FNWV,level,0.000000,0.000000,-0.000000,0.000000,0.000000,0.000000,0.089740
21,BFV,level,-0.004167,0.046431,0.000000,0.025000,-0.025000,-0.000000,0.089740
94,YWIV,level,5.689362,448.258602,35.842120,-100.351922,-30.145031,-31.551611,-0.083079
148,BCV,level,0.000000,0.000000,0.000000,0.000000,0.000000,0.000000,-0.071397
16,IHPV,level,0.000000,0.000000,-0.000000,0.000000,0.000000,0.000000,-0.068041
27,CPVEXCT,level,-0.000000,0.000000,0.000000,-0.000000,0.000000,-0.000000,-0.061304
109,KNPV,level,-0.000000,0.000000,0.000000,-0.000000,0.000000,-0.000000,-0.058090
146,RSBCV,log,-0.006941,0.030236,-0.041831,0.012137,0.014133,-0.005187,0.058000
101,SHAREV,level,0.000000,0.000000,0.000000,0.000000,0.000000,0.000000,-0.055511
102,LANDT,level,-0.000000,0.000000,-0.000000,0.000000,-0.000000,-0.000000,-0.052252
22,XGSV,level,-0.000000,0.000000,-0.000000,0.000000,0.000000,-0.000000,0.049009
134,TCIV,log,0.049265,0.024055,0.050771,0.037025,0.061725,0.049841,0.023942
144,PTRIV,dlog,0.022449,0.037370,0.036185,0.038257,-0.004453,0.023330,0.023580
12,NFMGS,dlog,0.009150,0.026619,0.023511,0.002672,0.002790,0.009658,0.019093
3,CP,dlog,0.002544,0.005066,0.006872,0.000224,0.000638,0.002578,0.006599
24,FUELV,level,0.000000,0.000000,0.000000,0.000000,-0.000000,0.000000,0.000000
25,NFMGSV,level,0.000000,0.000000,-0.000000,0.000000,0.000000,0.000000,0.000000
108,KHPV,level,-0.000000,0.000000,-0.000000,0.000000,0.000000,-0.000000,0.000000
149,SBCV,level,-0.000000,0.000000,0.000000,0.000000,-0.000000,-0.000000,0.000000
