,既定版（2018〜20年）|既定の係数,2024年版（2022〜24年）|既定の係数,2024年版（2022〜24年）|式68 を推定し直す,2024年版（2022〜24年）|式56 を推定し直す,2024年版（2022〜24年）|式56・68 を推定し直す
1四半期目,0.157081,0.157171,0.157320,0.130338,0.130414
2四半期目,0.153439,0.154001,0.154673,0.192346,0.199080
3四半期目,0.149563,0.151055,0.152430,0.258960,0.271598
4四半期目,0.146953,0.149397,0.151740,0.320748,0.339321
5四半期目,0.147544,0.151100,0.154595,0.380333,0.404815
6四半期目,0.153219,0.156840,0.161482,0.435966,0.466191
7四半期目,0.165178,0.167692,0.173459,0.488674,0.524539
8四半期目,0.181820,0.182410,0.189189,0.539304,0.580594
9四半期目,0.202186,0.200344,0.207965,0.589919,0.636297
10四半期目,0.225535,0.220464,0.228757,0.639208,0.690380
11四半期目,0.249683,0.242292,0.251088,0.686973,0.742713
12四半期目,0.273832,0.264776,0.273970,0.732322,0.792462
