系列,期間,推定期間,観測数,2年累積パススルー（円1%あたり%）,標準誤差
輸入物価（円ベース）,1995〜2012年,1995Q1〜2012Q4,72,0.753525,0.045515
輸入物価（円ベース）,2013〜2020年,2013Q1〜2020Q4,32,0.700319,0.011091
輸入物価（円ベース）,2021年〜,2021Q1〜2026Q3,23,1.387525,0.067494
輸入物価（円ベース）,1995年〜全期間,1995Q1〜2026Q3,127,0.772875,0.044109
CPI 総合,1995〜2012年,1995Q1〜2012Q4,72,-0.003957,0.010054
CPI 総合,2013〜2020年,2013Q1〜2020Q4,32,0.027392,0.016238
CPI 総合,2021年〜,2021Q1〜2026Q2,22,0.196882,0.113187
CPI 総合,1995年〜全期間,1995Q1〜2026Q2,126,0.066614,0.032106
CPI 生鮮食品を除く総合,1995〜2012年,1995Q1〜2012Q4,72,-0.005991,0.011028
CPI 生鮮食品を除く総合,2013〜2020年,2013Q1〜2020Q4,32,0.027329,0.012597
CPI 生鮮食品を除く総合,2021年〜,2021Q1〜2026Q2,22,0.180874,0.118697
CPI 生鮮食品を除く総合,1995年〜全期間,1995Q1〜2026Q2,126,0.061824,0.030794
CPI 生鮮食品及びエネルギーを除く総合,1995〜2012年,1995Q1〜2012Q4,72,-0.013238,0.013400
CPI 生鮮食品及びエネルギーを除く総合,2013〜2020年,2013Q1〜2020Q4,32,-0.003433,0.018255
CPI 生鮮食品及びエネルギーを除く総合,2021年〜,2021Q1〜2026Q2,22,0.209609,0.104932
CPI 生鮮食品及びエネルギーを除く総合,1995年〜全期間,1995Q1〜2026Q2,126,0.048158,0.032990
CPI 財,1995〜2012年,1995Q1〜2012Q4,72,-0.011953,0.015131
CPI 財,2013〜2020年,2013Q1〜2020Q4,32,0.036808,0.018437
CPI 財,2021年〜,2021Q1〜2026Q2,22,0.280847,0.132677
CPI 財,1995年〜全期間,1995Q1〜2026Q2,126,0.109188,0.051293
CPI サービス,1995〜2012年,1995Q1〜2012Q4,72,0.002257,0.015271
CPI サービス,2013〜2020年,2013Q1〜2020Q4,32,0.018294,0.014537
CPI サービス,2021年〜,2021Q1〜2026Q2,22,0.106068,0.090232
CPI サービス,1995年〜全期間,1995Q1〜2026Q2,126,0.019057,0.016847
