版,政策,年,消費税率の引下げ幅（%pt）,消費税（兆円）,消費税（名目GDP比 %pt）,その他の間接税（兆円）,その他の間接税（名目GDP比 %pt）,個人所得税（兆円）,個人所得税（名目GDP比 %pt）,法人所得税（兆円）,法人所得税（名目GDP比 %pt）,税収の合計（兆円）,税収の合計（名目GDP比 %pt）,法人所得税（基準解比 %）,企業所得 YCV（基準解比 %）,法人実効税率 ETT（%pt）,名目GDP（%）,実質GDP（%）,事前の減税額（兆円）,財源の戻り（%）,うち法人所得税の増収（%）
2021年版（2018〜20年）,消費税減税,1年目（2018）,2.205000,-5.630219,-1.012296,-0.046659,-0.008400,0.139147,0.025063,0.127879,0.023176,-5.409852,-0.972457,0.466147,3.158466,0.032301,-0.488902,0.484141,5.561980,2.754294,2.317647
2021年版（2018〜20年）,消費税減税,2年目（2019）,2.205000,-5.475815,-0.979891,-0.077189,-0.013827,0.230360,0.041257,0.848142,0.151942,-4.474502,-0.800519,3.288476,3.048746,0.106206,-0.454655,0.436550,5.583468,19.948108,15.194216
2021年版（2018〜20年）,消費税減税,3年目（2020）,2.205000,-4.953784,-0.921725,-0.077325,-0.014382,0.196167,0.036443,0.861196,0.159977,-3.973746,-0.739687,3.329112,3.430008,0.189773,-0.371106,0.396710,5.378721,26.031332,15.997660
2021年版（2018〜20年）,給付金（所得減税）,1年目（2018）,,0.069818,0.012588,0.016424,0.002967,-5.500130,-0.988848,0.065881,0.011906,-5.348008,-0.961387,0.245743,0.773686,0.021007,0.223191,0.206213,5.561980,3.861326,1.190567
2021年版（2018〜20年）,給付金（所得減税）,2年目（2019）,,0.138355,0.024785,0.066247,0.011874,-5.435651,-0.973521,0.292934,0.052465,-4.938114,-0.884396,1.137831,0.920698,0.074509,0.392422,0.312366,5.583468,11.560379,5.246458
2021年版（2018〜20年）,給付金（所得減税）,3年目（2020）,,0.166177,0.030914,0.092493,0.017207,-5.231744,-0.972670,0.286392,0.053257,-4.686682,-0.871292,1.106591,0.636435,0.134351,0.465349,0.297532,5.378721,12.870780,5.325661
2024年版（2022〜24年）,消費税減税,1年目（2022）,2.269000,-5.940622,-1.016194,-0.052239,-0.008917,0.140339,0.023964,0.203973,0.034327,-5.648549,-0.966820,0.584041,3.903225,0.049221,-0.562981,0.497674,5.845988,3.317950,3.432662
2024年版（2022〜24年）,消費税減税,2年目（2023）,2.269000,-6.049950,-0.981425,-0.096682,-0.015672,0.223025,0.036151,1.156586,0.187810,-4.767021,-0.773136,3.483274,2.731520,0.139014,-0.548302,0.439722,6.166336,22.686375,18.781019
2024年版（2022〜24年）,消費税減税,3年目（2024）,2.269000,-6.334452,-0.994529,-0.101390,-0.015930,0.251364,0.039410,1.029875,0.161817,-5.154602,-0.809233,2.975412,2.873674,0.168687,-0.470317,0.409433,6.367984,19.076743,16.181674
2024年版（2022〜24年）,給付金（所得減税）,1年目（2022）,,0.086879,0.014793,0.014726,0.002498,-5.784517,-0.989531,0.090638,0.015362,-5.592274,-0.956878,0.273157,0.828253,0.030182,0.191368,0.204304,5.845988,4.312230,1.536212
2024年版（2022〜24年）,給付金（所得減税）,2年目（2023）,,0.172552,0.027970,0.057711,0.009345,-6.019660,-0.976234,0.351053,0.056939,-5.438343,-0.881979,1.061220,0.695534,0.095395,0.321594,0.320257,6.166336,11.802092,5.693905
2024年版（2022〜24年）,給付金（所得減税）,3年目（2024）,,0.217903,0.034191,0.083899,0.013163,-6.197256,-0.973225,0.313566,0.049288,-5.581887,-0.876584,0.906593,0.524448,0.123404,0.377450,0.318450,6.367984,12.341649,4.928786
