政策,年,輸入価格の上昇率（%）,GDPデフレーター,寄与_単位労働コスト,寄与_単位利潤,寄与_固定資本減耗,寄与_純間接税,寄与_国内需要デフレーター,寄与_交易条件,名目雇用者報酬,1人あたり賃金,消費デフレーター,実質GDP,名目GDP,実質消費,実質賃金,失業率（%pt）,短期金利（%pt）,長期金利（%pt）
緩和継続（金利を固定）,1年目（2022）,25.316797,-2.104266,-1.146748,-1.073999,0.116774,-0.000293,0.266820,-2.371087,-2.467539,-1.720360,0.287580,-0.202379,-2.302183,-0.761903,-2.002184,-0.015017,0.000000,0.000000
緩和継続（金利を固定）,2年目（2023）,25.316797,-1.742405,-0.818715,-1.067197,0.187390,-0.043882,0.297028,-2.039433,-2.026507,-1.400452,0.331394,-0.352362,-2.088633,-1.281292,-1.726122,-0.009543,0.000000,0.000000
緩和継続（金利を固定）,3年目（2024）,25.316797,-1.730071,-0.829193,-1.088850,0.234948,-0.046975,0.280537,-2.010608,-2.206082,-1.527323,0.340856,-0.518312,-2.239420,-1.468626,-1.861833,-0.002548,0.000000,0.000000
モデルどおり（テイラー・ルール）,1年目（2022）,25.316797,-2.104943,-1.146370,-1.075660,0.117345,-0.000258,0.266068,-2.371011,-2.469082,-1.721789,0.286842,-0.204725,-2.305153,-0.760707,-2.002888,-0.014959,0.015207,0.008566
モデルどおり（テイラー・ルール）,2年目（2023）,25.316797,-1.749777,-0.816329,-1.082480,0.192478,-0.043445,0.290587,-2.040364,-2.051634,-1.420675,0.326957,-0.382870,-2.125955,-1.269017,-1.741933,-0.008675,0.043663,0.018973
モデルどおり（テイラー・ルール）,3年目（2024）,25.316797,-1.739527,-0.839186,-1.089961,0.237262,-0.047642,0.270524,-2.010051,-2.265198,-1.572257,0.333019,-0.557757,-2.287583,-1.479832,-1.898952,-0.001538,-0.005869,-0.001479
物価重視の引締め（消費者物価に反応）,1年目（2022）,25.316797,-2.142239,-1.122102,-1.166331,0.143447,0.002748,0.232416,-2.374655,-2.557651,-1.797980,0.260400,-0.343934,-2.478505,-0.681724,-2.053037,-0.010997,0.403525,0.186821
物価重視の引締め（消費者物価に反応）,2年目（2023）,25.316797,-1.807221,-0.871654,-1.112677,0.222008,-0.044899,0.233488,-2.040709,-2.452380,-1.724786,0.286007,-0.675315,-2.470350,-1.307869,-2.005061,-0.000922,0.039635,0.018134
物価重視の引締め（消費者物価に反応）,3年目（2024）,25.316797,-1.808114,-0.902458,-1.039600,0.192594,-0.058650,0.189987,-1.998101,-2.474122,-1.741371,0.251249,-0.639395,-2.435937,-1.568057,-1.987623,-0.001495,-0.042084,0.011599
参考: 緩和継続＋パススルーを推定し直した式,1年目（2022）,25.316797,-2.219015,-1.212896,-1.137023,0.127563,0.003342,0.382258,-2.601273,-2.613977,-1.778838,0.467764,-0.218707,-2.432753,-0.844243,-2.236048,-0.016985,0.000000,0.000000
参考: 緩和継続＋パススルーを推定し直した式,2年目（2023）,25.316797,-1.468530,-0.694029,-0.963387,0.212231,-0.023346,0.782462,-2.250992,-1.815394,-1.053936,1.052339,-0.397475,-1.860232,-1.490585,-2.084221,-0.012368,0.000000,0.000000
参考: 緩和継続＋パススルーを推定し直した式,3年目（2024）,25.316797,-1.147028,-0.567027,-0.849865,0.274356,-0.004493,1.077075,-2.224104,-1.745474,-0.880795,1.504286,-0.592398,-1.732655,-1.788750,-2.349687,-0.005842,0.000000,0.000000
