scenario,variable,year,value_repro,value_paper,diff
1,BCVATGDPV,2018,-0.11531394,-0.12,0.00468606
1,BCVATGDPV,2019,-0.25678026,-0.26,0.00321974
1,BCVATGDPV,2020,-0.40724136,-0.4,-0.00724136
1,BGVATGDPV,2018,-0.46209924,-0.47,0.00790076
1,BGVATGDPV,2019,-0.34042379,-0.34,-0.00042379
1,BGVATGDPV,2020,-0.37789332,-0.28,-0.09789332
1,CG,2018,0.04658565,0.04,0.00658565
1,CG,2019,0.16649807,0.16,0.00649807
1,CG,2020,0.27910334,0.26,0.01910334
1,CGPI,2018,0.04419677,0.04,0.00419677
1,CGPI,2019,0.18609117,0.17,0.01609117
1,CGPI,2020,0.35940337,0.33,0.02940337
1,CGV,2018,0.05340389,0.05,0.00340389
1,CGV,2019,0.30126484,0.28,0.02126484
1,CGV,2020,0.65218628,0.61,0.04218628
1,CP,2018,0.23837575,0.25,-0.01162425
1,CP,2019,0.50348432,0.53,-0.02651568
1,CP,2020,0.48594414,0.53,-0.04405586
1,CPV,2018,0.26088349,0.27,-0.00911651
1,CPV,2019,0.73260536,0.76,-0.02739464
1,CPV,2020,1.00451313,1.04,-0.03548687
1,CUX,2018,2.01722132,2.0,0.01722132
1,CUX,2019,2.07936417,2.01,0.06936417
1,CUX,2020,2.12595211,1.85,0.27595211
1,FXS,2018,-0.05740095,-0.06,0.00259905
1,FXS,2019,-0.24817073,-0.24,-0.00817073
1,FXS,2020,-0.49872414,-0.49,-0.00872414
1,GDP,2018,1.08895031,1.08,0.00895031
1,GDP,2019,1.10807177,1.11,-0.00192823
1,GDP,2020,1.02198537,1.04,-0.01801463
1,GDPD,2018,1.14325614,1.14,0.00325614
1,GDPD,2019,-0.07247798,-0.06,-0.01247798
1,GDPD,2020,-0.07823759,-0.06,-0.01823759
1,GDPGAP,2018,1.00216469,0.96,0.04216469
1,GDPGAP,2019,1.02622829,0.99,0.03622829
1,GDPGAP,2020,0.97432965,0.96,0.01432965
1,GDPPOT,2018,0.11006555,0.12,-0.00993445
1,GDPPOT,2019,0.09584468,0.12,-0.02415532
1,GDPPOT,2020,0.01621334,0.05,-0.03378666
1,GDPV,2018,1.1580873,1.18,-0.0219127
1,GDPV,2019,1.39308719,1.42,-0.02691281
1,GDPV,2020,1.59904339,1.64,-0.04095661
1,IFP,2018,-0.12802678,-0.13,0.00197322
1,IFP,2019,-0.65655151,-0.64,-0.01655151
1,IFP,2020,-1.25230883,-1.22,-0.03230883
1,IFPV,2018,0.14571566,0.13,0.01571566
1,IFPV,2019,-0.09370515,-0.1,0.00629485
1,IFPV,2020,-0.3983547,-0.38,-0.0183547
1,IG,2018,20.10857541,20.08,0.02857541
1,IG,2019,19.52490605,19.74,-0.21509395
1,IG,2020,18.04601491,18.13,-0.08398509
1,IGV,2018,20.4028682,20.36,0.0428682
1,IGV,2019,20.1972728,20.4,-0.2027272
1,IGV,2020,19.12554536,19.2,-0.07445464
1,IHP,2018,0.19521047,0.2,-0.00478953
1,IHP,2019,0.4215862,0.44,-0.0184138
1,IHP,2020,0.41315379,0.44,-0.02684621
1,IHPV,2018,0.20947952,0.22,-0.01052048
1,IHPV,2019,0.66247235,0.68,-0.01752765
1,IHPV,2020,0.97200151,0.99,-0.01799849
1,KFP,2018,-0.007521,-0.01,0.002479
1,KFP,2019,-0.05718433,-0.06,0.00281567
1,KFP,2020,-0.17323494,-0.17,-0.00323494
1,KG,2018,0.45861917,0.44,0.01861917
1,KG,2019,1.16995217,1.12,0.04995217
1,KG,2020,1.82347975,1.75,0.07347975
1,KHP,2018,0.00510102,0.01,-0.00489898
1,KHP,2019,0.02327074,0.02,0.00327074
1,KHP,2020,0.04452439,0.05,-0.00547561
1,LE,2018,0.22054631,0.24,-0.01945369
1,LE,2019,0.23251059,0.26,-0.02748941
1,LE,2020,0.17020536,0.21,-0.03979464
1,LF,2018,0.18674129,0.21,-0.02325871
1,LF,2019,0.18608446,0.22,-0.03391554
1,LF,2020,0.1218323,0.17,-0.0481677
1,LH,2018,0.29596397,0.29,0.00596397
1,LH,2019,0.2985887,0.3,-0.0014113
1,LH,2020,0.25277434,0.27,-0.01722566
1,M2CD,2018,0.70314295,0.7,0.00314295
1,M2CD,2019,0.58881819,0.6,-0.01118181
1,M2CD,2020,0.75530546,0.78,-0.02469454
1,MGS,2018,0.38193114,0.39,-0.00806886
1,MGS,2019,0.82735962,0.86,-0.03264038
1,MGS,2020,0.85260141,0.91,-0.05739859
1,MGSV,2018,0.35186633,0.37,-0.01813367
1,MGSV,2019,0.72586202,0.77,-0.04413798
1,MGSV,2020,0.69575806,0.77,-0.07424194
1,NIV,2018,1.47391485,1.47,0.00391485
1,NIV,2019,1.54346047,1.59,-0.04653953
1,NIV,2020,1.45802148,1.53,-0.07197852
1,PCP,2018,0.02241303,0.02,0.00241303
1,PCP,2019,0.22796149,0.22,0.00796149
1,PCP,2020,0.51608637,0.51,0.00608637
1,PERR,2018,-0.70706332,-0.71,0.00293668
1,PERR,2019,-1.67159605,-1.77,0.09840395
1,PERR,2020,-3.28032352,-3.3,0.01967648
1,PGDP,2018,0.06837208,0.09,-0.02162792
1,PGDP,2019,0.28191315,0.31,-0.02808685
1,PGDP,2020,0.57123492,0.59,-0.01876508
1,PIFP,2018,0.27414816,0.26,0.01414816
1,PIFP,2019,0.56674591,0.55,0.01674591
1,PIFP,2020,0.86487094,0.85,0.01487094
1,PIHP,2018,0.01421936,0.01,0.00421936
1,PIHP,2019,0.23983923,0.23,0.00983923
1,PIHP,2020,0.55657163,0.54,0.01657163
1,PLAND,2018,0.00673355,0.01,-0.00326645
1,PLAND,2019,0.09927147,0.1,-0.00072853
1,PLAND,2020,0.31216002,0.31,0.00216002
1,PMGS,2018,-0.02990143,-0.03,9.857e-05
1,PMGS,2019,-0.10065701,-0.09,-0.01065701
1,PMGS,2020,-0.1555214,-0.14,-0.0155214
1,PSHARE,2018,-1.07604318,-1.07,-0.00604318
1,PSHARE,2019,-4.57522611,-4.48,-0.09522611
1,PSHARE,2020,-6.42077586,-6.26,-0.16077586
1,PXGS,2018,-0.02292654,-0.02,-0.00292654
1,PXGS,2019,-0.09917736,-0.1,0.00082264
1,PXGS,2020,-0.19945286,-0.2,0.00054714
1,RCD,2018,0.11887361,0.12,-0.00112639
1,RCD,2019,0.23544414,0.23,0.00544414
1,RCD,2020,0.26505622,0.26,0.00505622
1,RGB,2018,0.05582835,0.06,-0.00417165
1,RGB,2019,0.10818097,0.11,-0.00181903
1,RGB,2020,0.13138272,0.13,0.00138272
1,SBGVATGDPV,2018,-2.27040954,-2.37,0.09959046
1,SBGVATGDPV,2019,-2.4675213,-2.62,0.1524787
1,SBGVATGDPV,2020,-2.72742812,-2.96,0.23257188
1,TAXV,2018,1.14771887,1.16,-0.01228113
1,TAXV,2019,2.0961445,2.16,-0.0638555
1,TAXV,2020,2.14219555,2.15,-0.00780445
1,TCIV,2018,1.10067337,1.12,-0.01932663
1,TCIV,2019,1.3617042,1.4,-0.0382958
1,TCIV,2020,1.52400513,1.58,-0.05599487
1,TYCV,2018,1.83334724,1.89,-0.05665276
1,TYCV,2019,4.09514269,4.24,-0.14485731
1,TYCV,2020,3.79055676,3.63,0.16055676
1,TYPV,2018,1.2083728,1.2,0.0083728
1,TYPV,2019,1.84747685,1.89,-0.04252315
1,TYPV,2020,1.90692757,1.99,-0.08307243
1,UCC,2018,-0.54903927,-0.43,-0.11903927
1,UCC,2019,-0.1115336,-0.05,-0.0615336
1,UCC,2020,-0.27119006,-0.34,0.06880994
1,UR,2018,-0.03291339,-0.03,-0.00291339
1,UR,2019,-0.04526005,-0.04,-0.00526005
1,UR,2020,-0.04698286,-0.04,-0.00698286
1,WIPH,2018,0.48191237,0.55,-0.06808763
1,WIPH,2019,0.61691548,0.71,-0.09308452
1,WIPH,2020,0.7455419,0.87,-0.1244581
1,XGS,2018,-0.00062976,0.0,-0.00062976
1,XGS,2019,-0.01090127,-0.01,-0.00090127
1,XGS,2020,-0.04311959,-0.04,-0.00311959
1,XGSV,2018,-0.02355606,-0.02,-0.00355606
1,XGSV,2019,-0.11006627,-0.11,-6.627e-05
1,XGSV,2020,-0.24248307,-0.24,-0.00248307
1,YCV,2018,3.75645505,3.78,-0.02354495
1,YCV,2019,2.92883225,2.96,-0.03116775
1,YCV,2020,2.38224511,2.56,-0.17775489
1,YDV,2018,0.92260271,0.96,-0.03739729
1,YDV,2019,1.18780362,1.25,-0.06219638
1,YDV,2020,1.22317437,1.31,-0.08682563
1,YWV,2018,0.9501496,1.03,-0.0798504
1,YWV,2019,1.09257591,1.22,-0.12742409
1,YWV,2020,1.11054683,1.28,-0.16945317
2,BCVATGDPV,2018,-0.10690245,-0.11,0.00309755
2,BCVATGDPV,2019,-0.19491701,-0.2,0.00508299
2,BCVATGDPV,2020,-0.23375,-0.23,-0.00375
2,BGVATGDPV,2018,-0.45081354,-0.46,0.00918646
2,BGVATGDPV,2019,-0.26216752,-0.26,-0.00216752
2,BGVATGDPV,2020,-0.17297459,-0.05,-0.12297459
2,CG,2018,0.04658565,0.04,0.00658565
2,CG,2019,0.16649807,0.16,0.00649807
2,CG,2020,0.27910334,0.26,0.01910334
2,CGPI,2018,0.05513701,0.05,0.00513701
2,CGPI,2019,0.22964719,0.21,0.01964719
2,CGPI,2020,0.45145329,0.41,0.04145329
2,CGV,2018,0.05669373,0.05,0.00669373
2,CGV,2019,0.31797844,0.3,0.01797844
2,CGV,2020,0.69832889,0.65,0.04832889
2,CP,2018,0.22027706,0.23,-0.00972294
2,CP,2019,0.47179026,0.5,-0.02820974
2,CP,2020,0.53312077,0.57,-0.03687923
2,CPV,2018,0.25001895,0.26,-0.00998105
2,CPV,2019,0.72749658,0.75,-0.02250342
2,CPV,2020,1.11723525,1.14,-0.02276475
2,CUX,2018,2.08097377,2.06,0.02097377
2,CUX,2019,2.3271729,2.23,0.0971729
2,CUX,2020,2.46262295,2.09,0.37262295
2,FXS,2018,0.00402722,0.0,0.00402722
2,FXS,2019,0.02332116,0.02,0.00332116
2,FXS,2020,0.06116083,0.06,0.00116083
2,GDP,2018,1.12298271,1.12,0.00298271
2,GDP,2019,1.28149521,1.27,0.01149521
2,GDP,2020,1.34320879,1.33,0.01320879
2,GDPD,2018,1.21175377,1.2,0.01175377
2,GDPD,2019,0.09142569,0.09,0.00142569
2,GDPD,2020,0.03529092,0.03,0.00529092
2,GDPGAP,2018,1.03300642,0.99,0.04300642
2,GDPGAP,2019,1.15032457,1.1,0.05032457
2,GDPGAP,2020,1.14197885,1.1,0.04197885
2,GDPPOT,2018,0.11388677,0.13,-0.01611323
2,GDPPOT,2019,0.14607523,0.16,-0.01392477
2,GDPPOT,2020,0.16257809,0.18,-0.01742191
2,GDPV,2018,1.20101946,1.22,-0.01898054
2,GDPV,2019,1.60154948,1.61,-0.00845052
2,GDPV,2020,1.99564424,1.99,0.00564424
2,IFP,2018,0.07670525,0.08,-0.00329475
2,IFP,2019,0.27219586,0.27,0.00219586
2,IFP,2020,0.29978477,0.29,0.00978477
2,IFPV,2018,0.36419136,0.35,0.01419136
2,IFPV,2019,0.89706639,0.87,0.02706639
2,IFPV,2020,1.27828847,1.24,0.03828847
2,IG,2018,20.10857541,20.08,0.02857541
2,IG,2019,19.52490605,19.74,-0.21509395
2,IG,2020,18.04601491,18.13,-0.08398509
2,IGV,2018,20.41968015,20.38,0.03968015
2,IGV,2019,20.26799251,20.46,-0.19200749
2,IGV,2020,19.26735437,19.32,-0.05264563
2,IHP,2018,0.23285455,0.24,-0.00714545
2,IHP,2019,0.52465554,0.54,-0.01534446
2,IHP,2020,0.6141066,0.63,-0.0158934
2,IHPV,2018,0.25631366,0.26,-0.00368634
2,IHPV,2019,0.80007054,0.81,-0.00992946
2,IHPV,2020,1.25498936,1.25,0.00498936
2,KFP,2018,0.0037129,0.0,0.0037129
2,KFP,2019,0.02892239,0.03,-0.00107761
2,KFP,2020,0.05942131,0.06,-0.00057869
2,KG,2018,0.45861917,0.44,0.01861917
2,KG,2019,1.16995217,1.12,0.04995217
2,KG,2020,1.82347975,1.75,0.07347975
2,KHP,2018,0.00610605,0.01,-0.00389395
2,KHP,2019,0.02824313,0.03,-0.00175687
2,KHP,2020,0.05763754,0.06,-0.00236246
2,LE,2018,0.22450579,0.25,-0.02549421
2,LE,2019,0.281307,0.31,-0.028693
2,LE,2020,0.29269951,0.32,-0.02730049
2,LF,2018,0.18978872,0.21,-0.02021128
2,LF,2019,0.23039325,0.26,-0.02960675
2,LF,2020,0.23710068,0.27,-0.03289932
2,LH,2018,0.30436571,0.3,0.00436571
2,LH,2019,0.34104014,0.34,0.00104014
2,LH,2020,0.32414592,0.33,-0.00585408
2,M2CD,2018,1.16958366,1.16,0.00958366
2,M2CD,2019,1.63232022,1.61,0.02232022
2,M2CD,2020,2.10019049,2.07,0.03019049
2,MGS,2018,0.36587668,0.38,-0.01412332
2,MGS,2019,0.797367,0.84,-0.042633
2,MGS,2020,0.93433735,0.97,-0.03566265
2,MGSV,2018,0.36359335,0.38,-0.01640665
2,MGSV,2019,0.81351678,0.86,-0.04648322
2,MGSV,2020,1.00990866,1.06,-0.05009134
2,NIV,2018,1.53893611,1.54,-0.00106389
2,NIV,2019,1.88775565,1.9,-0.01224435
2,NIV,2020,2.19566835,2.19,0.00566835
2,PCP,2018,0.02963263,0.03,-0.00036737
2,PCP,2019,0.25448616,0.25,0.00448616
2,PCP,2020,0.58102236,0.57,0.01102236
2,PERR,2018,-0.48042306,-0.49,0.00957694
2,PERR,2019,-0.80533869,-0.89,0.08466131
2,PERR,2020,-1.63244759,-1.58,-0.05244759
2,PGDP,2018,0.07713764,0.1,-0.02286236
2,PGDP,2019,0.31598582,0.34,-0.02401418
2,PGDP,2020,0.64378419,0.65,-0.00621581
2,PIFP,2018,0.28720832,0.28,0.00720832
2,PIFP,2019,0.62315747,0.6,0.02315747
2,PIFP,2020,0.97557378,0.95,0.02557378
2,PIHP,2018,0.02337414,0.02,0.00337414
2,PIHP,2019,0.27391467,0.27,0.00391467
2,PIHP,2020,0.63697076,0.62,0.01697076
2,PLAND,2018,-0.00123256,0.0,-0.00123256
2,PLAND,2019,-0.00919831,-0.01,0.00080169
2,PLAND,2020,-0.02135386,-0.02,-0.00135386
2,PMGS,2018,-0.00226692,0.0,-0.00226692
2,PMGS,2019,0.01601896,0.02,-0.00398104
2,PMGS,2020,0.07486733,0.09,-0.01513267
2,PSHARE,2018,0.22318934,0.23,-0.00681066
2,PSHARE,2019,0.30034709,0.3,0.00034709
2,PSHARE,2020,0.38013324,0.38,0.00013324
2,PXGS,2018,0.0016081,0.0,0.0016081
2,PXGS,2019,0.00931174,0.01,-0.00068826
2,PXGS,2020,0.02441768,0.02,0.00441768
2,RCD,2018,0.0,0.0,0.0
2,RCD,2019,0.0,0.0,0.0
2,RCD,2020,0.0,0.0,0.0
2,RGB,2018,0.00014308,0.0,0.00014308
2,RGB,2019,0.00100624,0.0,0.00100624
2,RGB,2020,0.00109979,0.0,0.00109979
2,SBGVATGDPV,2018,-2.37016569,-2.47,0.09983431
2,SBGVATGDPV,2019,-2.98748781,-3.11,0.12251219
2,SBGVATGDPV,2020,-3.87205763,-4.03,0.15794237
2,TAXV,2018,1.19174469,1.21,-0.01825531
2,TAXV,2019,2.43065533,2.5,-0.06934467
2,TAXV,2020,3.03720356,3.02,0.01720356
2,TCIV,2018,1.13479116,1.15,-0.01520884
2,TCIV,2019,1.53456286,1.56,-0.02543714
2,TCIV,2020,1.87422513,1.89,-0.01577487
2,TYCV,2018,1.9671079,2.03,-0.0628921
2,TYCV,2019,5.09393136,5.31,-0.21606864
2,TYCV,2020,6.48812383,6.34,0.14812383
2,TYPV,2018,1.2089751,1.2,0.0089751
2,TYPV,2019,1.94120393,1.97,-0.02879607
2,TYPV,2020,2.24851842,2.28,-0.03148158
2,UCC,2018,-1.23895469,-1.08,-0.15895469
2,UCC,2019,-1.83715928,-1.66,-0.17715928
2,UCC,2020,-2.05121361,-1.94,-0.11121361
2,UR,2018,-0.03380006,-0.03,-0.00380006
2,UR,2019,-0.04961672,-0.04,-0.00961672
2,UR,2020,-0.05395842,-0.05,-0.00395842
2,WIPH,2018,0.49741308,0.56,-0.06258692
2,WIPH,2019,0.75393639,0.84,-0.08606361
2,WIPH,2020,1.09786912,1.19,-0.09213088
2,XGS,2018,3.047e-05,0.0,3.047e-05
2,XGS,2019,0.00083382,0.0,0.00083382
2,XGS,2020,0.00415297,0.0,0.00415297
2,XGSV,2018,0.00163857,0.0,0.00163857
2,XGSV,2019,0.01014566,0.01,0.00014566
2,XGSV,2020,0.02857173,0.03,-0.00142827
2,YCV,2018,4.3104296,4.37,-0.0595704
2,YCV,2019,4.78614948,4.83,-0.04385052
2,YCV,2020,6.12568685,7.0,-0.87431315
2,YDV,2018,0.87258086,0.91,-0.03741914
2,YDV,2019,1.21582832,1.27,-0.05417168
2,YDV,2020,1.48095612,1.53,-0.04904388
2,YWV,2018,0.97675334,1.05,-0.07324666
2,YWV,2019,1.3107433,1.42,-0.1092567
2,YWV,2020,1.63195429,1.76,-0.12804571
3,BCVATGDPV,2018,-0.11435536,-0.11,-0.00435536
3,BCVATGDPV,2019,-0.25173993,-0.25,-0.00173993
3,BCVATGDPV,2020,-0.39695332,-0.38,-0.01695332
3,BGVATGDPV,2018,-0.45528082,-0.46,0.00471918
3,BGVATGDPV,2019,-0.32600732,-0.32,-0.00600732
3,BGVATGDPV,2020,-0.35757282,-0.26,-0.09757282
3,CG,2018,0.04631646,0.04,0.00631646
3,CG,2019,0.16362647,0.15,0.01362647
3,CG,2020,0.27099949,0.25,0.02099949
3,CGPI,2018,0.04393075,0.04,0.00393075
3,CGPI,2019,0.18310853,0.16,0.02310853
3,CGPI,2020,0.34956511,0.31,0.03956511
3,CGV,2018,0.05313695,0.05,0.00313695
3,CGV,2019,0.29707282,0.27,0.02707282
3,CGV,2020,0.63669666,0.58,0.05669666
3,CP,2018,0.23691967,0.24,-0.00308033
3,CP,2019,0.49175732,0.51,-0.01824268
3,CP,2020,0.46195253,0.49,-0.02804747
3,CPV,2018,0.25939651,0.26,-0.00060349
3,CPV,2019,0.71812928,0.73,-0.01187072
3,CPV,2020,0.9687729,0.98,-0.0112271
3,CUX,2018,1.99164544,1.93,0.06164544
3,CUX,2019,2.00810087,1.89,0.11810087
3,CUX,2020,2.0055053,1.7,0.3055053
3,FXS,2018,-0.05701642,-0.06,0.00298358
3,FXS,2019,-0.24433304,-0.24,-0.00433304
3,FXS,2020,-0.48613423,-0.47,-0.01613423
3,GDP,2018,1.07538806,1.05,0.02538806
3,GDP,2019,1.0696637,1.04,0.0296637
3,GDP,2020,0.95885466,0.95,0.00885466
3,GDPD,2018,1.11691996,1.09,0.02691996
3,GDPD,2019,-0.0961928,-0.08,-0.0161928
3,GDPD,2020,-0.09605244,-0.08,-0.01605244
3,GDPGAP,2018,0.98960803,0.93,0.05960803
3,GDPGAP,2019,0.99141924,0.93,0.06141924
3,GDPGAP,2020,0.91873751,0.88,0.03873751
3,GDPPOT,2018,0.10879849,0.12,-0.01120151
3,GDPPOT,2019,0.09190213,0.11,-0.01809787
3,GDPPOT,2020,0.0104498,0.04,-0.0295502
3,GDPV,2018,1.14384779,1.14,0.00384779
3,GDPV,2019,1.34986804,1.35,-0.00013196
3,GDPV,2020,1.5205896,1.52,0.0005896
3,IFP,2018,-0.12704557,-0.12,-0.00704557
3,IFP,2019,-0.64734745,-0.62,-0.02734745
3,IFP,2020,-1.21978035,-1.16,-0.05978035
3,IFPV,2018,0.1439515,0.13,0.0139515
3,IFPV,2019,-0.09685932,-0.1,0.00314068
3,IFPV,2020,-0.39406548,-0.37,-0.02406548
3,IG,2018,19.84843985,19.41,0.43843985
3,IG,2019,18.84613544,18.59,0.25613544
3,IG,2020,16.9966355,16.67,0.3266355
3,IGV,2018,20.13905824,19.69,0.44905824
3,IGV,2019,19.50064569,19.22,0.28064569
3,IGV,2020,18.03290346,17.67,0.36290346
3,IHP,2018,0.19352456,0.2,-0.00647544
3,IHP,2019,0.41206058,0.42,-0.00793942
3,IHP,2020,0.39308449,0.41,-0.01691551
3,IHPV,2018,0.20787283,0.21,-0.00212717
3,IHPV,2019,0.65029676,0.65,0.00029676
3,IHPV,2020,0.93952235,0.93,0.00952235
3,KFP,2018,-0.00747677,-0.01,0.00252323
3,KFP,2019,-0.05652485,-0.05,-0.00652485
3,KFP,2020,-0.17000885,-0.16,-0.01000885
3,KG,2018,0.45464598,0.43,0.02464598
3,KG,2019,1.14655808,1.08,0.06655808
3,KG,2020,1.76544098,1.66,0.10544098
3,KHP,2018,0.00506853,0.0,0.00506853
3,KHP,2019,0.02290975,0.02,0.00290975
3,KHP,2020,0.04334772,0.04,0.00334772
3,LE,2018,0.21805505,0.23,-0.01194495
3,LE,2019,0.22431903,0.25,-0.02568097
3,LE,2020,0.15650862,0.19,-0.03349138
3,LF,2018,0.18460926,0.2,-0.01539074
3,LF,2019,0.17921873,0.21,-0.03078127
3,LF,2020,0.1105985,0.15,-0.0394015
3,LH,2018,0.29229798,0.28,0.01229798
3,LH,2019,0.28831755,0.28,0.00831755
3,LH,2020,0.23705969,0.25,-0.01294031
3,M2CD,2018,0.69358458,0.68,0.01358458
3,M2CD,2019,0.56609437,0.57,-0.00390563
3,M2CD,2020,0.71674985,0.72,-0.00325015
3,MGS,2018,0.37919843,0.38,-0.00080157
3,MGS,2019,0.8083477,0.83,-0.0216523
3,MGS,2020,0.81268783,0.85,-0.03731217
3,MGSV,2018,0.3493449,0.36,-0.0106551
3,MGSV,2019,0.70837827,0.74,-0.03162173
3,MGSV,2020,0.65887705,0.71,-0.05112295
3,NIV,2018,1.45532559,1.43,0.02532559
3,NIV,2019,1.48980767,1.5,-0.01019233
3,NIV,2020,1.36557172,1.4,-0.03442828
3,PCP,2018,0.02238316,0.02,0.00238316
3,PCP,2019,0.22525484,0.22,0.00525484
3,PCP,2020,0.50451573,0.48,0.02451573
3,PERR,2018,-0.7016993,-0.69,-0.0116993
3,PERR,2019,-1.63507198,-1.69,0.05492802
3,PERR,2020,-3.12908832,-3.06,-0.06908832
3,PGDP,2018,0.06771521,0.09,-0.02228479
3,PGDP,2019,0.27726683,0.3,-0.02273317
3,PGDP,2020,0.5564158,0.56,-0.0035842
3,PIFP,2018,0.27139426,0.25,0.02139426
3,PIFP,2019,0.55424254,0.52,0.03424254
3,PIFP,2020,0.83598681,0.8,0.03598681
3,PIHP,2018,0.01429906,0.01,0.00429906
3,PIHP,2019,0.23722602,0.23,0.00722602
3,PIHP,2020,0.54432264,0.52,0.02432264
3,PLAND,2018,0.00672107,0.01,-0.00327893
3,PLAND,2019,0.09828073,0.1,-0.00171927
3,PLAND,2020,0.30638198,0.29,0.01638198
3,PMGS,2018,-0.02969288,-0.03,0.00030712
3,PMGS,2019,-0.09916144,-0.09,-0.00916144
3,PMGS,2020,-0.15257516,-0.13,-0.02257516
3,PSHARE,2018,-1.07069988,-1.05,-0.02069988
3,PSHARE,2019,-4.502356,-4.31,-0.192356
3,PSHARE,2020,-6.21954588,-5.93,-0.28954588
3,PXGS,2018,-0.0227729,-0.02,-0.0027729
3,PXGS,2019,-0.09764238,-0.09,-0.00764238
3,PXGS,2020,-0.19441007,-0.19,-0.00441007
3,RCD,2018,0.1177427,0.11,0.0077427
3,RCD,2019,0.2299542,0.22,0.0099542
3,RCD,2020,0.2537371,0.24,0.0137371
3,RGB,2018,0.05528309,0.05,0.00528309
3,RGB,2019,0.10563985,0.1,0.00563985
3,RGB,2020,0.12608375,0.12,0.00608375
3,SBGVATGDPV,2018,-2.24174473,-2.3,0.05825527
3,SBGVATGDPV,2019,-2.38523954,-2.47,0.08476046
3,SBGVATGDPV,2020,-2.57673044,-2.73,0.15326956
3,TAXV,2018,1.13743332,1.13,0.00743332
3,TAXV,2019,2.04280144,2.05,-0.00719856
3,TAXV,2020,2.03114081,1.99,0.04114081
3,TCIV,2018,1.08750264,1.09,-0.00249736
3,TCIV,2019,1.32038407,1.33,-0.00961593
3,TCIV,2020,1.44914516,1.47,-0.02085484
3,TYCV,2018,1.82078253,1.84,-0.01921747
3,TYCV,2019,3.99591904,4.04,-0.04408096
3,TYCV,2020,3.56508236,3.32,0.24508236
3,TYPV,2018,1.19588662,1.16,0.03588662
3,TYPV,2019,1.79707327,1.79,0.00707327
3,TYPV,2020,1.81259179,1.85,-0.03740821
3,UCC,2018,-0.54485727,-0.42,-0.12485727
3,UCC,2019,-0.09641097,-0.04,-0.05641097
3,UCC,2020,-0.24404598,-0.31,0.06595402
3,UR,2018,-0.03256432,-0.03,-0.00256432
3,UR,2019,-0.04397009,-0.04,-0.00397009
3,UR,2020,-0.04459485,-0.04,-0.00459485
3,WIPH,2018,0.47634175,0.53,-0.05365825
3,WIPH,2019,0.59815306,0.68,-0.08184694
3,WIPH,2020,0.70870605,0.81,-0.10129395
3,XGS,2018,-0.0006283,0.0,-0.0006283
3,XGS,2019,-0.01080338,-0.01,-0.00080338
3,XGS,2020,-0.04241597,-0.04,-0.00241597
3,XGSV,2018,-0.02340097,-0.02,-0.00340097
3,XGSV,2019,-0.10843372,-0.1,-0.00843372
3,XGSV,2020,-0.23674042,-0.23,-0.00674042
3,YCV,2018,3.70282266,3.64,0.06282266
3,YCV,2019,2.79137991,2.74,0.05137991
3,YCV,2020,2.14253061,2.2,-0.05746939
3,YDV,2018,0.91224695,0.93,-0.01775305
3,YDV,2019,1.15190889,1.19,-0.03809111
3,YDV,2020,1.15857077,1.22,-0.06142923
3,YWV,2018,0.93894644,1.0,-0.06105356
3,YWV,2019,1.05702278,1.15,-0.09297722
3,YWV,2020,1.04738893,1.18,-0.13261107
4,BCVATGDPV,2018,-0.13243376,-0.13,-0.00243376
4,BCVATGDPV,2019,-0.32613635,-0.32,-0.00613635
4,BCVATGDPV,2020,-0.43958189,-0.42,-0.01958189
4,BGVATGDPV,2018,-0.9483719,-0.96,0.0116281
4,BGVATGDPV,2019,-0.86640207,-0.89,0.02359793
4,BGVATGDPV,2020,-0.87071946,-0.86,-0.01071946
4,CG,2018,-0.0,0.0,-0.0
4,CG,2019,0.0,0.0,0.0
4,CG,2020,0.0,0.0,0.0
4,CGPI,2018,0.00469647,0.0,0.00469647
4,CGPI,2019,0.04708154,0.04,0.00708154
4,CGPI,2020,0.11953939,0.1,0.01953939
4,CGV,2018,0.00022393,0.0,0.00022393
4,CGV,2019,0.02440117,0.02,0.00440117
4,CGV,2020,0.09581902,0.08,0.01581902
4,CP,2018,0.59174611,0.58,0.01174611
4,CP,2019,1.12981473,1.12,0.00981473
4,CP,2020,1.19366066,1.2,-0.00633934
4,CPV,2018,0.59325996,0.58,0.01325996
4,CPV,2019,1.17782432,1.16,0.01782432
4,CPV,2020,1.3357342,1.33,0.0057342
4,CUX,2018,0.44610837,0.4,0.04610837
4,CUX,2019,0.70139537,0.6,0.10139537
4,CUX,2020,0.7432242,0.59,0.1532242
4,FXS,2018,-0.00788546,-0.01,0.00211454
4,FXS,2019,-0.05609438,-0.05,-0.00609438
4,FXS,2020,-0.13255088,-0.12,-0.01255088
4,GDP,2018,0.23302572,0.21,0.02302572
4,GDP,2019,0.3659414,0.33,0.0359414
4,GDP,2020,0.34275355,0.32,0.02275355
4,GDPD,2018,0.3427063,0.3,0.0427063
4,GDPD,2019,0.02290662,0.03,-0.00709338
4,GDPD,2020,-0.03734575,-0.03,-0.00734575
4,GDPGAP,2018,0.21948717,0.19,0.02948717
4,GDPGAP,2019,0.34377108,0.3,0.04377108
4,GDPGAP,2020,0.33653296,0.3,0.03653296
4,GDPPOT,2018,0.01858575,0.02,-0.00141425
4,GDPPOT,2019,0.02698176,0.03,-0.00301824
4,GDPPOT,2020,-0.00446164,0.01,-0.01446164
4,GDPV,2018,0.23130461,0.22,0.01130461
4,GDPV,2019,0.41083175,0.4,0.01083175
4,GDPV,2020,0.49020013,0.49,0.00020013
4,IFP,2018,-0.01905797,-0.02,0.00094203
4,IFP,2019,-0.13689775,-0.12,-0.01689775
4,IFP,2020,-0.35618141,-0.32,-0.03618141
4,IFPV,2018,0.03240032,0.03,0.00240032
4,IFPV,2019,0.01812105,0.01,0.00812105
4,IFPV,2020,-0.10007233,-0.09,-0.01007233
4,IG,2018,0.0,0.0,0.0
4,IG,2019,0.0,0.0,0.0
4,IG,2020,0.0,0.0,0.0
4,IGV,2018,0.04517316,0.04,0.00517316
4,IGV,2019,0.14968528,0.13,0.01968528
4,IGV,2020,0.26995336,0.24,0.02995336
4,IHP,2018,0.53189162,0.52,0.01189162
4,IHP,2019,0.74290795,0.74,0.00290795
4,IHP,2020,0.71346654,0.72,-0.00653346
4,IHPV,2018,0.53106321,0.52,0.01106321
4,IHPV,2019,0.79337527,0.79,0.00337527
4,IHPV,2020,0.87553376,0.86,0.01553376
4,KFP,2018,-0.00093971,0.0,-0.00093971
4,KFP,2019,-0.010583,-0.01,-0.000583
4,KFP,2020,-0.04137055,-0.04,-0.00137055
4,KG,2018,-0.0,0.0,-0.0
4,KG,2019,0.0,0.0,0.0
4,KG,2020,0.0,0.0,0.0
4,KHP,2018,0.01512082,0.01,0.00512082
4,KHP,2019,0.05117136,0.05,0.00117136
4,KHP,2020,0.08635986,0.08,0.00635986
4,LE,2018,0.03809312,0.04,-0.00190688
4,LE,2019,0.06455185,0.07,-0.00544815
4,LE,2020,0.03091542,0.05,-0.01908458
4,LF,2018,0.0313498,0.04,-0.0086502
4,LF,2019,0.04957243,0.06,-0.01042757
4,LF,2020,0.01394897,0.03,-0.01605103
4,LH,2018,0.06190044,0.06,0.00190044
4,LH,2019,0.0960175,0.09,0.0060175
4,LH,2020,0.07898714,0.08,-0.00101286
4,M2CD,2018,0.16330659,0.15,0.01330659
4,M2CD,2019,0.19830508,0.18,0.01830508
4,M2CD,2020,0.22440965,0.22,0.00440965
4,MGS,2018,0.68500135,0.66,0.02500135
4,MGS,2019,1.60245497,1.57,0.03245497
4,MGS,2020,1.74354134,1.73,0.01354134
4,MGSV,2018,0.67159003,0.66,0.01159003
4,MGSV,2019,1.59050586,1.58,0.01050586
4,MGSV,2020,1.78353353,1.8,-0.01646647
4,NIV,2018,0.29214283,0.28,0.01214283
4,NIV,2019,0.44003809,0.45,-0.00996191
4,NIV,2020,0.35391585,0.39,-0.03608415
4,PCP,2018,0.00149813,0.0,0.00149813
4,PCP,2019,0.04746057,0.04,0.00746057
4,PCP,2020,0.1404027,0.12,0.0204027
4,PERR,2018,-0.10811275,-0.1,-0.00811275
4,PERR,2019,-0.46862213,-0.47,0.00137787
4,PERR,2020,-1.01370277,-0.97,-0.04370277
4,PGDP,2018,-0.00171434,0.01,-0.01171434
4,PGDP,2019,0.04472572,0.07,-0.02527428
4,PGDP,2020,0.14694616,0.16,-0.01305384
4,PIFP,2018,0.05147366,0.04,0.01147366
4,PIFP,2019,0.15524852,0.13,0.02524852
4,PIFP,2020,0.25703866,0.23,0.02703866
4,PIHP,2018,-0.00082414,0.0,-0.00082414
4,PIHP,2019,0.0500915,0.05,9.15e-05
4,PIHP,2020,0.16092559,0.14,0.02092559
4,PLAND,2018,0.00043407,0.0,0.00043407
4,PLAND,2019,0.01768151,0.02,-0.00231849
4,PLAND,2020,0.07586155,0.07,0.00586155
4,PMGS,2018,-0.01324186,-0.01,-0.00324186
4,PMGS,2019,-0.0117612,0.01,-0.0217612
4,PMGS,2020,0.03930751,0.06,-0.02069249
4,PSHARE,2018,-0.12587176,-0.12,-0.00587176
4,PSHARE,2019,-1.13020256,-1.02,-0.11020256
4,PSHARE,2020,-2.01211841,-1.78,-0.23211841
4,PXGS,2018,-0.00314891,0.0,-0.00314891
4,PXGS,2019,-0.02240349,-0.02,-0.00240349
4,PXGS,2020,-0.05295113,-0.05,-0.00295113
4,RCD,2018,0.02051671,0.02,0.00051671
4,RCD,2019,0.06668087,0.06,0.00668087
4,RCD,2020,0.08601114,0.08,0.00601114
4,RGB,2018,0.0097809,0.01,-0.0002191
4,RGB,2019,0.03058803,0.03,0.00058803
4,RGB,2020,0.04115189,0.04,0.00115189
4,SBGVATGDPV,2018,0.08128412,0.09,-0.00871588
4,SBGVATGDPV,2019,0.55029672,0.56,-0.00970328
4,SBGVATGDPV,2020,1.23081874,1.26,-0.02918126
4,TAXV,2018,-5.3042602,-5.25,-0.0542602
4,TAXV,2019,-4.90405985,-4.94,0.03594015
4,TAXV,2020,-4.61199402,-4.63,0.01800598
4,TCIV,2018,0.31838458,0.31,0.00838458
4,TCIV,2019,0.61523002,0.62,-0.00476998
4,TCIV,2020,0.68035429,0.69,-0.00964571
4,TYCV,2018,0.26032503,0.25,0.01032503
4,TYCV,2019,1.17483471,1.14,0.03483471
4,TYCV,2020,1.1530941,1.11,0.0430941
4,TYPV,2018,-18.45382034,-18.13,-0.32382034
4,TYPV,2019,-18.16035035,-18.24,0.07964965
4,TYPV,2020,-17.59176152,-17.74,0.14823848
4,UCC,2018,-0.10020153,-0.07,-0.03020153
4,UCC,2019,-0.16874706,-0.12,-0.04874706
4,UCC,2020,-0.14587913,-0.14,-0.00587913
4,UR,2018,-0.00657789,-0.01,0.00342211
4,UR,2019,-0.01462258,-0.01,-0.00462258
4,UR,2020,-0.01649101,-0.01,-0.00649101
4,WIPH,2018,0.08201831,0.1,-0.01798169
4,WIPH,2019,0.14838692,0.18,-0.03161308
4,WIPH,2020,0.14554588,0.19,-0.04445412
4,XGS,2018,-4.747e-05,0.0,-4.747e-05
4,XGS,2019,-0.00178079,0.0,-0.00178079
4,XGS,2020,-0.00974872,-0.01,0.00025128
4,XGSV,2018,-0.00319638,0.0,-0.00319638
4,XGSV,2019,-0.02418379,-0.02,-0.00418379
4,XGSV,2020,-0.06269438,-0.06,-0.00269438
4,YCV,2018,0.80710484,0.79,0.01710484
4,YCV,2019,0.91598309,0.91,0.00598309
4,YCV,2020,0.5759273,0.6,-0.0240727
4,YDV,2018,2.077045,2.04,0.037045
4,YDV,2019,2.21320343,2.21,0.00320343
4,YDV,2020,2.05284498,2.07,-0.01715502
4,YWV,2018,0.17287539,0.18,-0.00712461
4,YWV,2019,0.29334383,0.33,-0.03665617
4,YWV,2020,0.24221776,0.3,-0.05778224
5,BCVATGDPV,2018,-0.03389779,-0.03,-0.00389779
5,BCVATGDPV,2019,-0.13976859,-0.13,-0.00976859
5,BCVATGDPV,2020,-0.26610355,-0.24,-0.02610355
5,BGVATGDPV,2018,-0.92753306,-0.94,0.01246694
5,BGVATGDPV,2019,-0.82548728,-0.87,0.04451272
5,BGVATGDPV,2020,-0.86711242,-0.85,-0.01711242
5,CG,2018,0.0,0.0,0.0
5,CG,2019,-0.0,0.0,-0.0
5,CG,2020,-0.0,0.0,-0.0
5,CGPI,2018,0.00947907,0.01,-0.00052093
5,CGPI,2019,0.05890826,0.05,0.00890826
5,CGPI,2020,0.11819564,0.1,0.01819564
5,CGV,2018,0.00099904,0.0,0.00099904
5,CGV,2019,0.0366007,0.03,0.0066007
5,CGV,2020,0.12826329,0.11,0.01826329
5,CP,2018,0.06076123,0.06,0.00076123
5,CP,2019,0.2718328,0.26,0.0118328
5,CP,2020,0.27272128,0.27,0.00272128
5,CPV,2018,0.06426979,0.06,0.00426979
5,CPV,2019,0.33848531,0.32,0.01848531
5,CPV,2020,0.45022583,0.44,0.01022583
5,CUX,2018,0.62919048,0.58,0.04919048
5,CUX,2019,0.80780389,0.71,0.09780389
5,CUX,2020,0.48909319,0.33,0.15909319
5,FXS,2018,-0.01659298,-0.02,0.00340702
5,FXS,2019,-0.10687916,-0.1,-0.00687916
5,FXS,2020,-0.23235874,-0.22,-0.01235874
5,GDP,2018,0.37138947,0.35,0.02138947
5,GDP,2019,0.62478063,0.59,0.03478063
5,GDP,2020,0.55429107,0.52,0.03429107
5,GDPD,2018,0.60649951,0.56,0.04649951
5,GDPD,2019,0.00127363,0.02,-0.01872637
5,GDPD,2020,-0.08732671,-0.11,0.02267329
5,GDPGAP,2018,0.31337234,0.28,0.03337234
5,GDPGAP,2019,0.40598856,0.36,0.04598856
5,GDPGAP,2020,0.22940099,0.18,0.04940099
5,GDPPOT,2018,0.06514302,0.06,0.00514302
5,GDPPOT,2019,0.22427726,0.23,-0.00572274
5,GDPPOT,2020,0.31676495,0.33,-0.01323505
5,GDPV,2018,0.39676578,0.36,0.03676578
5,GDPV,2019,0.72012024,0.68,0.04012024
5,GDPV,2020,0.74448959,0.69,0.05448959
5,IFP,2018,1.97830152,1.97,0.00830152
5,IFP,2019,2.99071689,3.08,-0.08928311
5,IFP,2020,2.62354604,2.69,-0.06645396
5,IFPV,2018,2.05644171,2.04,0.01644171
5,IFPV,2019,3.19764857,3.27,-0.07235143
5,IFPV,2020,2.90551642,2.94,-0.03448358
5,IG,2018,0.0,0.0,0.0
5,IG,2019,0.0,0.0,0.0
5,IG,2020,0.0,0.0,0.0
5,IGV,2018,0.06728047,0.06,0.00728047
5,IGV,2019,0.19415069,0.18,0.01415069
5,IGV,2020,0.29375719,0.27,0.02375719
5,IHP,2018,0.0574588,0.05,0.0074588
5,IHP,2019,0.19551047,0.19,0.00551047
5,IHP,2020,0.20131836,0.2,0.00131836
5,IHPV,2018,0.05769356,0.05,0.00769356
5,IHPV,2019,0.2615296,0.25,0.0115296
5,IHPV,2020,0.39076887,0.37,0.02076887
5,KFP,2018,0.12197702,0.12,0.00197702
5,KFP,2019,0.45187135,0.45,0.00187135
5,KFP,2020,0.71986503,0.73,-0.01013497
5,KG,2018,0.0,0.0,0.0
5,KG,2019,-0.0,0.0,-0.0
5,KG,2020,0.0,0.0,0.0
5,KHP,2018,0.00132444,0.0,0.00132444
5,KHP,2019,0.00900265,0.01,-0.00099735
5,KHP,2020,0.01953403,0.02,-0.00046597
5,LE,2018,0.07704629,0.08,-0.00295371
5,LE,2019,0.14464626,0.15,-0.00535374
5,LE,2020,0.09842344,0.11,-0.01157656
5,LF,2018,0.06733877,0.07,-0.00266123
5,LF,2019,0.12634492,0.13,-0.00365508
5,LF,2020,0.08504587,0.1,-0.01495413
5,LH,2018,0.09508164,0.09,0.00508164
5,LH,2019,0.13391694,0.12,0.01391694
5,LH,2020,0.07745846,0.07,0.00745846
5,M2CD,2018,0.23493607,0.22,0.01493607
5,M2CD,2019,0.3017826,0.29,0.0117826
5,M2CD,2020,0.36479364,0.34,0.02479364
5,MGS,2018,0.10343842,0.1,0.00343842
5,MGS,2019,0.42820514,0.41,0.01820514
5,MGS,2020,0.47482967,0.46,0.01482967
5,MGSV,2018,0.0947422,0.09,0.0047422
5,MGSV,2019,0.38536267,0.37,0.01536267
5,MGSV,2020,0.40556133,0.41,-0.00443867
5,NIV,2018,0.50343705,0.45,0.05343705
5,NIV,2019,0.74984003,0.71,0.03984003
5,NIV,2020,0.49433574,0.47,0.02433574
5,PCP,2018,0.00350388,0.0,0.00350388
5,PCP,2019,0.06646174,0.06,0.00646174
5,PCP,2020,0.17702859,0.16,0.01702859
5,PERR,2018,-2.47257074,-2.8,0.32742926
5,PERR,2019,-3.27077176,-4.28,1.00922824
5,PERR,2020,-7.94183687,-11.49,3.54816313
5,PGDP,2018,0.02525583,0.02,0.00525583
5,PGDP,2019,0.09474826,0.09,0.00474826
5,PGDP,2020,0.18915656,0.17,0.01915656
5,PIFP,2018,0.0762686,0.07,0.0062686
5,PIFP,2019,0.20093491,0.18,0.02093491
5,PIFP,2020,0.27477393,0.25,0.02477393
5,PIHP,2018,0.00023351,0.0,0.00023351
5,PIHP,2019,0.06588056,0.06,0.00588056
5,PIHP,2020,0.1890763,0.17,0.0190763
5,PLAND,2018,0.00131752,0.0,0.00131752
5,PLAND,2019,0.03443874,0.03,0.00443874
5,PLAND,2020,0.13641484,0.13,0.00641484
5,PMGS,2018,-0.00868106,-0.01,0.00131894
5,PMGS,2019,-0.04265178,-0.04,-0.00265178
5,PMGS,2020,-0.06894237,-0.06,-0.00894237
5,PSHARE,2018,-0.28538958,-0.27,-0.01538958
5,PSHARE,2019,-2.07727275,-1.95,-0.12727275
5,PSHARE,2020,-3.18394858,-2.98,-0.20394858
5,PXGS,2018,-0.00662636,-0.01,0.00337364
5,PXGS,2019,-0.04269352,-0.04,-0.00269352
5,PXGS,2020,-0.09285023,-0.09,-0.00285023
5,RCD,2018,0.04028466,0.04,0.00028466
5,RCD,2019,0.11811913,0.11,0.00811913
5,RCD,2020,0.11942527,0.11,0.00942527
5,RGB,2018,0.01920178,0.02,-0.00079822
5,RGB,2019,0.05391171,0.05,0.00391171
5,RGB,2020,0.05774572,0.05,0.00774572
5,SBGVATGDPV,2018,-0.30303417,-0.25,-0.05303417
5,SBGVATGDPV,2019,-0.19744201,-0.11,-0.08744201
5,SBGVATGDPV,2020,0.56002295,0.71,-0.14997705
5,TAXV,2018,-5.24615522,-5.21,-0.03615522
5,TAXV,2019,-4.77938146,-4.95,0.17061854
5,TAXV,2020,-4.65383915,-4.66,0.00616085
5,TCIV,2018,0.3798166,0.35,0.0298166
5,TCIV,2019,0.72085844,0.68,0.04085844
5,TCIV,2020,0.7369088,0.69,0.0469088
5,TYCV,2018,-21.13953478,-21.04,-0.09953478
5,TYCV,2019,-21.04698147,-21.64,0.59301853
5,TYCV,2020,-21.0737332,-20.79,-0.2837332
5,TYPV,2018,0.35859092,0.33,0.02859092
5,TYPV,2019,0.85059279,0.8,0.05059279
5,TYPV,2020,0.77149654,0.74,0.03149654
5,UCC,2018,0.3974237,-0.38,0.7774237
5,UCC,2019,0.60121002,-0.23,0.83121002
5,UCC,2020,0.57130392,-0.56,1.13130392
5,UR,2018,-0.00946494,-0.01,0.00053506
5,UR,2019,-0.01785509,-0.01,-0.00785509
5,UR,2020,-0.01300939,-0.01,-0.00300939
5,WIPH,2018,0.1740484,0.17,0.0040484
5,WIPH,2019,0.35635613,0.37,-0.01364387
5,WIPH,2020,0.36460461,0.38,-0.01539539
5,XGS,2018,-0.00013252,0.0,-0.00013252
5,XGS,2019,-0.00361287,0.0,-0.00361287
5,XGS,2020,-0.01840204,-0.02,0.00159796
5,XGSV,2018,-0.00675886,-0.01,0.00324114
5,XGSV,2019,-0.04630454,-0.04,-0.00630454
5,XGSV,2020,-0.11123442,-0.1,-0.01123442
5,YCV,2018,1.29612884,1.2,0.09612884
5,YCV,2019,1.04497556,0.92,0.12497556
5,YCV,2020,-0.34162533,-1.04,0.69837467
5,YDV,2018,0.31721698,0.3,0.01721698
5,YDV,2019,0.648107,0.63,0.018107
5,YDV,2020,0.56305621,0.55,0.01305621
5,YWV,2018,0.32888489,0.32,0.00888489
5,YWV,2019,0.60334065,0.62,-0.01665935
5,YWV,2020,0.5127781,0.53,-0.0172219
6,BCVATGDPV,2018,0.07789909,0.08,-0.00210091
6,BCVATGDPV,2019,0.12925777,0.13,-0.00074223
6,BCVATGDPV,2020,0.12585894,0.12,0.00585894
6,BGVATGDPV,2018,0.31846649,0.32,-0.00153351
6,BGVATGDPV,2019,0.23936043,0.24,-0.00063957
6,BGVATGDPV,2020,0.19878365,0.21,-0.01121635
6,CG,2018,0.0,0.0,0.0
6,CG,2019,0.0,0.0,0.0
6,CG,2020,0.0,0.0,0.0
6,CGPI,2018,0.85952729,0.86,-0.00047271
6,CGPI,2019,0.82111324,0.81,0.01111324
6,CGPI,2020,0.75991775,0.76,-8.225e-05
6,CGV,2018,0.46524667,0.49,-0.02475333
6,CGV,2019,0.44574815,0.49,-0.04425185
6,CGV,2020,0.39071201,0.45,-0.05928799
6,CP,2018,-0.47475195,-0.47,-0.00475195
6,CP,2019,-0.5402137,-0.53,-0.0102137
6,CP,2020,-0.53534822,-0.52,-0.01534822
6,CPV,2018,0.02658867,0.04,-0.01341133
6,CPV,2019,-0.07746268,-0.08,0.00253732
6,CPV,2020,-0.1411061,-0.12,-0.0211061
6,CUX,2018,-0.46277623,-0.42,-0.04277623
6,CUX,2019,-0.47487059,-0.37,-0.10487059
6,CUX,2020,-0.48520114,-0.32,-0.16520114
6,FXS,2018,-0.00704936,-0.01,0.00295064
6,FXS,2019,-0.01023458,-0.01,-0.00023458
6,FXS,2020,-0.01730772,-0.01,-0.00730772
6,GDP,2018,-0.24747442,-0.22,-0.02747442
6,GDP,2019,-0.25628296,-0.21,-0.04628296
6,GDP,2020,-0.2588335,-0.19,-0.0688335
6,GDPD,2018,-0.57801675,-0.53,-0.04801675
6,GDPD,2019,-0.03107453,-0.01,-0.02107453
6,GDPD,2020,-0.00674951,0.0,-0.00674951
6,GDPGAP,2018,-0.22896437,-0.2,-0.02896437
6,GDPGAP,2019,-0.23409581,-0.18,-0.05409581
6,GDPGAP,2020,-0.22517087,-0.16,-0.06517087
6,GDPPOT,2018,-0.0240999,-0.02,-0.0040999
6,GDPPOT,2019,-0.02552041,-0.02,-0.00552041
6,GDPPOT,2020,-0.02666774,-0.02,-0.00666774
6,GDPV,2018,0.19784902,0.23,-0.03215098
6,GDPV,2019,0.14942572,0.2,-0.05057428
6,GDPV,2020,0.07398835,0.16,-0.08601165
6,IFP,2018,-0.01594442,-0.01,-0.00594442
6,IFP,2019,-0.0477085,-0.03,-0.0177085
6,IFP,2020,-0.03782937,-0.02,-0.01782937
6,IFPV,2018,0.1198126,0.16,-0.0401874
6,IFPV,2019,0.02454132,0.1,-0.07545868
6,IFPV,2020,-0.03551498,0.06,-0.09551498
6,IG,2018,0.0,0.0,0.0
6,IG,2019,0.0,0.0,0.0
6,IG,2020,0.0,0.0,0.0
6,IGV,2018,0.39938382,0.44,-0.04061618
6,IGV,2019,0.33159058,0.35,-0.01840942
6,IGV,2020,0.24619234,0.26,-0.01380766
6,IHP,2018,-1.41154647,-1.41,-0.00154647
6,IHP,2019,-1.5125965,-1.5,-0.0125965
6,IHP,2020,-1.53081007,-1.5,-0.03081007
6,IHPV,2018,-0.66305132,-0.62,-0.04305132
6,IHPV,2019,-0.80986035,-0.78,-0.02986035
6,IHPV,2020,-0.91161838,-0.86,-0.05161838
6,KFP,2018,-0.00132803,0.0,-0.00132803
6,KFP,2019,-0.00607742,0.0,-0.00607742
6,KFP,2020,-0.01001734,-0.01,-1.734e-05
6,KG,2018,0.0,0.0,0.0
6,KG,2019,0.0,0.0,0.0
6,KG,2020,0.0,0.0,0.0
6,KHP,2018,-0.02272992,-0.02,-0.00272992
6,KHP,2019,-0.09951329,-0.1,0.00048671
6,KHP,2020,-0.17308421,-0.17,-0.00308421
6,LE,2018,-0.04596591,-0.04,-0.00596591
6,LE,2019,-0.04969572,-0.05,0.00030428
6,LE,2020,-0.04970869,-0.04,-0.00970869
6,LF,2018,-0.03975844,-0.04,0.00024156
6,LF,2019,-0.03952658,-0.04,0.00047342
6,LF,2020,-0.03845746,-0.03,-0.00845746
6,LH,2018,-0.06623644,-0.06,-0.00623644
6,LH,2019,-0.06689864,-0.05,-0.01689864
6,LH,2020,-0.06129528,-0.05,-0.01129528
6,M2CD,2018,-0.24435554,-0.22,-0.02435554
6,M2CD,2019,-0.30010912,-0.24,-0.06010912
6,M2CD,2020,-0.38168029,-0.3,-0.08168029
6,MGS,2018,-0.48347222,-0.48,-0.00347222
6,MGS,2019,-0.77592833,-0.76,-0.01592833
6,MGS,2020,-0.78666403,-0.75,-0.03666403
6,MGSV,2018,-0.48126202,-0.48,-0.00126202
6,MGSV,2019,-0.7862486,-0.78,-0.0062486
6,MGSV,2020,-0.83583691,-0.8,-0.03583691
6,NIV,2018,-0.42922116,-0.39,-0.03922116
6,NIV,2019,-0.46848215,-0.42,-0.04848215
6,NIV,2020,-0.52265461,-0.44,-0.08265461
6,PCP,2018,0.50373102,0.52,-0.01626898
6,PCP,2019,0.46526245,0.46,0.00526245
6,PCP,2020,0.39636318,0.4,-0.00363682
6,PERR,2018,0.12397547,0.13,-0.00602453
6,PERR,2019,0.34758887,0.39,-0.04241113
6,PERR,2020,0.74223741,0.81,-0.06776259
6,PGDP,2018,0.4464231,0.46,-0.0135769
6,PGDP,2019,0.40675038,0.41,-0.00324962
6,PGDP,2020,0.33368425,0.35,-0.01631575
6,PIFP,2018,0.13577686,0.18,-0.04422314
6,PIFP,2019,0.07228537,0.14,-0.06771463
6,PIFP,2020,0.00231533,0.09,-0.08768467
6,PIHP,2018,0.75921178,0.8,-0.04078822
6,PIHP,2019,0.71352517,0.74,-0.02647483
6,PIHP,2020,0.62881633,0.66,-0.03118367
6,PLAND,2018,0.00207516,0.0,0.00207516
6,PLAND,2019,0.00380133,0.0,0.00380133
6,PLAND,2020,0.00236133,0.0,0.00236133
6,PMGS,2018,0.00223066,0.0,0.00223066
6,PMGS,2019,-0.01040172,-0.02,0.00959828
6,PMGS,2020,-0.04956088,-0.06,0.01043912
6,PSHARE,2018,-0.1173426,-0.09,-0.0273426
6,PSHARE,2019,0.02667738,0.06,-0.03332262
6,PSHARE,2020,0.03763447,0.05,-0.01236553
6,PXGS,2018,-0.00281497,0.0,-0.00281497
6,PXGS,2019,-0.00408694,0.0,-0.00408694
6,PXGS,2020,-0.00691158,-0.01,0.00308842
6,RCD,2018,0.0007349,0.0,0.0007349
6,RCD,2019,-0.00075,0.0,-0.00075
6,RCD,2020,-0.00108333,0.0,-0.00108333
6,RGB,2018,-2.908e-05,0.0,-2.908e-05
6,RGB,2019,2.726e-05,0.0,2.726e-05
6,RGB,2020,-9.268e-05,0.0,-9.268e-05
6,SBGVATGDPV,2018,-0.66152303,-0.75,0.08847697
6,SBGVATGDPV,2019,-0.82486193,-0.96,0.13513807
6,SBGVATGDPV,2020,-0.87517339,-1.09,0.21482661
6,TAXV,2018,2.3016292,2.31,-0.0083708
6,TAXV,2019,1.83507447,1.86,-0.02492553
6,TAXV,2020,1.50163095,1.56,-0.05836905
6,TYCV,2018,-0.25958823,-0.27,0.01041177
6,TYCV,2019,-1.62698287,-1.65,0.02301713
6,TYCV,2020,-1.99672276,-1.88,-0.11672276
6,TYPV,2018,-0.20970875,-0.18,-0.02970875
6,TYPV,2019,-0.37088481,-0.32,-0.05088481
6,TYPV,2020,-0.39312286,-0.32,-0.07312286
6,UCC,2018,0.14098606,0.09,0.05098606
6,UCC,2019,0.26103469,0.11,0.15103469
6,UCC,2020,0.33350675,0.2,0.13350675
6,UR,2018,0.00605742,0.01,-0.00394258
6,UR,2019,0.00993569,0.01,-6.431e-05
6,UR,2020,0.01095039,0.01,0.00095039
6,WIPH,2018,-0.09993149,-0.1,6.851e-05
6,WIPH,2019,-0.11537131,-0.11,-0.00537131
6,WIPH,2020,-0.17551602,-0.15,-0.02551602
6,XGS,2018,-0.00028894,0.0,-0.00028894
6,XGS,2019,-0.00118857,0.0,-0.00118857
6,XGS,2020,-0.00192331,0.0,-0.00192331
6,XGSV,2018,-0.0031039,0.0,-0.0031039
6,XGSV,2019,-0.00527546,0.0,-0.00527546
6,XGSV,2020,-0.00883476,-0.01,0.00116524
6,YCV,2018,-1.56709052,-1.54,-0.02709052
6,YCV,2019,-1.63160335,-1.63,-0.00160335
6,YCV,2020,-2.20466463,-2.42,0.21533537
6,YDV,2018,-0.17423112,-0.16,-0.01423112
6,YDV,2019,-0.21815124,-0.2,-0.01815124
6,YDV,2020,-0.26215908,-0.22,-0.04215908
6,YWV,2018,-0.20098597,-0.19,-0.01098597
6,YWV,2019,-0.21995104,-0.2,-0.01995104
6,YWV,2020,-0.27144028,-0.23,-0.04144028
7,BCVATGDPV,2018,-0.06235908,-0.07,0.00764092
7,BCVATGDPV,2019,-0.17643702,-0.18,0.00356298
7,BCVATGDPV,2020,-0.35789217,-0.36,0.00210783
7,BGVATGDPV,2018,-0.12049767,-0.13,0.00950233
7,BGVATGDPV,2019,-0.51286539,-0.55,0.03713461
7,BGVATGDPV,2020,-0.82849364,-0.95,0.12150636
7,CG,2018,-0.0,0.0,-0.0
7,CG,2019,-0.0,0.0,-0.0
7,CG,2020,-0.0,0.0,-0.0
7,CGPI,2018,-0.10633342,-0.1,-0.00633342
7,CGPI,2019,-0.27897341,-0.25,-0.02897341
7,CGPI,2020,-0.49124267,-0.44,-0.05124267
7,CGV,2018,-0.03525253,-0.03,-0.00525253
7,CGV,2019,-0.11167641,-0.1,-0.01167641
7,CGV,2020,-0.27398512,-0.24,-0.03398512
7,CP,2018,0.18895238,0.18,0.00895238
7,CP,2019,0.1072838,0.11,-0.0027162
7,CP,2020,-0.12723348,-0.09,-0.03723348
7,CPV,2018,0.12172281,0.12,0.00172281
7,CPV,2019,-0.06260196,-0.06,-0.00260196
7,CPV,2020,-0.50402319,-0.45,-0.05402319
7,CUX,2018,-0.64771192,-0.63,-0.01771192
7,CUX,2019,-1.4575122,-1.31,-0.1475122
7,CUX,2020,-1.22167568,-0.89,-0.33167568
7,FXS,2018,-0.62055292,-0.62,-0.00055292
7,FXS,2019,-1.71463073,-1.71,-0.00463073
7,FXS,2020,-2.84477822,-2.84,-0.00477822
7,GDP,2018,-0.34234924,-0.33,-0.01234924
7,GDP,2019,-1.07556171,-1.01,-0.06556171
7,GDP,2020,-1.30567571,-1.2,-0.10567571
7,GDPD,2018,-0.60990742,-0.58,-0.02990742
7,GDPD,2019,-0.62000444,-0.57,-0.05000444
7,GDPD,2020,-0.08154413,-0.04,-0.04154413
7,GDPGAP,2018,-0.31418448,-0.29,-0.02418448
7,GDPGAP,2019,-0.73884795,-0.67,-0.06884795
7,GDPGAP,2020,-0.60502232,-0.51,-0.09502232
7,GDPPOT,2018,-0.03560653,-0.03,-0.00560653
7,GDPPOT,2019,-0.35001813,-0.34,-0.01001813
7,GDPPOT,2020,-0.68525207,-0.67,-0.01525207
7,GDPV,2018,-0.42591813,-0.39,-0.03591813
7,GDPV,2019,-1.2852986,-1.19,-0.0952986
7,GDPV,2020,-1.69780469,-1.55,-0.14780469
7,IFP,2018,-2.05661533,-2.05,-0.00661533
7,IFP,2019,-5.66013182,-5.65,-0.01013182
7,IFP,2020,-6.39817892,-6.38,-0.01817892
7,IFPV,2018,-2.1821018,-2.17,-0.0121018
7,IFPV,2019,-6.00068941,-5.97,-0.03068941
7,IFPV,2020,-6.91603411,-6.85,-0.06603411
7,IG,2018,0.0,0.0,0.0
7,IG,2019,0.0,0.0,0.0
7,IG,2020,0.0,0.0,0.0
7,IGV,2018,-0.13744363,-0.13,-0.00744363
7,IGV,2019,-0.37952608,-0.36,-0.01952608
7,IGV,2020,-0.61903871,-0.57,-0.04903871
7,IHP,2018,-0.31193837,-0.32,0.00806163
7,IHP,2019,-0.50294784,-0.49,-0.01294784
7,IHP,2020,-0.80224154,-0.76,-0.04224154
7,IHPV,2018,-0.39946545,-0.4,0.00053455
7,IHPV,2019,-0.72248665,-0.71,-0.01248665
7,IHPV,2020,-1.26958602,-1.21,-0.05958602
7,KFP,2018,-0.12281684,-0.12,-0.00281684
7,KFP,2019,-0.64298844,-0.64,-0.00298844
7,KFP,2020,-1.29485539,-1.28,-0.01485539
7,KG,2018,0.0,0.0,0.0
7,KG,2019,-0.0,0.0,-0.0
7,KG,2020,-0.0,0.0,-0.0
7,KHP,2018,-0.00989803,-0.01,0.00010197
7,KHP,2019,-0.03094421,-0.03,-0.00094421
7,KHP,2020,-0.0654046,-0.06,-0.0054046
7,LE,2018,-0.02893161,-0.02,-0.00893161
7,LE,2019,-0.29093666,-0.28,-0.01093666
7,LE,2020,-0.40848809,-0.38,-0.02848809
7,LF,2018,-0.01902567,-0.02,0.00097433
7,LF,2019,-0.26154443,-0.25,-0.01154443
7,LF,2020,-0.37827934,-0.36,-0.01827934
7,LH,2018,-0.08124851,-0.08,-0.00124851
7,LH,2019,-0.25078227,-0.23,-0.02078227
7,LH,2020,-0.24669607,-0.22,-0.02669607
7,M2CD,2018,-3.87389253,-3.86,-0.01389253
7,M2CD,2019,-4.68702663,-4.62,-0.06702663
7,M2CD,2020,-5.13773211,-5.01,-0.12773211
7,MGS,2018,0.1802282,0.17,0.0102282
7,MGS,2019,0.08645822,0.08,0.00645822
7,MGS,2020,-0.28322774,-0.22,-0.06322774
7,MGSV,2018,-0.09995195,-0.1,4.805e-05
7,MGSV,2019,-0.65584154,-0.66,0.00415846
7,MGSV,2020,-1.45179372,-1.39,-0.06179372
7,NIV,2018,-0.60290277,-0.56,-0.04290277
7,NIV,2019,-1.78651512,-1.64,-0.14651512
7,NIV,2020,-2.41139473,-2.19,-0.22139473
7,PCP,2018,-0.06708574,-0.07,0.00291426
7,PCP,2019,-0.16974202,-0.17,0.00025798
7,PCP,2020,-0.37728563,-0.36,-0.01728563
7,PERR,2018,-2.26669755,-2.22,-0.04669755
7,PERR,2019,-4.36035063,-4.52,0.15964937
7,PERR,2020,-6.46038308,-6.95,0.48961692
7,PGDP,2018,-0.08391391,-0.07,-0.01391391
7,PGDP,2019,-0.21207622,-0.18,-0.03207622
7,PGDP,2020,-0.39731541,-0.35,-0.04731541
7,PIFP,2018,-0.1286872,-0.12,-0.0086872
7,PIFP,2019,-0.36140878,-0.34,-0.02140878
7,PIFP,2020,-0.55326443,-0.51,-0.04326443
7,PIHP,2018,-0.08780474,-0.09,0.00219526
7,PIHP,2019,-0.22070227,-0.22,-0.00070227
7,PIHP,2020,-0.47116381,-0.45,-0.02116381
7,PLAND,2018,0.10509347,0.11,-0.00490653
7,PLAND,2019,0.8958335,0.9,-0.0041665
7,PLAND,2020,1.95178955,1.95,0.00178955
7,PMGS,2018,-0.27950266,-0.28,0.00049734
7,PMGS,2019,-0.74181316,-0.74,-0.00181316
7,PMGS,2020,-1.17194114,-1.17,-0.00194114
7,PSHARE,2018,-12.44934828,-12.44,-0.00934828
7,PSHARE,2019,-23.93299865,-23.92,-0.01299865
7,PSHARE,2020,-24.18479628,-24.16,-0.02479628
7,PXGS,2018,-0.24836888,-0.25,0.00163112
7,PXGS,2019,-0.68834905,-0.69,0.00165095
7,PXGS,2020,-1.14595184,-1.14,-0.00595184
7,RCD,2018,1.0,1.0,0.0
7,RCD,2019,1.0,1.0,0.0
7,RCD,2020,1.0,1.0,0.0
7,RGB,2018,0.4598717,0.46,-0.0001283
7,RGB,2019,0.4607882,0.46,0.0007882
7,RGB,2020,0.53830033,0.54,-0.00169967
7,SBGVATGDPV,2018,1.02282873,0.98,0.04282873
7,SBGVATGDPV,2019,3.40980718,3.29,0.11980718
7,SBGVATGDPV,2020,5.3386715,5.16,0.1786715
7,TAXV,2018,-0.48760381,-0.5,0.01239619
7,TAXV,2019,-2.19706982,-2.27,0.07293018
7,TAXV,2020,-3.53902028,-3.51,-0.02902028
7,TCIV,2018,-0.33115144,-0.3,-0.03115144
7,TCIV,2019,-1.09164439,-1.01,-0.08164439
7,TCIV,2020,-1.48827652,-1.35,-0.13827652
7,TYCV,2018,-1.5188488,-1.61,0.0911512
7,TYCV,2019,-6.45037039,-6.95,0.49962961
7,TYCV,2020,-10.32500073,-10.55,0.22499927
7,TYPV,2018,-0.005056,0.0,-0.005056
7,TYPV,2019,-0.67685418,-0.62,-0.05685418
7,TYPV,2020,-1.29748821,-1.14,-0.15748821
7,UCC,2018,6.30594557,6.04,0.26594557
7,UCC,2019,8.56372911,8.28,0.28372911
7,UCC,2020,7.03601621,6.54,0.49601621
7,UR,2018,0.00966307,0.01,-0.00033693
7,UR,2019,0.0288,0.02,0.0088
7,UR,2020,0.0295498,0.02,0.0095498
7,WIPH,2018,-0.11823066,-0.11,-0.00823066
7,WIPH,2019,-0.80172318,-0.78,-0.02172318
7,WIPH,2020,-1.2865993,-1.23,-0.0565993
7,XGS,2018,-0.00843108,-0.01,0.00156892
7,XGS,2019,-0.10534621,-0.11,0.00465379
7,XGS,2020,-0.30305967,-0.3,-0.00305967
7,XGSV,2018,-0.25676881,-0.26,0.00323119
7,XGSV,2019,-0.79291265,-0.79,-0.00291265
7,XGSV,2020,-1.44545904,-1.44,-0.00545904
7,YCV,2018,-4.89155882,-5.19,0.29844118
7,YCV,2019,-8.42670365,-8.73,0.30329635
7,YCV,2020,-11.9296833,-14.23,2.3003167
7,YDV,2018,0.41163111,0.39,0.02163111
7,YDV,2019,-0.31747873,-0.28,-0.03747873
7,YDV,2020,-0.81736213,-0.71,-0.10736213
7,YWV,2018,-0.21644847,-0.2,-0.01644847
7,YWV,2019,-1.27008317,-1.22,-0.05008317
7,YWV,2020,-1.83212044,-1.73,-0.10212044
8,BCVATGDPV,2018,-0.01013638,-0.01,-0.00013638
8,BCVATGDPV,2019,-0.07324968,-0.07,-0.00324968
8,BCVATGDPV,2020,-0.19125656,-0.18,-0.01125656
8,BGVATGDPV,2018,-0.01416078,-0.01,-0.00416078
8,BGVATGDPV,2019,-0.09609235,-0.1,0.00390765
8,BGVATGDPV,2020,-0.19916333,-0.23,0.03083667
8,CG,2018,0.0,0.0,0.0
8,CG,2019,0.0,0.0,0.0
8,CG,2020,0.0,0.0,0.0
8,CGPI,2018,-0.01439799,-0.01,-0.00439799
8,CGPI,2019,-0.05015466,-0.05,-0.00015466
8,CGPI,2020,-0.09116663,-0.08,-0.01116663
8,CGV,2018,-0.00422596,0.0,-0.00422596
8,CGV,2019,-0.01980779,-0.02,0.00019221
8,CGV,2020,-0.04855359,-0.04,-0.00855359
8,CP,2018,0.02396908,0.02,0.00396908
8,CP,2019,0.03205673,0.03,0.00205673
8,CP,2020,-0.08608584,-0.07,-0.01608584
8,CPV,2018,0.01434593,0.01,0.00434593
8,CPV,2019,0.00247322,0.0,0.00247322
8,CPV,2020,-0.15285326,-0.13,-0.02285326
8,CUX,2018,-0.08233744,-0.08,-0.00233744
8,CUX,2019,-0.28565751,-0.26,-0.02565751
8,CUX,2020,-0.24395264,-0.18,-0.06395264
8,FXS,2018,-0.07985112,-0.08,0.00014888
8,FXS,2019,-0.31828221,-0.32,0.00171779
8,FXS,2020,-0.53731261,-0.55,0.01268739
8,GDP,2018,-0.04367996,-0.04,-0.00367996
8,GDP,2019,-0.20637631,-0.2,-0.00637631
8,GDP,2020,-0.29382329,-0.27,-0.02382329
8,GDPD,2018,-0.09180873,-0.09,-0.00180873
8,GDPD,2019,-0.1717277,-0.16,-0.0117277
8,GDPD,2020,-0.02469168,-0.02,-0.00469168
8,GDPGAP,2018,-0.04004697,-0.04,-4.697e-05
8,GDPGAP,2019,-0.14517957,-0.13,-0.01517957
8,GDPGAP,2020,-0.12918816,-0.11,-0.01918816
8,GDPPOT,2018,-0.00454998,0.0,-0.00454998
8,GDPPOT,2019,-0.06329962,-0.06,-0.00329962
8,GDPPOT,2020,-0.16063791,-0.16,-0.00063791
8,GDPV,2018,-0.0550194,-0.05,-0.0050194
8,GDPV,2019,-0.24453235,-0.23,-0.01453235
8,GDPV,2020,-0.36505267,-0.34,-0.02505267
8,IFP,2018,-0.26511803,-0.27,0.00488197
8,IFP,2019,-1.09679014,-1.1,0.00320986
8,IFP,2020,-1.34496035,-1.37,0.02503965
8,IFPV,2018,-0.28207911,-0.28,-0.00207911
8,IFPV,2019,-1.16144645,-1.16,-0.00144645
8,IFPV,2020,-1.4484108,-1.46,0.0115892
8,IG,2018,0.0,0.0,0.0
8,IG,2019,0.0,0.0,0.0
8,IG,2020,0.0,0.0,0.0
8,IGV,2018,-0.0182871,-0.02,0.0017129
8,IGV,2019,-0.06833433,-0.07,0.00166567
8,IGV,2020,-0.11534995,-0.11,-0.00534995
8,IHP,2018,-0.05064023,-0.05,-0.00064023
8,IHP,2019,-0.10395706,-0.1,-0.00395706
8,IHP,2020,-0.19382637,-0.18,-0.01382637
8,IHPV,2018,-0.06277612,-0.06,-0.00277612
8,IHPV,2019,-0.14230371,-0.14,-0.00230371
8,IHPV,2020,-0.27571838,-0.26,-0.01571838
8,KFP,2018,-0.01415623,-0.01,-0.00415623
8,KFP,2019,-0.10655596,-0.11,0.00344404
8,KFP,2020,-0.24726592,-0.25,0.00273408
8,KG,2018,0.0,0.0,0.0
8,KG,2019,0.0,0.0,0.0
8,KG,2020,0.0,0.0,0.0
8,KHP,2018,-0.00129899,0.0,-0.00129899
8,KHP,2019,-0.00574323,-0.01,0.00425677
8,KHP,2020,-0.01357625,-0.01,-0.00357625
8,LE,2018,-0.00473358,0.0,-0.00473358
8,LE,2019,-0.06108468,-0.06,-0.00108468
8,LE,2020,-0.13089124,-0.12,-0.01089124
8,LF,2018,-0.00355405,0.0,-0.00355405
8,LF,2019,-0.05564499,-0.05,-0.00564499
8,LF,2020,-0.12484693,-0.12,-0.00484693
8,LH,2018,-0.01070234,-0.01,-0.00070234
8,LH,2019,-0.05048423,-0.05,-0.00048423
8,LH,2020,-0.06542484,-0.06,-0.00542484
8,M2CD,2018,-0.625,-0.63,0.005
8,M2CD,2019,-1.0,-1.0,0.0
8,M2CD,2020,-1.0,-1.0,0.0
8,MGS,2018,0.02042694,0.02,0.00042694
8,MGS,2019,0.03246738,0.03,0.00246738
8,MGS,2020,-0.13106362,-0.1,-0.03106362
8,MGSV,2018,-0.01557668,-0.02,0.00442332
8,MGSV,2019,-0.10474105,-0.11,0.00525895
8,MGSV,2020,-0.35553104,-0.33,-0.02553104
8,NIV,2018,-0.0824979,-0.08,-0.0024979
8,NIV,2019,-0.40136575,-0.36,-0.04136575
8,NIV,2020,-0.71729948,-0.65,-0.06729948
8,PCP,2018,-0.0096199,-0.01,0.0003801
8,PCP,2019,-0.02957563,-0.03,0.00042437
8,PCP,2020,-0.06682839,-0.06,-0.00682839
8,PERR,2018,-0.29840151,-0.29,-0.00840151
8,PERR,2019,-1.01503151,-1.06,0.04496849
8,PERR,2020,-1.12363761,-1.23,0.10636239
8,PGDP,2018,-0.01134665,-0.01,-0.00134665
8,PGDP,2019,-0.03823835,-0.03,-0.00823835
8,PGDP,2020,-0.07143894,-0.06,-0.01143894
8,PIFP,2018,-0.01702651,-0.02,0.00297349
8,PIFP,2019,-0.06540267,-0.06,-0.00540267
8,PIFP,2020,-0.10485712,-0.1,-0.00485712
8,PIHP,2018,-0.01214375,-0.01,-0.00214375
8,PIHP,2019,-0.03838806,-0.04,0.00161194
8,PIHP,2020,-0.08205473,-0.08,-0.00205473
8,PLAND,2018,0.00934271,0.01,-0.00065729
8,PLAND,2019,0.13971618,0.14,-0.00028382
8,PLAND,2020,0.36194029,0.37,-0.00805971
8,PMGS,2018,-0.03599178,-0.04,0.00400822
8,PMGS,2019,-0.13717087,-0.14,0.00282913
8,PMGS,2020,-0.22477186,-0.23,0.00522814
8,PSHARE,2018,-1.6701851,-1.67,-0.0001851
8,PSHARE,2019,-5.62549882,-5.67,0.04450118
8,PSHARE,2020,-5.26217263,-5.4,0.13782737
8,PXGS,2018,-0.03189698,-0.03,-0.00189698
8,PXGS,2019,-0.12722156,-0.13,0.00277844
8,PXGS,2020,-0.21490797,-0.22,0.00509203
8,RCD,2018,0.16199391,0.16,0.00199391
8,RCD,2019,0.21707203,0.22,-0.00292797
8,RCD,2020,0.17981144,0.19,-0.01018856
8,RGB,2018,0.07612341,0.08,-0.00387659
8,RGB,2019,0.09694552,0.1,-0.00305448
8,RGB,2020,0.09539466,0.1,-0.00460534
8,SBGVATGDPV,2018,0.13069948,0.13,0.00069948
8,SBGVATGDPV,2019,0.63083869,0.61,0.02083869
8,SBGVATGDPV,2020,1.12132711,1.09,0.03132711
8,TAXV,2018,-0.05421636,-0.06,0.00578364
8,TAXV,2019,-0.40876754,-0.43,0.02123246
8,TAXV,2020,-0.85605908,-0.85,-0.00605908
8,TCIV,2018,-0.04387051,-0.04,-0.00387051
8,TCIV,2019,-0.20342598,-0.19,-0.01342598
8,TCIV,2020,-0.33209291,-0.3,-0.03209291
8,TYCV,2018,-0.16461491,-0.18,0.01538509
8,TYCV,2019,-1.22274488,-1.34,0.11725512
8,TYCV,2020,-2.49124525,-2.55,0.05875475
8,TYPV,2018,0.00050277,0.0,0.00050277
8,TYPV,2019,-0.11740002,-0.11,-0.00740002
8,TYPV,2020,-0.38049991,-0.33,-0.05049991
8,UCC,2018,0.91746279,0.87,0.04746279
8,UCC,2019,1.75881029,1.71,0.04881029
8,UCC,2020,1.25910546,1.21,0.04910546
8,UR,2018,0.00115072,0.0,0.00115072
8,UR,2019,0.00532148,0.0,0.00532148
8,UR,2020,0.00590691,0.0,0.00590691
8,WIPH,2018,-0.01932481,-0.02,0.00067519
8,WIPH,2019,-0.16684529,-0.16,-0.00684529
8,WIPH,2020,-0.37524928,-0.35,-0.02524928
8,XGS,2018,-0.00078185,0.0,-0.00078185
8,XGS,2019,-0.01500767,-0.02,0.00499233
8,XGS,2020,-0.05439212,-0.05,-0.00439212
8,XGSV,2018,-0.03267839,-0.03,-0.00267839
8,XGSV,2019,-0.14220801,-0.14,-0.00220801
8,XGSV,2020,-0.26918019,-0.27,0.00081981
8,YCV,2018,-0.73405069,-0.8,0.06594931
8,YCV,2019,-1.93627994,-2.01,0.07372006
8,YCV,2020,-3.05964158,-3.66,0.60035842
8,YDV,2018,0.07100486,0.07,0.00100486
8,YDV,2019,-0.07285962,-0.06,-0.01285962
8,YDV,2020,-0.32962459,-0.29,-0.03962459
8,YWV,2018,-0.0329802,-0.03,-0.0029802
8,YWV,2019,-0.2640042,-0.25,-0.0140042
8,YWV,2020,-0.54102898,-0.5,-0.04102898
9,BCVATGDPV,2018,0.18147752,0.19,-0.00852248
9,BCVATGDPV,2019,0.33939647,0.36,-0.02060353
9,BCVATGDPV,2020,0.2911846,0.32,-0.0288154
9,BGVATGDPV,2018,0.03870146,0.05,-0.01129854
9,BGVATGDPV,2019,0.14697618,0.17,-0.02302382
9,BGVATGDPV,2020,0.18038939,0.24,-0.05961061
9,CG,2018,-0.0,0.0,-0.0
9,CG,2019,-0.0,0.0,-0.0
9,CG,2020,-0.0,0.0,-0.0
9,CGPI,2018,0.8764586,0.82,0.0564586
9,CGPI,2019,0.878764,0.82,0.058764
9,CGPI,2020,0.88227666,0.83,0.05227666
9,CGV,2018,0.09258711,0.09,0.00258711
9,CGV,2019,0.13115212,0.12,0.01115212
9,CGV,2020,0.1810206,0.17,0.0110206
9,CP,2018,0.06151673,0.06,0.00151673
9,CP,2019,0.2260977,0.23,-0.0039023
9,CP,2020,0.26344267,0.28,-0.01655733
9,CPV,2018,0.21340734,0.21,0.00340734
9,CPV,2019,0.38704817,0.39,-0.00295183
9,CPV,2020,0.49313596,0.51,-0.01686404
9,CUX,2018,0.15493055,0.15,0.00493055
9,CUX,2019,0.62933388,0.67,-0.04066612
9,CUX,2020,0.64157125,0.62,0.02157125
9,FXS,2018,10.0,10.0,0.0
9,FXS,2019,10.0,10.0,0.0
9,FXS,2020,10.0,10.0,0.0
9,GDP,2018,0.1237585,0.12,0.0037585
9,GDP,2019,0.39960726,0.43,-0.03039274
9,GDP,2020,0.39517562,0.43,-0.03482438
9,GDPD,2018,0.2642441,0.27,-0.0057559
9,GDPD,2019,0.17375798,0.21,-0.03624202
9,GDPD,2020,-0.05867059,-0.05,-0.00867059
9,GDPGAP,2018,0.08540098,0.08,0.00540098
9,GDPGAP,2019,0.31976048,0.34,-0.02023952
9,GDPGAP,2020,0.30394624,0.33,-0.02605376
9,GDPPOT,2018,0.04012176,0.04,0.00012176
9,GDPPOT,2019,0.08395415,0.09,-0.00604585
9,GDPPOT,2020,0.08127199,0.09,-0.00872801
9,GDPV,2018,0.17313053,0.17,0.00313053
9,GDPV,2019,0.50806516,0.51,-0.00193484
9,GDPV,2020,0.61174641,0.63,-0.01825359
9,IFP,2018,0.15296005,0.15,0.00296005
9,IFP,2019,0.32749026,0.33,-0.00250974
9,IFP,2020,0.15078655,0.14,0.01078655
9,IFPV,2018,0.16926262,0.17,-0.00073738
9,IFPV,2019,0.43839431,0.44,-0.00160569
9,IFPV,2020,0.35380433,0.35,0.00380433
9,IG,2018,0.0,0.0,0.0
9,IG,2019,0.0,0.0,0.0
9,IG,2020,0.0,0.0,0.0
9,IGV,2018,0.123568,0.12,0.003568
9,IGV,2019,0.22971422,0.22,0.00971422
9,IGV,2020,0.33690455,0.33,0.00690455
9,IHP,2018,0.3944428,0.39,0.0044428
9,IHP,2019,0.1993866,0.2,-0.0006134
9,IHP,2020,0.17014522,0.19,-0.01985478
9,IHPV,2018,0.80819217,0.8,0.00819217
9,IHPV,2019,0.66121111,0.66,0.00121111
9,IHPV,2020,0.69455418,0.72,-0.02544582
9,KFP,2018,0.00838534,0.01,-0.00161466
9,KFP,2019,0.04311834,0.04,0.00311834
9,KFP,2020,0.06433094,0.06,0.00433094
9,KG,2018,0.0,0.0,0.0
9,KG,2019,-0.0,0.0,-0.0
9,KG,2020,-0.0,0.0,-0.0
9,KHP,2018,0.01133243,0.01,0.00133243
9,KHP,2019,0.02687631,0.03,-0.00312369
9,KHP,2020,0.03434163,0.03,0.00434163
9,LE,2018,0.06654995,0.07,-0.00345005
9,LE,2019,0.12963222,0.14,-0.01036778
9,LE,2020,0.10945364,0.12,-0.01054636
9,LF,2018,0.06466793,0.07,-0.00533207
9,LF,2019,0.1176857,0.13,-0.0123143
9,LF,2020,0.09448485,0.11,-0.01551515
9,LH,2018,0.03904707,0.04,-0.00095293
9,LH,2019,0.1095687,0.12,-0.0104313
9,LH,2020,0.09524723,0.11,-0.01475277
9,M2CD,2018,0.07889413,0.08,-0.00110587
9,M2CD,2019,0.24002056,0.26,-0.01997944
9,M2CD,2020,0.23714628,0.26,-0.02285372
9,MGS,2018,0.04018736,0.04,0.00018736
9,MGS,2019,0.14460212,0.15,-0.00539788
9,MGS,2020,0.22672151,0.25,-0.02327849
9,MGSV,2018,4.39093681,4.38,0.01093681
9,MGSV,2019,4.37694414,4.38,-0.00305586
9,MGSV,2020,4.20080917,4.24,-0.03919083
9,NIV,2018,0.52491808,0.52,0.00491808
9,NIV,2019,0.90913533,0.93,-0.02086467
9,NIV,2020,0.83671067,0.88,-0.04328933
9,PCP,2018,0.15179929,0.15,0.00179929
9,PCP,2019,0.1605827,0.16,0.0005827
9,PCP,2020,0.22909474,0.23,-0.00090526
9,PERR,2018,0.21803232,0.21,0.00803232
9,PERR,2019,-0.04010482,-0.07,0.02989518
9,PERR,2020,-0.49574203,-0.56,0.06425797
9,PGDP,2018,0.04932485,0.04,0.00932485
9,PGDP,2019,0.10802373,0.08,0.02802373
9,PGDP,2020,0.21572877,0.19,0.02572877
9,PIFP,2018,0.01625774,0.02,-0.00374226
9,PIFP,2019,0.11054898,0.11,0.00054898
9,PIFP,2020,0.20272542,0.22,-0.01727458
9,PIHP,2018,0.41205388,0.41,0.00205388
9,PIHP,2019,0.46091115,0.46,0.00091115
9,PIHP,2020,0.5235197,0.53,-0.0064803
9,PLAND,2018,-0.00179956,0.0,-0.00179956
9,PLAND,2019,-0.0803829,-0.08,-0.0003829
9,PLAND,2020,-0.11762277,-0.12,0.00237723
9,PMGS,2018,4.34904826,4.33,0.01904826
9,PMGS,2019,4.22623858,4.22,0.00623858
9,PMGS,2020,3.96508761,3.98,-0.01491239
9,PSHARE,2018,1.5169017,1.52,-0.0030983
9,PSHARE,2019,1.39519434,1.38,0.01519434
9,PSHARE,2020,0.37316253,0.26,0.11316253
9,PXGS,2018,3.87921969,3.88,-0.00078031
9,PXGS,2019,3.87921969,3.88,-0.00078031
9,PXGS,2020,3.87921969,3.88,-0.00078031
9,RCD,2018,0.01245945,0.01,0.00245945
9,RCD,2019,0.05334859,0.06,-0.00665141
9,RCD,2020,0.08175327,0.09,-0.00824673
9,RGB,2018,0.00645477,0.01,-0.00354523
9,RGB,2019,0.02458496,0.03,-0.00541504
9,RGB,2020,0.0384194,0.04,-0.0015806
9,SBGVATGDPV,2018,-0.4091067,-0.42,0.0108933
9,SBGVATGDPV,2019,-1.28575015,-1.34,0.05424985
9,SBGVATGDPV,2020,-1.77484929,-1.91,0.13515071
9,TAXV,2018,0.25560552,0.26,-0.00439448
9,TAXV,2019,0.80300502,0.83,-0.02699498
9,TAXV,2020,1.00766107,1.05,-0.04233893
9,TCIV,2018,0.18423442,0.18,0.00423442
9,TCIV,2019,0.31917608,0.32,-0.00082392
9,TCIV,2020,0.36656147,0.38,-0.01343853
9,TYCV,2018,0.30252963,0.31,-0.00747037
9,TYCV,2019,1.57148895,1.65,-0.07851105
9,TYCV,2020,2.15653185,2.23,-0.07346815
9,TYPV,2018,0.28294068,0.28,0.00294068
9,TYPV,2019,0.82094886,0.84,-0.01905114
9,TYPV,2020,0.88949625,0.95,-0.06050375
9,UCC,2018,-0.15346129,-0.19,0.03653871
9,UCC,2019,-0.36379178,-0.4,0.03620822
9,UCC,2020,-0.22393073,-0.28,0.05606927
9,UR,2018,-0.00183384,0.0,-0.00183384
9,UR,2019,-0.01165999,-0.01,-0.00165999
9,UR,2020,-0.01455648,-0.01,-0.00455648
9,WIPH,2018,0.32820448,0.33,-0.00179552
9,WIPH,2019,0.45684559,0.48,-0.02315441
9,WIPH,2020,0.45064078,0.49,-0.03935922
9,XGS,2018,0.22738501,0.23,-0.00261499
9,XGS,2019,1.37125348,1.37,0.00125348
9,XGS,2020,1.8318609,1.83,0.0018609
9,XGSV,2018,4.11542547,4.12,-0.00457453
9,XGSV,2019,5.30366711,5.3,0.00366711
9,XGSV,2020,5.7821425,5.78,0.0021425
9,YCV,2018,1.05592176,1.08,-0.02407824
9,YCV,2019,1.91719074,2.0,-0.08280926
9,YCV,2020,1.66466095,1.78,-0.11533905
9,YDV,2018,0.41603517,0.41,0.00603517
9,YDV,2019,0.68465292,0.7,-0.01534708
9,YDV,2020,0.6586769,0.71,-0.0513231
9,YWV,2018,0.41196265,0.42,-0.00803735
9,YWV,2019,0.66137332,0.7,-0.03862668
9,YWV,2020,0.62186165,0.69,-0.06813835
10,BCVATGDPV,2018,-0.43327131,-0.44,0.00672869
10,BCVATGDPV,2019,-0.3427128,-0.35,0.0072872
10,BCVATGDPV,2020,-0.21669146,-0.22,0.00330854
10,BGVATGDPV,2018,-0.08449088,-0.09,0.00550912
10,BGVATGDPV,2019,-0.15602528,-0.17,0.01397472
10,BGVATGDPV,2020,-0.16628986,-0.19,0.02371014
10,CG,2018,-0.0,0.0,-0.0
10,CG,2019,-0.0,0.0,-0.0
10,CG,2020,-0.0,0.0,-0.0
10,CGPI,2018,0.51631737,0.48,0.03631737
10,CGPI,2019,0.46469497,0.43,0.03469497
10,CGPI,2020,0.33208097,0.32,0.01208097
10,CGV,2018,0.12910678,0.13,-0.00089322
10,CGV,2019,0.15953804,0.16,-0.00046196
10,CGV,2020,0.13243794,0.14,-0.00756206
10,CP,2018,-0.16708689,-0.16,-0.00708689
10,CP,2019,-0.29808882,-0.3,0.00191118
10,CP,2020,-0.30087813,-0.3,-0.00087813
10,CPV,2018,0.04778989,0.05,-0.00221011
10,CPV,2019,-0.10837908,-0.11,0.00162092
10,CPV,2020,-0.14724857,-0.14,-0.00724857
10,CUX,2018,0.11487696,0.13,-0.01512304
10,CUX,2019,-0.04507239,-0.02,-0.02507239
10,CUX,2020,-0.1611454,-0.13,-0.0311454
10,FXS,2018,0.04563626,0.05,-0.00436374
10,FXS,2019,0.08490839,0.09,-0.00509161
10,FXS,2020,0.10957953,0.11,-0.00042047
10,GDP,2018,-0.0783862,-0.08,0.0016138
10,GDP,2019,-0.13827559,-0.13,-0.00827559
10,GDP,2020,-0.16491255,-0.16,-0.00491255
10,GDPD,2018,-0.12034875,-0.12,-0.00034875
10,GDPD,2019,-0.0444177,-0.04,-0.0044177
10,GDPD,2020,0.00983285,0.01,-0.00016715
10,GDPGAP,2018,0.02463624,0.02,0.00463624
10,GDPGAP,2019,-0.04770211,-0.04,-0.00770211
10,GDPGAP,2020,-0.09128462,-0.09,-0.00128462
10,GDPPOT,2018,-0.10237411,-0.1,-0.00237411
10,GDPPOT,2019,-0.09109043,-0.09,-0.00109043
10,GDPPOT,2020,-0.07051656,-0.07,-0.00051656
10,GDPV,2018,-0.36901447,-0.38,0.01098553
10,GDPV,2019,-0.37539617,-0.38,0.00460383
10,GDPV,2020,-0.30488235,-0.31,0.00511765
10,IFP,2018,-0.00526306,0.0,-0.00526306
10,IFP,2019,-0.02031982,-0.02,-0.00031982
10,IFP,2020,-0.02282968,-0.02,-0.00282968
10,IFPV,2018,0.00455644,0.01,-0.00544356
10,IFPV,2019,-0.02520216,-0.02,-0.00520216
10,IFPV,2020,-0.05465466,-0.05,-0.00465466
10,IG,2018,0.0,0.0,0.0
10,IG,2019,0.0,0.0,0.0
10,IG,2020,0.0,0.0,0.0
10,IGV,2018,0.07957126,0.08,-0.00042874
10,IGV,2019,0.07392856,0.07,0.00392856
10,IGV,2020,0.03350521,0.03,0.00350521
10,IHP,2018,0.0492273,0.05,-0.0007727
10,IHP,2019,-0.17254759,-0.17,-0.00254759
10,IHP,2020,-0.21726864,-0.21,-0.00726864
10,IHPV,2018,0.29993569,0.3,-6.431e-05
10,IHPV,2019,0.08265658,0.08,0.00265658
10,IHPV,2020,-0.03772687,-0.03,-0.00772687
10,KFP,2018,-0.00033097,0.0,-0.00033097
10,KFP,2019,-0.00200559,0.0,-0.00200559
10,KFP,2020,-0.00451568,0.0,-0.00451568
10,KG,2018,-0.0,0.0,-0.0
10,KG,2019,-0.0,0.0,-0.0
10,KG,2020,-0.0,0.0,-0.0
10,KHP,2018,0.00152886,0.0,0.00152886
10,KHP,2019,-0.00265043,0.0,-0.00265043
10,KHP,2020,-0.01348383,-0.01,-0.00348383
10,LE,2018,-0.16897943,-0.17,0.00102057
10,LE,2019,-0.15167317,-0.15,-0.00167317
10,LE,2020,-0.11840488,-0.12,0.00159512
10,LF,2018,-0.17118032,-0.17,-0.00118032
10,LF,2019,-0.15146847,-0.15,-0.00146847
10,LF,2020,-0.11534059,-0.12,0.00465941
10,LH,2018,-0.04272057,-0.04,-0.00272057
10,LH,2019,-0.0544164,-0.05,-0.0044164
10,LH,2020,-0.05352571,-0.05,-0.00352571
10,M2CD,2018,-0.07859502,-0.08,0.00140498
10,M2CD,2019,-0.13516728,-0.13,-0.00516728
10,M2CD,2020,-0.16988244,-0.17,0.00011756
10,MGS,2018,-0.03060811,-0.02,-0.01060811
10,MGS,2019,-0.25617999,-0.25,-0.00617999
10,MGS,2020,-0.27905453,-0.25,-0.02905453
10,MGSV,2018,2.49487145,2.47,0.02487145
10,MGSV,2019,2.00945192,2.01,-0.00054808
10,MGSV,2020,1.38503993,1.43,-0.04496007
10,NIV,2018,-0.54398278,-0.54,-0.00398278
10,NIV,2019,-0.55881712,-0.55,-0.00881712
10,NIV,2020,-0.45938658,-0.45,-0.00938658
10,PCP,2018,0.21522832,0.22,-0.00477168
10,PCP,2019,0.19027659,0.19,0.00027659
10,PCP,2020,0.15409596,0.15,0.00409596
10,PERR,2018,0.14064696,0.15,-0.00935304
10,PERR,2019,0.30172335,0.37,-0.06827665
10,PERR,2020,0.63992283,0.77,-0.13007717
10,PGDP,2018,-0.2908634,-0.3,0.0091366
10,PGDP,2019,-0.23744826,-0.25,0.01255174
10,PGDP,2020,-0.14020209,-0.15,0.00979791
10,PIFP,2018,0.00981993,0.01,-0.00018007
10,PIFP,2019,-0.00488355,0.0,-0.00488355
10,PIFP,2020,-0.03183203,-0.03,-0.00183203
10,PIHP,2018,0.25057777,0.25,0.00057777
10,PIHP,2019,0.25564367,0.25,0.00564367
10,PIHP,2020,0.17993022,0.18,-6.978e-05
10,PLAND,2018,0.00953157,0.01,-0.00046843
10,PLAND,2019,0.00251587,0.0,0.00251587
10,PLAND,2020,0.00466459,0.0,0.00466459
10,PMGS,2018,2.52643489,2.5,0.02643489
10,PMGS,2019,2.27143616,2.26,0.01143616
10,PMGS,2020,1.66877959,1.69,-0.02122041
10,PSHARE,2018,-0.06911417,-0.06,-0.00911417
10,PSHARE,2019,-0.10397264,-0.09,-0.01397264
10,PSHARE,2020,-0.01556754,-0.03,0.01443246
10,PXGS,2018,0.01822044,0.02,-0.00177956
10,PXGS,2019,0.03389634,0.03,0.00389634
10,PXGS,2020,0.04374223,0.04,0.00374223
10,RCD,2018,0.00091878,0.0,0.00091878
10,RCD,2019,0.00110688,0.0,0.00110688
10,RCD,2020,-0.00104899,0.0,-0.00104899
10,RGB,2018,0.00123461,0.0,0.00123461
10,RGB,2019,0.00072387,0.0,0.00072387
10,RGB,2020,-0.0003416,0.0,-0.0003416
10,SBGVATGDPV,2018,0.8780494,0.92,-0.0419506
10,SBGVATGDPV,2019,1.03796527,1.1,-0.06203473
10,SBGVATGDPV,2020,1.07417289,1.15,-0.07582711
10,TAXV,2018,-0.13490492,-0.14,0.00509508
10,TAXV,2019,-0.50438284,-0.54,0.03561716
10,TAXV,2020,-0.58784545,-0.62,0.03215455
10,TCIV,2018,0.0612877,0.06,0.0012877
10,TCIV,2019,-0.02195807,-0.02,-0.00195807
10,TCIV,2020,-0.05398321,-0.05,-0.00398321
10,TYCV,2018,-0.35825144,-0.39,0.03174856
10,TYCV,2019,-1.33845876,-1.5,0.16154124
10,TYCV,2020,-1.63045865,-1.75,0.11954135
10,TYPV,2018,-0.20296331,-0.2,-0.00296331
10,TYPV,2019,-0.40511525,-0.4,-0.00511525
10,TYPV,2020,-0.39092047,-0.38,-0.01092047
10,UCC,2018,-0.1507555,-0.19,0.0392445
10,UCC,2019,-0.09116902,-0.17,0.07883098
10,UCC,2020,0.03854944,-0.01,0.04854944
10,UR,2018,-0.0021591,0.0,-0.0021591
10,UR,2019,0.00020943,0.0,0.00020943
10,UR,2020,0.00299791,0.0,0.00299791
10,WIPH,2018,-0.21526623,-0.22,0.00473377
10,WIPH,2019,-0.19166852,-0.2,0.00833148
10,WIPH,2020,-0.13077783,-0.13,-0.00077783
10,XGS,2018,0.00076946,0.0,0.00076946
10,XGS,2019,0.00708019,0.01,-0.00291981
10,XGS,2020,0.01518523,0.02,-0.00481477
10,XGSV,2018,0.01899008,0.02,-0.00100992
10,XGSV,2019,0.04097904,0.04,0.00097904
10,XGSV,2020,0.05893413,0.06,-0.00106587
10,YCV,2018,-1.2642587,-1.38,0.1157413
10,YCV,2019,-1.45554458,-1.57,0.11445542
10,YCV,2020,-1.5450939,-1.94,0.3949061
10,YDV,2018,-0.36958275,-0.37,0.00041725
10,YDV,2019,-0.35521808,-0.35,-0.00521808
10,YDV,2020,-0.26665333,-0.26,-0.00665333
10,YWV,2018,-0.40464138,-0.41,0.00535862
10,YWV,2019,-0.37694754,-0.38,0.00305246
10,YWV,2020,-0.28644673,-0.28,-0.00644673
11,BCVATGDPV,2018,0.19964023,0.21,-0.01035977
11,BCVATGDPV,2019,0.12106488,0.13,-0.00893512
11,BCVATGDPV,2020,-0.00443622,0.02,-0.02443622
11,BGVATGDPV,2018,0.07274376,0.08,-0.00725624
11,BGVATGDPV,2019,0.13529969,0.14,-0.00470031
11,BGVATGDPV,2020,0.10063265,0.13,-0.02936735
11,CG,2018,0.0,0.0,0.0
11,CG,2019,0.0,0.0,0.0
11,CG,2020,0.0,0.0,0.0
11,CGPI,2018,0.01177664,0.01,0.00177664
11,CGPI,2019,0.05524464,0.06,-0.00475536
11,CGPI,2020,0.10655739,0.11,-0.00344261
11,CGV,2018,0.00177435,0.0,0.00177435
11,CGV,2019,0.03877165,0.04,-0.00122835
11,CGV,2020,0.11327869,0.11,0.00327869
11,CP,2018,0.07990513,0.08,-9.487e-05
11,CP,2019,0.19484326,0.2,-0.00515674
11,CP,2020,0.15874599,0.17,-0.01125401
11,CPV,2018,0.08554286,0.08,0.00554286
11,CPV,2019,0.26134148,0.27,-0.00865852
11,CPV,2020,0.31524575,0.34,-0.02475425
11,CUX,2018,0.59327799,0.65,-0.05672201
11,CUX,2019,0.64783196,0.67,-0.02216804
11,CUX,2020,0.54387642,0.5,0.04387642
11,FXS,2018,-0.01737291,-0.02,0.00262709
11,FXS,2019,-0.08182802,-0.09,0.00817198
11,FXS,2020,-0.16492175,-0.17,0.00507825
11,GDP,2018,0.33632709,0.36,-0.02367291
11,GDP,2019,0.39675793,0.41,-0.01324207
11,GDP,2020,0.32860372,0.35,-0.02139628
11,GDPD,2018,0.41068624,0.43,-0.01931376
11,GDPD,2019,-0.03100111,-0.03,-0.00100111
11,GDPD,2020,-0.06197794,-0.06,-0.00197794
11,GDPGAP,2018,0.2972402,0.31,-0.0127598
11,GDPGAP,2019,0.32250813,0.33,-0.00749187
11,GDPGAP,2020,0.24850042,0.26,-0.01149958
11,GDPPOT,2018,0.04610811,0.05,-0.00389189
11,GDPPOT,2019,0.0788174,0.08,-0.0011826
11,GDPPOT,2020,0.07209804,0.08,-0.00790196
11,GDPV,2018,0.37485544,0.37,0.00485544
11,GDPV,2019,0.4893529,0.49,-0.0006471
11,GDPV,2020,0.49839133,0.51,-0.01160867
11,IFP,2018,0.47797293,0.48,-0.00202707
11,IFP,2019,0.61412534,0.6,0.01412534
11,IFP,2020,0.40933841,0.39,0.01933841
11,IFPV,2018,0.55701922,0.56,-0.00298078
11,IFPV,2019,0.78832547,0.79,-0.00167453
11,IFPV,2020,0.66117621,0.66,0.00117621
11,IG,2018,0.0,0.0,0.0
11,IG,2019,0.0,0.0,0.0
11,IG,2020,0.0,0.0,0.0
11,IGV,2018,0.06989044,0.07,-0.00010956
11,IGV,2019,0.17062797,0.18,-0.00937203
11,IGV,2020,0.26717625,0.28,-0.01282375
11,IHP,2018,0.06746558,0.07,-0.00253442
11,IHP,2019,0.14860117,0.15,-0.00139883
11,IHP,2020,0.1246486,0.14,-0.0153514
11,IHPV,2018,0.07001287,0.07,1.287e-05
11,IHPV,2019,0.21741476,0.23,-0.01258524
11,IHPV,2020,0.29364139,0.31,-0.01635861
11,KFP,2018,0.02939804,0.03,-0.00060196
11,KFP,2019,0.10297452,0.1,0.00297452
11,KFP,2020,0.14591627,0.14,0.00591627
11,KG,2018,0.0,0.0,0.0
11,KG,2019,0.0,0.0,0.0
11,KG,2020,0.0,0.0,0.0
11,KHP,2018,0.00172939,0.0,0.00172939
11,KHP,2019,0.00816778,0.01,-0.00183222
11,KHP,2020,0.0150967,0.02,-0.0049033
11,LE,2018,0.07691053,0.08,-0.00308947
11,LE,2019,0.08832317,0.1,-0.01167683
11,LE,2020,0.04103301,0.05,-0.00896699
11,LF,2018,0.06715713,0.07,-0.00284287
11,LF,2019,0.07369266,0.08,-0.00630734
11,LF,2020,0.02781653,0.04,-0.01218347
11,LH,2018,0.09095498,0.1,-0.00904502
11,LH,2019,0.09820132,0.1,-0.00179868
11,LH,2020,0.06387869,0.07,-0.00612131
11,M2CD,2018,0.21494275,0.23,-0.01505725
11,M2CD,2019,0.20615431,0.22,-0.01384569
11,M2CD,2020,0.23900799,0.26,-0.02099201
11,MGS,2018,0.10081507,0.1,0.00081507
11,MGS,2019,0.29084839,0.29,0.00084839
11,MGS,2020,0.2657556,0.28,-0.0142444
11,MGSV,2018,0.09168481,0.09,0.00168481
11,MGSV,2019,0.25770066,0.26,-0.00229934
11,MGSV,2020,0.21302388,0.23,-0.01697612
11,NIV,2018,0.49609647,0.49,0.00609647
11,NIV,2019,0.54304472,0.55,-0.00695528
11,NIV,2020,0.3554469,0.38,-0.0245531
11,PCP,2018,0.00562937,0.01,-0.00437063
11,PCP,2019,0.066367,0.07,-0.003633
11,PCP,2020,0.15625801,0.17,-0.01374199
11,PERR,2018,0.70940508,0.68,0.02940508
11,PERR,2019,0.37032888,0.39,-0.01967112
11,PERR,2020,0.68039438,0.87,-0.18960562
11,PGDP,2018,0.03839246,0.01,0.02839246
11,PGDP,2019,0.09223121,0.07,0.02223121
11,PGDP,2020,0.16923457,0.16,0.00923457
11,PIFP,2018,0.0786096,0.08,-0.0013904
11,PIFP,2019,0.17315443,0.18,-0.00684557
11,PIFP,2020,0.25081738,0.26,-0.00918262
11,PIHP,2018,0.00254359,0.0,0.00254359
11,PIHP,2019,0.06870805,0.07,-0.00129195
11,PIHP,2020,0.1687873,0.18,-0.0112127
11,PLAND,2018,-0.05607931,-0.06,0.00392069
11,PLAND,2019,-0.18153201,-0.18,-0.00153201
11,PLAND,2020,-0.26472277,-0.26,-0.00472277
11,PMGS,2018,-0.00911553,-0.01,0.00088447
11,PMGS,2019,-0.03305012,-0.03,-0.00305012
11,PMGS,2020,-0.05259353,-0.05,-0.00259353
11,PSHARE,2018,3.8277817,3.8,0.0277817
11,PSHARE,2019,2.55254244,2.46,0.09254244
11,PSHARE,2020,1.90281385,1.8,0.10281385
11,PXGS,2018,-0.00693777,-0.01,0.00306223
11,PXGS,2019,-0.03268375,-0.03,-0.00268375
11,PXGS,2020,-0.06588882,-0.07,0.00411118
11,RCD,2018,0.03698486,0.04,-0.00301514
11,RCD,2019,0.08017907,0.08,0.00017907
11,RCD,2020,0.08308899,0.09,-0.00691101
11,RGB,2018,0.0174249,0.02,-0.0025751
11,RGB,2019,0.03673949,0.04,-0.00326051
11,RGB,2020,0.04109015,0.04,0.00109015
11,SBGVATGDPV,2018,-0.87942937,-0.91,0.03057063
11,SBGVATGDPV,2019,-1.26955249,-1.32,0.05044751
11,SBGVATGDPV,2020,-1.4707175,-1.55,0.0792825
11,TAXV,2018,0.30169411,0.31,-0.00830589
11,TAXV,2019,0.67742092,0.68,-0.00257908
11,TAXV,2020,0.58188618,0.58,0.00188618
11,TCIV,2018,0.1409786,0.14,0.0009786
11,TCIV,2019,0.28084028,0.28,0.00084028
11,TCIV,2020,0.30161282,0.31,-0.00838718
11,TYCV,2018,0.52956645,0.57,-0.04043355
11,TYCV,2019,1.39823831,1.41,-0.01176169
11,TYCV,2020,1.02624469,0.94,0.08624469
11,TYPV,2018,0.37669239,0.39,-0.01330761
11,TYPV,2019,0.63935694,0.66,-0.02064306
11,TYPV,2020,0.55074805,0.59,-0.03925195
11,UCC,2018,-0.7198453,-0.88,0.1601547
11,UCC,2019,-0.58048152,-0.69,0.10951848
11,UCC,2020,-0.34929328,-0.45,0.10070672
11,UR,2018,-0.00950809,-0.01,0.00049191
11,UR,2019,-0.01427939,-0.01,-0.00427939
11,UR,2020,-0.01284849,-0.01,-0.00284849
11,WIPH,2018,0.17315487,0.18,-0.00684513
11,WIPH,2019,0.22753423,0.25,-0.02246577
11,WIPH,2020,0.20218421,0.24,-0.03781579
11,XGS,2018,1.29941512,1.3,-0.00058488
11,XGS,2019,1.29616598,1.3,-0.00383402
11,XGS,2020,1.28527314,1.28,0.00527314
11,XGSV,2018,1.29238721,1.29,0.00238721
11,XGSV,2019,1.26305878,1.26,0.00305878
11,XGSV,2020,1.21853783,1.21,0.00853783
11,YCV,2018,1.22410195,1.23,-0.00589805
11,YCV,2019,0.95716276,0.92,0.03716276
11,YCV,2020,0.25613752,0.03,0.22613752
11,YDV,2018,0.32302309,0.32,0.00302309
11,YDV,2019,0.4305965,0.45,-0.0194035
11,YDV,2020,0.33728184,0.37,-0.03271816
11,YWV,2018,0.32389475,0.34,-0.01610525
11,YWV,2019,0.39321751,0.43,-0.03678249
11,YWV,2020,0.29117226,0.35,-0.05882774
