名目季節調整系列,,,,,,,,,,,,,,,<参考>,,,,,,,,,,,(単位:10億円),,,,,,
"Nominal, Seasonally Adjusted Series",,,,,,,,,,,,,,,<cf>,,,,,,,,,,,(Billion Yen),,,,,,
,国内総生産(支出側),民間最終消費支出,,,民間住宅,民間企業設備,民間在庫変動,政府最終消費支出,公的固定資本形成,公的在庫変動,財貨・サービス,,,,海外からの所得,,,国民総所得,,国内需要,民間需要,公的需要,,総固定資本形成,,最終需要,,,,,,
,,,家計最終消費支出,,,,,,,,純輸出,輸出,輸入,,純受取,受取,支払,,,,,,,,,,,,,,,
,,,,除く持ち家の帰属家賃,,,,,,,,,,,,,,,,,,,,,,,,,,,,
,GDP(Expenditure Approach),PrivateConsumption,Consumption ofHouseholds,ExcludingImputed Rent,PrivateResidentialInvestment,Private Non-Resi.Investment,Changein PrivateInventories,GovernmentConsumption,PublicInvestment,Changein PublicInventories,Goods & Services,,,,Income from /to the Rest of the World,,,GNI,,DomesticDemand,PrivateDemand,PublicDemand,,Gross Fixed CapitalFormation,,Final Sales of Domestic Product,,,,,,
,,,,,,,,,,,Net Exports,Exports,Imports,,Net,Receipt,Payment,,,,,,,,,,,,,,,
1994/ 1- 3.,"521,932.3 ","265,793.0 ","261,249.4 ","226,797.7 ","31,518.2 ","90,299.4 ","3,744.7 ","73,514.6 ","46,425.4 ",-417.7 ,"11,054.6 ","44,988.0 ","33,933.4 ",,"4,450.5 ","15,710.2 ","11,259.6 ","526,382.8 ",,"510,877.7 ","391,355.3 ","119,522.4 ",,"168,243.1 ",,"518,605.3 ",,,,,,
4- 6.,"519,859.4 ","268,136.3 ","263,480.7 ","228,659.9 ","32,867.2 ","88,965.6 ","-3,053.3 ","75,096.9 ","47,385.4 ",485.4 ,"9,975.9 ","45,500.1 ","35,524.2 ",,"4,147.2 ","15,649.7 ","11,502.6 ","524,006.5 ",,"509,883.5 ","386,915.9 ","122,967.6 ",,"169,218.3 ",,"522,427.3 ",,,,,,
7- 9.,"522,918.9 ","269,655.1 ","265,026.3 ","229,800.4 ","35,305.0 ","87,971.7 ",-627.7 ,"75,839.4 ","45,549.5 ",659.2 ,"8,566.7 ","45,053.8 ","36,487.2 ",,"4,189.9 ","16,017.4 ","11,827.5 ","527,108.7 ",,"514,352.2 ","392,304.1 ","122,048.1 ",,"168,826.2 ",,"522,887.4 ",,,,,,
10-12.,"521,948.4 ","270,279.4 ","265,621.0 ","229,911.2 ","33,848.8 ","88,732.9 ","-1,465.9 ","76,554.6 ","44,706.2 ",707.8 ,"8,584.6 ","45,109.8 ","36,525.2 ",,"4,207.1 ","16,562.8 ","12,355.8 ","526,155.4 ",,"513,363.7 ","391,395.2 ","121,968.5 ",,"167,287.9 ",,"522,706.5 ",,,,,,
1995/ 1- 3.,"524,171.7 ","271,677.7 ","266,939.2 ","230,856.8 ","32,721.7 ","89,534.6 ","1,984.4 ","77,694.1 ","42,900.9 ",-149.4 ,"7,807.7 ","45,054.0 ","37,246.3 ",,"4,263.8 ","16,862.2 ","12,598.4 ","528,435.5 ",,"516,363.9 ","395,918.3 ","120,445.6 ",,"165,157.1 ",,"522,336.7 ",,,,,,
4- 6.,"527,601.4 ","273,161.6 ","268,332.3 ","231,911.2 ","31,841.8 ","91,525.2 ",996.9 ,"77,970.1 ","44,484.6 ",219.0 ,"7,402.3 ","44,073.6 ","36,671.3 ",,"3,448.0 ","15,897.1 ","12,449.1 ","531,049.4 ",,"520,199.2 ","397,525.5 ","122,673.7 ",,"167,851.6 ",,"526,385.6 ",,,,,,
7- 9.,"534,038.4 ","274,714.2 ","269,808.0 ","232,993.1 ","31,226.2 ","92,816.5 ","2,139.8 ","78,907.1 ","47,800.8 ",180.2 ,"6,253.6 ","46,803.4 ","40,549.8 ",,"5,015.7 ","20,054.6 ","15,038.9 ","539,054.1 ",,"527,784.8 ","400,896.7 ","126,888.1 ",,"171,843.5 ",,"531,718.4 ",,,,,,
10-12.,"535,695.9 ","276,855.0 ","271,898.4 ","234,718.8 ","31,785.8 ","93,966.6 ",881.3 ,"79,553.5 ","47,985.0 ",220.7 ,"4,447.8 ","47,882.0 ","43,434.1 ",,"5,279.3 ","20,687.4 ","15,408.1 ","540,975.2 ",,"531,248.0 ","403,488.8 ","127,759.2 ",,"173,737.5 ",,"534,593.8 ",,,,,,
1996/ 1- 3.,"540,544.8 ","276,554.3 ","271,574.6 ","234,021.8 ","33,318.5 ","94,768.3 ","1,679.5 ","79,721.5 ","50,408.8 ",488.1 ,"3,605.8 ","48,837.2 ","45,231.4 ",,"6,034.5 ","12,705.6 ","6,671.0 ","546,579.4 ",,"536,939.1 ","406,320.7 ","130,618.4 ",,"178,495.6 ",,"538,377.2 ",,,,,,
4- 6.,"546,533.7 ","280,023.9 ","275,011.3 ","237,014.4 ","34,722.5 ","96,949.2 ","3,243.0 ","80,829.4 ","49,514.3 ",149.7 ,"1,101.8 ","48,942.4 ","47,840.6 ",,"6,773.6 ","12,916.1 ","6,142.5 ","553,307.3 ",,"545,431.9 ","414,938.6 ","130,493.3 ",,"181,186.0 ",,"543,141.1 ",,,,,,
7- 9.,"546,676.7 ","280,160.5 ","275,108.9 ","236,677.8 ","36,171.0 ","97,993.5 ","1,531.3 ","81,847.1 ","47,409.5 ",186.5 ,"1,377.4 ","49,657.9 ","48,280.5 ",,"6,471.9 ","12,412.4 ","5,940.6 ","553,148.6 ",,"545,299.3 ","415,856.2 ","129,443.1 ",,"181,574.0 ",,"544,958.9 ",,,,,,
10-12.,"551,559.8 ","283,012.4 ","277,948.2 ","239,067.5 ","37,020.3 ","98,305.1 ","2,441.8 ","82,180.8 ","46,445.4 ",232.5 ,"1,921.5 ","52,018.9 ","50,097.4 ",,"6,624.7 ","12,546.5 ","5,921.8 ","558,184.5 ",,"549,638.4 ","420,779.6 ","128,858.7 ",,"181,770.8 ",,"548,885.5 ",,,,,,
1997/ 1- 3.,"553,279.6 ","287,355.7 ","282,305.7 ","243,007.5 ","36,206.3 ","99,551.5 ",-512.4 ,"82,540.9 ","45,721.4 ",141.7 ,"2,274.6 ","55,132.6 ","52,858.0 ",,"7,218.4 ","13,365.7 ","6,147.2 ","560,498.1 ",,"551,005.0 ","422,601.1 ","128,403.9 ",,"181,479.1 ",,"553,650.4 ",,,,,,
4- 6.,"554,799.9 ","283,987.0 ","279,013.0 ","239,272.7 ","33,587.5 ","99,262.6 ","2,734.9 ","83,200.8 ","46,316.3 ",99.5 ,"5,611.4 ","56,890.7 ","51,279.3 ",,"7,386.7 ","13,441.6 ","6,054.9 ","562,186.6 ",,"549,188.5 ","419,571.9 ","129,616.6 ",,"179,166.3 ",,"551,965.5 ",,,,,,
7- 9.,"554,516.5 ","284,474.2 ","279,562.8 ","239,438.7 ","31,539.8 ","99,020.1 ","5,050.4 ","82,791.5 ","46,421.5 ",137.4 ,"5,081.5 ","55,287.4 ","50,205.9 ",,"6,440.0 ","12,660.8 ","6,220.8 ","560,956.5 ",,"549,435.0 ","420,084.5 ","129,350.5 ",,"176,981.4 ",,"549,328.7 ",,,,,,
10-12.,"555,032.4 ","283,782.0 ","278,778.9 ","238,312.6 ","30,152.5 ","101,166.7 ","3,642.8 ","83,489.6 ","44,015.9 ",407.7 ,"8,375.2 ","58,428.3 ","50,053.1 ",,"7,603.9 ","14,354.2 ","6,750.3 ","562,636.3 ",,"546,657.2 ","418,744.0 ","127,913.2 ",,"175,335.1 ",,"550,981.9 ",,,,,,
1998/ 1- 3.,"545,625.8 ","282,595.0 ","277,359.1 ","236,505.1 ","28,995.6 ","96,939.3 ","3,672.9 ","83,533.3 ","41,303.9 ",232.7 ,"8,353.1 ","56,882.0 ","48,528.9 ",,"7,190.6 ","13,534.3 ","6,343.7 ","552,816.4 ",,"537,272.7 ","412,202.9 ","125,069.8 ",,"167,238.8 ",,"541,720.3 ",,,,,,
4- 6.,"541,542.6 ","282,199.9 ","276,693.0 ","235,676.1 ","28,316.2 ","95,239.6 ","1,685.9 ","83,247.1 ","40,804.4 ",136.5 ,"9,912.9 ","56,686.5 ","46,773.6 ",,"6,079.1 ","12,669.4 ","6,590.3 ","547,621.7 ",,"531,629.7 ","407,441.6 ","124,188.0 ",,"164,360.2 ",,"539,720.2 ",,,,,,
7- 9.,"540,266.9 ","283,981.0 ","278,263.6 ","236,947.7 ","27,676.5 ","94,068.1 ",-933.6 ,"83,455.7 ","42,475.2 ",-66.6 ,"9,610.7 ","57,148.7 ","47,538.0 ",,"6,870.9 ","12,775.4 ","5,904.5 ","547,137.7 ",,"530,656.2 ","404,792.0 ","125,864.2 ",,"164,219.7 ",,"541,267.1 ",,,,,,
10-12.,"545,929.1 ","284,554.0 ","278,690.5 ","237,286.5 ","27,070.8 ","90,849.5 ","2,511.7 ","85,244.9 ","46,470.2 ",-546.6 ,"9,774.5 ","52,150.0 ","42,375.5 ",,"6,235.6 ","10,889.7 ","4,654.1 ","552,164.7 ",,"536,154.6 ","404,986.0 ","131,168.6 ",,"164,390.5 ",,"543,963.9 ",,,,,,
1999/ 1- 3.,"534,642.4 ","283,876.0 ","277,950.4 ","236,391.5 ","26,634.3 ","87,857.9 ","-3,887.1 ","85,073.9 ","46,347.3 ",-74.8 ,"8,814.8 ","50,677.0 ","41,862.2 ",,"5,535.8 ","10,590.2 ","5,054.4 ","540,178.2 ",,"525,827.6 ","394,481.1 ","131,346.4 ",,"160,839.5 ",,"538,604.3 ",,,,,,
4- 6.,"535,352.8 ","284,186.8 ","278,112.2 ","236,358.2 ","28,193.5 ","88,032.4 ","-3,952.9 ","85,635.1 ","45,379.3 ",-7.4 ,"7,886.0 ","51,699.0 ","43,813.0 ",,"6,683.9 ","10,884.6 ","4,200.7 ","542,036.7 ",,"527,466.7 ","396,459.8 ","131,006.9 ",,"161,605.2 ",,"539,313.1 ",,,,,,
7- 9.,"534,864.9 ","285,879.8 ","279,635.3 ","237,635.6 ","28,407.5 ","87,309.7 ","-3,428.6 ","85,359.4 ","43,988.7 ",3.0 ,"7,345.4 ","52,189.7 ","44,844.3 ",,"6,774.8 ","10,639.5 ","3,864.8 ","541,639.7 ",,"527,519.5 ","398,168.4 ","129,351.1 ",,"159,705.9 ",,"538,290.5 ",,,,,,
10-12.,"533,980.8 ","285,407.2 ","279,198.6 ","236,979.2 ","27,238.6 ","88,163.9 ","-3,564.8 ","85,761.0 ","43,688.0 ",-337.5 ,"7,624.3 ","52,769.2 ","45,144.9 ",,"7,072.6 ","10,815.6 ","3,743.0 ","541,053.4 ",,"526,356.5 ","397,245.0 ","129,111.5 ",,"159,090.6 ",,"537,883.0 ",,,,,,
2000/ 1- 3.,"542,388.2 ","286,761.9 ","280,822.9 ","238,378.0 ","27,637.2 ","92,587.0 ","-1,993.3 ","87,372.0 ","41,477.1 ",153.0 ,"8,393.3 ","54,637.8 ","46,244.5 ",,"6,766.8 ","11,220.5 ","4,453.8 ","549,155.0 ",,"533,994.9 ","404,992.8 ","129,002.1 ",,"161,701.3 ",,"544,228.4 ",,,,,,
4- 6.,"544,168.9 ","285,784.7 ","280,196.6 ","237,517.4 ","28,244.5 ","90,967.2 ","1,598.0 ","88,218.1 ","41,065.9 ",39.3 ,"8,251.3 ","55,494.9 ","47,243.7 ",,"8,178.2 ","12,027.0 ","3,848.8 ","552,347.1 ",,"535,917.7 ","406,594.3 ","129,323.3 ",,"160,277.6 ",,"542,531.7 ",,,,,,
7- 9.,"542,137.5 ","285,275.2 ","279,941.9 ","237,077.8 ","27,867.4 ","93,476.6 ","-1,283.4 ","89,248.1 ","40,337.5 ",-36.5 ,"7,252.6 ","56,544.8 ","49,292.2 ",,"8,126.3 ","12,105.6 ","3,979.3 ","550,263.8 ",,"534,884.9 ","405,335.8 ","129,549.1 ",,"161,681.5 ",,"543,457.4 ",,,,,,
10-12.,"546,253.6 ","287,863.8 ","282,573.7 ","239,468.7 ","28,241.6 ","95,954.1 ",286.5 ,"89,485.3 ","38,860.6 ",-68.4 ,"5,630.0 ","57,596.4 ","51,966.4 ",,"8,081.7 ","12,471.1 ","4,389.3 ","554,335.4 ",,"540,623.6 ","412,346.1 ","128,277.5 ",,"163,056.3 ",,"546,035.5 ",,,,,,
2001/ 1- 3.,"550,229.2 ","288,771.6 ","283,331.0 ","240,104.3 ","28,283.5 ","95,495.2 ","2,179.7 ","91,177.7 ","40,623.0 ",23.5 ,"3,674.8 ","56,139.3 ","52,464.5 ",,"8,386.1 ","12,851.6 ","4,465.5 ","558,615.3 ",,"546,554.4 ","414,730.1 ","131,824.3 ",,"164,401.8 ",,"548,026.0 ",,,,,,
4- 6.,"542,517.7 ","289,864.4 ","284,214.5 ","240,658.8 ","26,802.8 ","92,110.0 ","2,456.3 ","91,214.0 ","38,139.8 ",-174.5 ,"2,105.0 ","53,953.7 ","51,848.7 ",,"8,151.2 ","12,379.0 ","4,227.7 ","550,668.9 ",,"540,412.7 ","411,233.5 ","129,179.2 ",,"157,052.5 ",,"540,236.0 ",,,,,,
7- 9.,"534,273.4 ","288,052.6 ","282,280.5 ","238,520.7 ","26,489.6 ","90,102.8 ","-2,230.4 ","91,705.2 ","37,804.7 ",-212.4 ,"2,561.3 ","52,389.0 ","49,827.7 ",,"8,026.7 ","12,023.7 ","3,996.9 ","542,300.1 ",,"531,712.1 ","402,414.6 ","129,297.5 ",,"154,397.0 ",,"536,716.1 ",,,,,,
10-12.,"531,827.6 ","286,646.2 ","280,875.9 ","236,922.6 ","26,566.8 ","86,241.0 ","-1,226.3 ","92,368.2 ","36,773.2 ",-29.1 ,"4,487.6 ","51,977.8 ","47,490.2 ",,"8,479.2 ","11,973.4 ","3,494.3 ","540,306.8 ",,"527,340.0 ","398,227.7 ","129,112.3 ",,"149,581.0 ",,"533,083.1 ",,,,,,
2002/ 1- 3.,"533,966.1 ","287,466.6 ","281,826.6 ","237,740.1 ","26,234.4 ","85,704.0 ","-3,230.8 ","94,773.5 ","37,100.0 ",-93.5 ,"6,012.0 ","54,786.4 ","48,774.4 ",,"8,285.0 ","11,461.6 ","3,176.6 ","542,251.1 ",,"527,954.2 ","396,174.1 ","131,780.0 ",,"149,038.4 ",,"537,290.4 ",,,,,,
4- 6.,"532,360.9 ","288,849.3 ","283,411.8 ","239,305.1 ","26,176.2 ","83,882.0 ","-2,507.4 ","92,486.5 ","35,970.3 ",-26.2 ,"7,530.1 ","57,279.1 ","49,749.1 ",,"7,454.0 ","10,780.0 ","3,326.0 ","539,814.9 ",,"524,830.9 ","396,400.2 ","128,430.6 ",,"146,028.6 ",,"534,894.4 ",,,,,,
7- 9.,"531,840.8 ","288,059.0 ","282,767.6 ","238,531.9 ","26,200.1 ","84,529.1 ","-1,501.5 ","93,047.6 ","35,718.2 ",-48.2 ,"5,836.4 ","55,945.4 ","50,109.0 ",,"7,593.7 ","11,061.1 ","3,467.4 ","539,434.5 ",,"526,004.3 ","397,286.7 ","128,717.6 ",,"146,447.4 ",,"533,390.5 ",,,,,,
10-12.,"531,686.1 ","286,398.2 ","281,101.6 ","236,746.5 ","25,872.2 ","84,158.5 ",348.7 ,"92,778.9 ","35,137.4 ",-158.1 ,"7,150.3 ","59,591.7 ","52,441.3 ",,"7,208.2 ","10,583.7 ","3,375.5 ","538,894.3 ",,"524,535.8 ","396,777.6 ","127,758.2 ",,"145,168.1 ",,"531,495.5 ",,,,,,
2003/ 1- 3.,"526,785.1 ","285,901.1 ","280,450.0 ","235,951.5 ","25,773.9 ","83,076.9 ",-252.5 ,"92,560.9 ","33,998.0 ",-68.6 ,"5,795.4 ","58,665.8 ","52,870.4 ",,"7,801.8 ","10,985.9 ","3,184.1 ","534,586.9 ",,"520,989.7 ","394,499.4 ","126,490.3 ",,"142,848.8 ",,"527,106.1 ",,,,,,
4- 6.,"531,417.5 ","286,070.5 ","280,430.5 ","235,746.9 ","25,811.8 ","83,612.9 ",-889.7 ,"94,216.3 ","34,045.2 ",73.0 ,"8,477.4 ","58,916.3 ","50,438.9 ",,"8,031.5 ","10,999.5 ","2,968.0 ","539,449.0 ",,"522,940.0 ","394,605.6 ","128,334.5 ",,"143,469.9 ",,"532,234.1 ",,,,,,
7- 9.,"530,989.5 ","285,818.5 ","280,058.5 ","235,185.2 ","26,359.4 ","81,470.9 ","1,558.6 ","93,784.2 ","33,159.3 ",-86.0 ,"8,924.6 ","60,545.0 ","51,620.4 ",,"9,531.0 ","12,391.5 ","2,860.5 ","540,520.5 ",,"522,064.9 ","395,207.4 ","126,857.5 ",,"140,989.6 ",,"529,517.0 ",,,,,,
10-12.,"532,357.8 ","288,108.6 ","282,309.2 ","237,301.9 ","25,999.5 ","84,104.1 ",-735.4 ,"92,517.6 ","32,367.8 ",-316.1 ,"10,311.6 ","61,936.1 ","51,624.5 ",,"8,474.1 ","11,201.9 ","2,727.8 ","540,831.9 ",,"522,046.2 ","397,476.8 ","124,569.4 ",,"142,471.4 ",,"533,409.3 ",,,,,,
2004/ 1- 3.,"534,932.7 ","288,233.7 ","282,484.4 ","237,244.9 ","26,443.9 ","83,501.4 ","2,510.4 ","93,060.6 ","30,898.3 ",-325.3 ,"10,609.6 ","64,864.9 ","54,255.3 ",,"9,488.7 ","12,197.6 ","2,708.9 ","544,421.4 ",,"524,323.1 ","400,689.4 ","123,633.7 ",,"140,843.7 ",,"532,747.6 ",,,,,,
4- 6.,"533,630.7 ","288,240.7 ","282,563.6 ","237,105.3 ","26,893.5 ","82,914.3 ",854.2 ,"93,192.9 ","30,753.2 ",96.9 ,"10,685.0 ","67,346.4 ","56,661.4 ",,"10,203.3 ","13,113.3 ","2,910.0 ","543,834.0 ",,"522,945.7 ","398,902.7 ","124,043.0 ",,"140,561.0 ",,"532,679.7 ",,,,,,
7- 9.,"535,940.7 ","289,668.1 ","284,024.7 ","238,361.9 ","26,998.1 ","83,571.3 ","1,899.3 ","93,579.0 ","30,261.1 ",89.1 ,"9,874.6 ","68,712.0 ","58,837.4 ",,"10,480.1 ","13,617.0 ","3,136.8 ","546,420.8 ",,"526,066.0 ","402,136.7 ","123,929.3 ",,"140,830.5 ",,"533,952.2 ",,,,,,
10-12.,"533,908.4 ","287,186.1 ","281,523.7 ","235,616.8 ","27,102.9 ","84,826.7 ","1,356.0 ","94,118.6 ","29,974.9 ",186.8 ,"9,156.4 ","69,567.3 ","60,410.9 ",,"10,925.3 ","14,240.2 ","3,314.8 ","544,833.7 ",,"524,752.0 ","400,471.7 ","124,280.3 ",,"141,904.6 ",,"532,365.6 ",,,,,,
2005/ 1- 3.,"534,439.3 ","288,802.0 ","283,083.8 ","236,974.7 ","26,655.6 ","86,884.3 ",939.9 ,"93,787.4 ","29,302.9 ",159.7 ,"7,907.6 ","68,319.1 ","60,411.5 ",,"10,426.8 ","14,361.1 ","3,934.3 ","544,866.1 ",,"526,531.7 ","403,281.8 ","123,249.9 ",,"142,842.8 ",,"533,339.7 ",,,,,,
4- 6.,"536,910.9 ","289,965.9 ","284,165.5 ","237,855.2 ","26,590.6 ","89,785.7 ","1,440.8 ","94,011.5 ","27,554.3 ",-1.8 ,"7,564.0 ","71,540.4 ","63,976.4 ",,"11,668.7 ","15,814.2 ","4,145.5 ","548,579.7 ",,"529,347.0 ","407,783.0 ","121,563.9 ",,"143,930.6 ",,"535,471.9 ",,,,,,
7- 9.,"539,036.3 ","291,707.0 ","285,835.7 ","239,271.4 ","27,078.0 ","91,355.0 ",265.1 ,"94,107.2 ","28,164.7 ",23.2 ,"6,336.1 ","74,484.3 ","68,148.2 ",,"12,365.5 ","16,553.9 ","4,188.3 ","551,401.8 ",,"532,700.2 ","410,405.1 ","122,295.1 ",,"146,597.7 ",,"538,748.0 ",,,,,,
10-12.,"539,555.9 ","292,140.4 ","286,225.2 ","239,328.1 ","27,397.8 ","89,924.4 ",58.0 ,"94,391.7 ","27,630.7 ",39.0 ,"7,973.9 ","79,564.7 ","71,590.8 ",,"13,272.4 ","18,011.9 ","4,739.5 ","552,828.3 ",,"531,582.0 ","409,520.6 ","122,061.4 ",,"144,952.9 ",,"539,458.8 ",,,,,,
2006/ 1- 3.,"538,787.4 ","292,965.7 ","287,037.2 ","239,896.4 ","27,217.4 ","89,966.9 ",98.0 ,"93,811.1 ","28,484.2 ",27.5 ,"6,216.7 ","81,086.5 ","74,869.8 ",,"14,020.6 ","19,180.5 ","5,159.9 ","552,807.9 ",,"532,570.7 ","410,247.9 ","122,322.8 ",,"145,668.5 ",,"538,661.9 ",,,,,,
4- 6.,"539,139.5 ","293,573.2 ","287,604.8 ","240,241.5 ","27,323.1 ","91,803.4 ",-926.4 ,"93,823.8 ","27,417.5 ",-39.1 ,"6,164.1 ","81,979.7 ","75,815.6 ",,"13,888.5 ","19,422.7 ","5,534.2 ","553,028.0 ",,"532,975.4 ","411,773.2 ","121,202.2 ",,"146,543.9 ",,"540,105.0 ",,,,,,
7- 9.,"538,339.7 ","291,730.4 ","285,711.1 ","238,204.7 ","27,457.6 ","91,772.8 ",944.4 ,"93,683.8 ","26,144.1 ",23.6 ,"6,582.9 ","84,967.6 ","78,384.7 ",,"14,510.8 ","20,191.7 ","5,681.0 ","552,850.4 ",,"531,756.7 ","411,905.3 ","119,851.5 ",,"145,374.6 ",,"537,371.7 ",,,,,,
10-12.,"546,008.2 ","295,637.0 ","289,615.5 ","241,884.5 ","27,436.4 ","93,719.9 ",791.9 ,"93,434.4 ","26,483.0 ",-32.3 ,"8,538.0 ","86,824.0 ","78,286.0 ",,"15,339.2 ","21,649.5 ","6,310.3 ","561,347.4 ",,"537,470.2 ","417,585.1 ","119,885.1 ",,"147,639.2 ",,"545,248.6 ",,,,,,
2007/ 1- 3.,"546,779.1 ","293,947.3 ","287,974.1 ","239,985.1 ","27,159.0 ","93,997.5 ","2,520.0 ","93,291.3 ","26,396.0 ",-55.9 ,"9,523.9 ","89,887.0 ","80,363.1 ",,"16,375.0 ","23,088.4 ","6,713.4 ","563,154.1 ",,"537,255.2 ","417,623.8 ","119,631.4 ",,"147,552.5 ",,"544,315.0 ",,,,,,
4- 6.,"547,730.0 ","296,493.2 ","290,571.5 ","242,359.6 ","26,911.2 ","93,152.9 ","1,021.0 ","94,650.1 ","25,870.3 ",138.8 ,"9,492.3 ","93,289.6 ","83,797.3 ",,"17,120.0 ","23,385.0 ","6,265.0 ","564,849.9 ",,"538,237.6 ","417,578.4 ","120,659.3 ",,"145,934.4 ",,"546,570.2 ",,,,,,
7- 9.,"541,621.0 ","292,976.4 ","287,093.9 ","238,676.8 ","24,804.1 ","91,994.4 ","1,342.4 ","94,106.2 ","25,649.9 ",42.2 ,"10,705.4 ","94,263.4 ","83,558.0 ",,"15,364.6 ","23,407.2 ","8,042.6 ","556,985.5 ",,"530,915.6 ","411,117.2 ","119,798.3 ",,"142,448.4 ",,"540,236.3 ",,,,,,
10-12.,"542,389.0 ","295,618.2 ","289,764.2 ","241,157.9 ","22,399.3 ","91,992.1 ","2,594.7 ","95,275.0 ","26,262.0 ",62.0 ,"8,185.6 ","95,453.3 ","87,267.7 ",,"17,181.7 ","24,288.3 ","7,106.6 ","559,570.7 ",,"534,203.4 ","412,604.4 ","121,599.1 ",,"140,653.4 ",,"539,732.3 ",,,,,,
2008/ 1- 3.,"542,638.5 ","296,566.7 ","290,729.4 ","241,867.7 ","23,280.8 ","93,097.8 ","1,730.2 ","95,198.8 ","25,806.7 ",171.0 ,"6,786.6 ","95,337.8 ","88,551.2 ",,"16,642.9 ","22,806.6 ","6,163.7 ","559,281.4 ",,"535,851.9 ","414,675.4 ","121,176.5 ",,"142,185.2 ",,"540,737.3 ",,,,,,
4- 6.,"539,213.3 ","294,236.2 ","288,430.4 ","239,375.3 ","24,426.0 ","92,134.8 ","4,580.0 ","94,231.3 ","25,172.0 ",-38.7 ,"4,471.7 ","95,272.8 ","90,801.1 ",,"13,154.3 ","19,182.0 ","6,027.7 ","552,367.7 ",,"534,741.7 ","415,377.0 ","119,364.7 ",,"141,732.8 ",,"534,672.0 ",,,,,,
7- 9.,"528,901.9 ","294,549.5 ","288,776.0 ","239,462.8 ","25,055.4 ","91,192.8 ",-962.1 ,"93,610.3 ","25,506.2 ",-88.4 ,38.3 ,"98,296.8 ","98,258.6 ",,"14,006.3 ","19,595.5 ","5,589.2 ","542,908.2 ",,"528,863.6 ","409,835.6 ","119,028.0 ",,"141,754.4 ",,"529,952.4 ",,,,,,
10-12.,"523,089.0 ","288,466.1 ","282,693.6 ","233,333.5 ","24,572.9 ","87,386.4 ","6,854.5 ","94,333.6 ","25,173.8 ",100.1 ,"-3,798.4 ","75,738.1 ","79,536.5 ",,"12,496.1 ","17,748.5 ","5,252.3 ","535,585.1 ",,"526,887.4 ","407,279.8 ","119,607.6 ",,"137,133.1 ",,"516,134.4 ",,,,,,
2009/ 1- 3.,"500,145.1 ","285,944.2 ","280,148.9 ","230,744.5 ","22,018.7 ","81,171.1 ","-4,733.3 ","94,369.7 ","25,525.7 ",-60.2 ,"-4,090.8 ","53,499.8 ","57,590.6 ",,"11,633.7 ","16,115.1 ","4,481.4 ","511,778.9 ",,"504,235.9 ","384,400.7 ","119,835.2 ",,"128,715.5 ",,"504,938.6 ",,,,,,
4- 6.,"502,566.3 ","284,440.9 ","278,633.9 ","229,134.7 ","19,785.6 ","77,926.4 ","-4,531.4 ","94,773.8 ","27,056.0 ",23.5 ,"3,091.4 ","58,924.9 ","55,833.5 ",,"13,065.1 ","17,033.4 ","3,968.4 ","515,631.4 ",,"499,474.9 ","377,621.6 ","121,853.3 ",,"124,768.1 ",,"507,074.2 ",,,,,,
7- 9.,"495,203.3 ","281,418.3 ","275,614.7 ","226,069.9 ","18,448.8 ","75,269.9 ","-6,008.0 ","95,738.6 ","26,458.9 ",49.9 ,"3,826.9 ","64,684.4 ","60,857.5 ",,"12,451.2 ","16,306.3 ","3,855.1 ","507,654.5 ",,"491,376.4 ","369,129.0 ","122,247.4 ",,"120,177.6 ",,"501,161.4 ",,,,,,
10-12.,"500,160.3 ","283,918.6 ","278,091.0 ","228,494.4 ","18,090.8 ","74,691.5 ","-4,924.2 ","95,748.5 ","26,774.7 ",38.5 ,"5,822.0 ","68,682.6 ","62,860.6 ",,"12,383.6 ","15,959.1 ","3,575.6 ","512,543.8 ",,"494,338.3 ","371,776.6 ","122,561.7 ",,"119,556.9 ",,"505,046.0 ",,,,,,
2010/ 1- 3.,"505,595.4 ","284,942.2 ","279,065.0 ","229,428.3 ","18,858.5 ","74,887.5 ","-3,296.9 ","95,529.8 ","27,102.2 ",103.5 ,"7,468.7 ","73,284.5 ","65,815.8 ",,"13,354.3 ","17,298.5 ","3,944.1 ","518,949.7 ",,"498,126.7 ","375,391.3 ","122,735.4 ",,"120,848.1 ",,"508,788.8 ",,,,,,
4- 6.,"509,982.9 ","287,009.7 ","281,118.1 ","231,421.8 ","19,048.0 ","75,395.7 ",-832.7 ,"96,955.5 ","25,597.4 ",-23.2 ,"6,832.4 ","76,342.9 ","69,510.5 ",,"13,019.5 ","17,274.0 ","4,254.5 ","523,002.4 ",,"503,150.5 ","380,620.7 ","122,529.8 ",,"120,041.1 ",,"510,838.7 ",,,,,,
7- 9.,"515,396.2 ","288,475.0 ","282,580.2 ","232,803.4 ","19,326.6 ","75,753.5 ","2,248.0 ","97,344.4 ","25,339.5 ",-133.5 ,"7,042.8 ","76,292.5 ","69,249.7 ",,"13,745.2 ","17,810.2 ","4,065.0 ","529,141.4 ",,"508,353.4 ","385,803.0 ","122,550.3 ",,"120,419.5 ",,"513,281.7 ",,,,,,
10-12.,"510,302.6 ","285,352.2 ","279,365.3 ","229,504.4 ","19,903.0 ","74,900.0 ","2,476.6 ","97,120.9 ","24,742.2 ",-46.4 ,"5,854.1 ","76,092.1 ","70,238.1 ",,"13,994.2 ","18,271.2 ","4,277.1 ","524,296.7 ",,"504,448.5 ","382,631.8 ","121,816.7 ",,"119,545.2 ",,"507,872.4 ",,,,,,
2011/ 1- 3.,"501,580.4 ","279,390.6 ","273,226.2 ","223,404.8 ","20,858.2 ","75,381.7 ","1,046.2 ","98,422.5 ","24,427.2 ",-21.2 ,"2,075.2 ","75,772.5 ","73,697.3 ",,"14,679.0 ","18,915.1 ","4,236.1 ","516,259.4 ",,"499,505.2 ","376,676.7 ","122,828.5 ",,"120,667.1 ",,"500,555.3 ",,,,,,
4- 6.,"494,311.0 ","281,924.6 ","275,565.2 ","226,019.8 ","20,301.0 ","74,536.5 ",147.5 ,"98,482.3 ","25,015.8 ",12.2 ,"-6,109.0 ","69,782.5 ","75,891.5 ",,"14,628.3 ","18,682.5 ","4,054.2 ","508,939.3 ",,"500,420.0 ","376,909.7 ","123,510.3 ",,"119,853.3 ",,"494,151.2 ",,,,,,
7- 9.,"504,590.9 ","284,060.8 ","277,541.7 ","227,934.9 ","21,011.1 ","75,865.8 ","2,981.1 ","98,758.6 ","24,399.5 ",84.7 ,"-2,570.7 ","76,129.0 ","78,699.7 ",,"14,566.1 ","18,636.8 ","4,070.7 ","519,157.0 ",,"507,161.6 ","383,918.8 ","123,242.8 ",,"121,276.5 ",,"501,525.2 ",,,,,,
10-12.,"505,190.5 ","287,462.0 ","280,819.8 ","231,158.8 ","20,662.9 ","80,722.2 ",-177.3 ,"98,957.5 ","23,601.1 ",15.0 ,"-6,053.1 ","72,634.7 ","78,687.8 ",,"13,755.4 ","17,841.9 ","4,086.6 ","518,945.8 ",,"511,243.6 ","388,669.9 ","122,573.7 ",,"124,986.3 ",,"505,352.7 ",,,,,,
2012/ 1- 3.,"512,057.5 ","288,071.0 ","281,347.3 ","231,599.6 ","20,445.9 ","80,221.2 ","3,897.2 ","100,135.9 ","24,921.7 ",15.6 ,"-5,651.0 ","74,498.1 ","80,149.1 ",,"13,712.2 ","17,879.9 ","4,167.7 ","525,769.6 ",,"517,708.5 ","392,635.3 ","125,073.2 ",,"125,588.8 ",,"508,144.7 ",,,,,,
4- 6.,"504,919.7 ","287,897.5 ","281,071.4 ","231,246.9 ","20,723.7 ","79,850.5 ",507.5 ,"99,055.3 ","25,142.4 ",62.2 ,"-8,319.3 ","73,403.7 ","81,723.0 ",,"13,626.6 ","18,188.5 ","4,561.9 ","518,546.3 ",,"513,239.0 ","388,979.1 ","124,259.8 ",,"125,716.6 ",,"504,350.0 ",,,,,,
7- 9.,"502,661.3 ","286,085.6 ","279,139.2 ","229,278.8 ","21,110.2 ","78,887.5 ","1,011.6 ","99,675.1 ","24,658.1 ",84.1 ,"-8,850.8 ","71,028.9 ","79,879.7 ",,"13,974.9 ","17,999.5 ","4,024.6 ","516,636.2 ",,"511,512.2 ","387,094.9 ","124,417.3 ",,"124,655.8 ",,"501,565.7 ",,,,,,
10-12.,"502,480.2 ","288,418.1 ","281,405.5 ","231,464.2 ","21,611.6 ","78,776.5 ",-800.9 ,"100,186.8 ","24,204.1 ",16.8 ,"-9,932.9 ","69,661.6 ","79,594.5 ",,"14,222.6 ","18,840.0 ","4,617.4 ","516,702.8 ",,"512,413.1 ","388,005.4 ","124,407.7 ",,"124,592.3 ",,"503,264.3 ",,,,,,
2013/ 1- 3.,"508,289.4 ","292,884.8 ","285,866.6 ","235,852.1 ","21,918.0 ","78,547.4 ",71.3 ,"100,572.5 ","24,733.7 ",-96.0 ,"-10,342.3 ","76,235.9 ","86,578.2 ",,"15,534.0 ","20,577.8 ","5,043.8 ","523,823.4 ",,"518,631.7 ","393,421.6 ","125,210.2 ",,"125,199.1 ",,"508,314.1 ",,,,,,
4- 6.,"513,144.8 ","294,619.0 ","287,548.8 ","237,453.3 ","22,327.5 ","81,746.6 ","-2,209.5 ","101,046.0 ","25,652.4 ",27.9 ,"-10,065.2 ","80,806.1 ","90,871.3 ",,"19,238.0 ","25,056.0 ","5,818.1 ","532,382.8 ",,"523,210.1 ","396,483.7 ","126,726.4 ",,"129,726.5 ",,"515,326.4 ",,,,,,
7- 9.,"518,954.3 ","296,531.7 ","289,385.4 ","239,213.8 ","23,399.9 ","83,252.7 ",-586.7 ,"101,369.8 ","27,217.5 ",-74.9 ,"-12,155.7 ","82,095.5 ","94,251.2 ",,"17,442.9 ","24,064.9 ","6,621.9 ","536,397.3 ",,"531,110.0 ","402,597.6 ","128,512.4 ",,"133,870.1 ",,"519,616.0 ",,,,,,
10-12.,"518,893.7 ","297,209.7 ","290,107.6 ","239,911.1 ","24,392.0 ","84,645.8 ",-35.6 ,"101,186.0 ","27,775.7 ",79.3 ,"-16,359.1 ","81,912.6 ","98,271.7 ",,"17,692.7 ","23,942.1 ","6,249.4 ","536,586.4 ",,"535,252.8 ","406,211.8 ","129,040.9 ",,"136,813.5 ",,"518,850.1 ",,,,,,
2014/ 1- 3.,"524,017.4 ","304,060.4 ","297,125.8 ","246,901.3 ","24,511.9 ","88,242.7 ","-2,710.9 ","101,851.5 ","27,472.8 ",104.4 ,"-19,515.4 ","86,573.8 ","106,089.2 ",,"17,669.6 ","24,901.7 ","7,232.1 ","541,687.0 ",,"543,532.8 ","414,104.1 ","129,428.7 ",,"140,227.4 ",,"526,623.9 ",,,,,,
4- 6.,"527,153.5 ","295,907.8 ","289,254.1 ","239,064.1 ","23,409.6 ","87,213.4 ","2,427.8 ","103,326.7 ","27,068.0 ",109.6 ,"-12,309.2 ","87,718.2 ","100,027.4 ",,"17,876.5 ","25,475.2 ","7,598.7 ","545,030.0 ",,"539,462.7 ","408,958.5 ","130,504.2 ",,"137,690.9 ",,"524,616.2 ",,,,,,
7- 9.,"528,128.8 ","297,684.8 ","291,257.7 ","241,081.9 ","22,435.7 ","89,117.4 ",-485.6 ,"103,984.2 ","28,011.6 ",195.8 ,"-12,815.1 ","90,939.0 ","103,754.1 ",,"19,774.3 ","27,578.4 ","7,804.2 ","547,903.0 ",,"540,943.9 ","408,752.3 ","132,191.6 ",,"139,564.7 ",,"528,418.6 ",,,,,,
10-12.,"533,061.6 ","298,168.8 ","291,689.7 ","241,518.3 ","22,391.0 ","89,954.6 ",-721.6 ,"104,351.9 ","27,977.7 ",25.7 ,"-9,086.6 ","95,900.7 ","104,987.2 ",,"22,337.8 ","30,722.2 ","8,384.4 ","555,399.3 ",,"542,148.1 ","409,792.8 ","132,355.3 ",,"140,323.3 ",,"533,757.5 ",,,,,,
2015/ 1- 3.,"545,542.4 ","300,120.7 ","293,315.0 ","243,168.2 ","23,007.5 ","94,226.9 ",-24.4 ,"104,925.5 ","26,967.5 ",114.5 ,"-3,795.8 ","95,172.2 ","98,968.0 ",,"20,152.0 ","28,542.6 ","8,390.7 ","565,694.4 ",,"549,338.2 ","417,330.7 ","132,007.5 ",,"144,201.9 ",,"545,452.3 ",,,,,,
4- 6.,"548,781.7 ","301,593.4 ","294,455.5 ","244,283.9 ","23,454.8 ","94,099.7 ","2,103.0 ","104,464.6 ","26,639.1 ",-48.8 ,"-3,524.0 ","93,410.7 ","96,934.7 ",,"21,419.3 ","29,938.5 ","8,519.1 ","570,201.0 ",,"552,305.7 ","421,250.8 ","131,054.8 ",,"144,193.6 ",,"546,727.5 ",,,,,,
7- 9.,"550,639.9 ","302,136.2 ","294,776.1 ","244,607.7 ","23,593.2 ","94,850.1 ",981.7 ,"105,088.7 ","26,665.5 ",-54.3 ,"-2,621.3 ","95,606.7 ","98,228.0 ",,"21,097.4 ","30,269.5 ","9,172.2 ","571,737.2 ",,"553,261.1 ","421,561.2 ","131,699.9 ",,"145,108.8 ",,"549,712.4 ",,,,,,
10-12.,"550,692.8 ","300,119.2 ","292,542.0 ","242,382.6 ","23,501.4 ","94,742.6 ",897.8 ,"106,252.7 ","27,195.3 ",-28.8 ,"-1,987.3 ","90,958.6 ","92,945.9 ",,"22,005.5 ","31,433.6 ","9,428.2 ","572,698.2 ",,"552,680.1 ","419,261.0 ","133,419.2 ",,"145,439.3 ",,"549,823.9 ",,,,,,
2016/ 1- 3.,"557,387.1 ","299,180.2 ","291,392.4 ","241,277.7 ","23,281.2 ","94,264.3 ","1,445.9 ","107,722.6 ","27,905.9 ",11.1 ,"3,575.8 ","87,988.9 ","84,413.1 ",,"20,148.0 ","29,332.6 ","9,184.6 ","577,535.1 ",,"553,811.3 ","418,171.7 ","135,639.6 ",,"145,451.4 ",,"555,930.1 ",,,,,,
4- 6.,"554,635.4 ","297,904.6 ","289,870.5 ","239,871.1 ","23,745.3 ","93,492.9 ","2,783.6 ","106,111.5 ","26,919.0 ",-216.2 ,"3,894.7 ","85,479.1 ","81,584.5 ",,"18,955.5 ","28,683.3 ","9,727.8 ","573,591.0 ",,"550,740.8 ","417,926.5 ","132,814.3 ",,"144,157.3 ",,"552,068.0 ",,,,,,
7- 9.,"555,209.9 ","298,614.9 ","290,334.3 ","240,415.2 ","24,050.1 ","93,749.2 ",526.5 ,"106,460.0 ","27,005.9 ",-285.2 ,"5,088.6 ","85,879.3 ","80,790.7 ",,"18,245.0 ","28,278.3 ","10,033.2 ","573,455.0 ",,"550,121.3 ","416,940.6 ","133,180.7 ",,"144,805.2 ",,"554,968.6 ",,,,,,
10-12.,"555,820.0 ","299,908.5 ","291,459.6 ","241,581.2 ","24,291.8 ","94,780.5 ","-1,459.2 ","106,662.4 ","27,181.0 ",-316.7 ,"4,771.6 ","89,828.8 ","85,057.3 ",,"18,476.1 ","28,538.3 ","10,062.3 ","574,296.0 ",,"551,048.4 ","417,521.7 ","133,526.7 ",,"146,253.4 ",,"557,595.9 ",,,,,,
2017/ 1- 3.,"559,091.9 ","301,250.7 ","292,720.9 ","242,864.0 ","24,224.2 ","95,843.4 ",-375.3 ,"106,942.5 ","27,567.1 ",-283.7 ,"3,923.0 ","95,579.8 ","91,656.7 ",,"20,814.5 ","31,260.1 ","10,445.7 ","579,906.4 ",,"555,168.9 ","420,943.0 ","134,225.9 ",,"147,634.7 ",,"559,750.9 ",,,,,,
4- 6.,"561,539.6 ","303,444.3 ","294,817.3 ","244,985.5 ","24,543.1 ","96,535.9 ",-434.5 ,"107,029.8 ","27,966.4 ",-27.7 ,"2,482.2 ","94,640.0 ","92,157.8 ",,"19,687.6 ","30,351.3 ","10,663.7 ","581,227.2 ",,"559,057.3 ","424,088.8 ","134,968.5 ",,"149,045.4 ",,"562,001.7 ",,,,,,
7- 9.,"569,866.6 ","302,746.6 ","293,986.6 ","244,162.9 ","24,473.3 ","98,064.9 ","2,739.0 ","107,633.6 ","27,593.9 ",-22.3 ,"6,637.6 ","98,507.7 ","91,870.1 ",,"21,102.2 ","31,518.2 ","10,415.9 ","590,968.8 ",,"563,229.0 ","428,023.8 ","135,205.2 ",,"150,132.1 ",,"567,149.8 ",,,,,,
10-12.,"569,668.6 ","304,769.1 ","295,930.6 ","246,127.4 ","23,967.5 ","98,814.0 ","3,398.2 ","107,582.2 ","27,709.1 ",-13.8 ,"3,442.2 ","100,102.8 ","96,660.6 ",,"20,502.7 ","31,583.8 ","11,081.1 ","590,171.3 ",,"566,226.4 ","430,948.9 ","135,277.4 ",,"150,490.7 ",,"566,284.2 ",,,,,,
2018/ 1- 3.,"569,522.9 ","305,163.6 ","296,302.1 ","246,529.1 ","23,388.8 ","99,423.8 ","1,279.8 ","108,690.1 ","27,956.3 ",-21.5 ,"3,642.2 ","101,582.0 ","97,939.8 ",,"19,973.0 ","32,029.0 ","12,056.0 ","589,495.9 ",,"565,880.7 ","429,255.9 ","136,624.8 ",,"150,768.8 ",,"568,264.7 ",,,,,,
4- 6.,"571,304.9 ","304,624.8 ","295,781.9 ","245,912.0 ","22,823.3 ","102,391.1 ","2,023.5 ","108,776.5 ","28,533.3 ",34.2 ,"2,098.1 ","102,076.4 ","99,978.3 ",,"21,671.0 ","33,578.7 ","11,907.7 ","592,975.9 ",,"569,206.7 ","431,862.7 ","137,344.0 ",,"153,747.7 ",,"569,247.2 ",,,,,,
7- 9.,"567,924.8 ","306,535.6 ","297,696.6 ","247,777.3 ","22,891.8 ","99,685.2 ","2,072.5 ","108,486.1 ","28,417.9 ",80.5 ,-244.9 ,"102,286.8 ","102,531.7 ",,"21,560.7 ","33,611.2 ","12,050.6 ","589,485.4 ",,"568,169.7 ","431,185.2 ","136,984.4 ",,"150,994.9 ",,"565,771.7 ",,,,,,
10-12.,"568,076.6 ","307,036.5 ","298,073.8 ","248,030.0 ","23,141.2 ","102,154.0 ","3,872.3 ","108,837.4 ","28,154.4 ",27.0 ,"-5,146.3 ","101,553.6 ","106,699.8 ",,"22,144.4 ","34,624.5 ","12,480.1 ","590,221.0 ",,"573,222.9 ","436,204.0 ","137,018.8 ",,"153,449.6 ",,"564,177.2 ",,,,,,
2019/ 1- 3.,"572,525.5 ","306,481.6 ","297,270.6 ","246,838.6 ","23,822.0 ","102,519.9 ","1,089.3 ","109,468.2 ","28,795.8 ",-42.5 ,391.2 ,"98,993.2 ","98,602.0 ",,"21,646.9 ","33,758.3 ","12,111.4 ","594,172.5 ",,"572,134.3 ","433,912.8 ","138,221.5 ",,"155,137.7 ",,"571,478.7 ",,,,,,
4- 6.,"574,858.6 ","307,006.1 ","297,577.1 ","246,765.0 ","24,115.7 ","102,512.1 ","3,017.2 ","111,205.9 ","29,472.5 ",-108.6 ,"-2,362.3 ","98,003.5 ","100,365.8 ",,"22,113.8 ","34,598.6 ","12,484.8 ","596,972.4 ",,"577,220.9 ","436,651.1 ","140,569.8 ",,"156,100.4 ",,"571,950.0 ",,,,,,
7- 9.,"575,468.9 ","309,629.2 ","300,033.8 ","248,828.1 ","24,296.9 ","104,574.3 ",-460.1 ,"111,160.0 ","29,407.0 ",-121.6 ,"-3,016.8 ","97,237.8 ","100,254.6 ",,"22,362.6 ","35,269.9 ","12,907.3 ","597,831.5 ",,"578,485.8 ","438,040.3 ","140,445.5 ",,"158,278.2 ",,"576,050.6 ",,,,,,
10-12.,"564,583.7 ","301,135.9 ","291,291.5 ","239,702.5 ","24,296.2 ","98,236.0 ",370.2 ,"112,628.9 ","29,642.7 ",-68.4 ,"-1,657.9 ","95,417.0 ","97,074.9 ",,"21,190.9 ","33,917.1 ","12,726.2 ","585,774.6 ",,"566,241.5 ","424,038.3 ","142,203.3 ",,"152,174.9 ",,"564,281.9 ",,,,,,
2020/ 1- 3.,"567,629.7 ","302,199.7 ","292,026.7 ","240,062.7 ","23,306.1 ","101,654.7 ",-154.0 ,"112,451.7 ","29,618.7 ",-73.4 ,"-1,373.8 ","92,293.7 ","93,667.5 ",,"22,015.2 ","33,650.8 ","11,635.6 ","589,644.9 ",,"569,003.5 ","427,006.5 ","141,997.0 ",,"154,579.5 ",,"567,857.1 ",,,,,,
4- 6.,"528,805.7 ","278,834.0 ","268,219.1 ","215,862.7 ","23,039.6 ","94,137.0 ",773.4 ,"112,033.9 ","31,272.6 ",53.7 ,"-11,338.4 ","72,708.1 ","84,046.6 ",,"17,970.7 ","28,707.4 ","10,736.7 ","546,776.5 ",,"540,144.1 ","396,783.9 ","143,360.2 ",,"148,449.2 ",,"527,978.7 ",,,,,,
7- 9.,"554,799.7 ","293,432.2 ","282,399.8 ","229,666.1 ","22,095.1 ","94,815.0 ","-2,391.9 ","113,908.6 ","30,985.6 ",109.4 ,"1,845.9 ","81,391.4 ","79,545.6 ",,"18,764.8 ","29,417.8 ","10,653.1 ","573,564.5 ",,"552,953.8 ","407,950.3 ","145,003.6 ",,"147,895.6 ",,"557,082.3 ",,,,,,
10-12.,"564,104.2 ","298,449.7 ","287,305.7 ","234,172.5 ","22,108.7 ","96,726.5 ","-3,462.1 ","114,520.1 ","31,076.0 ",-28.8 ,"4,714.0 ","88,384.7 ","83,670.7 ",,"20,037.1 ","29,800.2 ","9,763.1 ","584,141.3 ",,"559,390.2 ","413,822.9 ","145,567.3 ",,"149,911.2 ",,"567,595.1 ",,,,,,
2021/ 1- 3.,"569,484.8 ","297,869.5 ","286,923.3 ","233,399.5 ","22,990.2 ","99,798.9 ",309.0 ,"114,694.5 ","31,005.1 ",-11.6 ,"2,829.2 ","95,090.1 ","92,260.9 ",,"22,381.6 ","33,238.9 ","10,857.3 ","591,866.4 ",,"566,655.6 ","420,967.6 ","145,688.0 ",,"153,794.2 ",,"569,187.4 ",,,,,,
4- 6.,"573,351.7 ","300,669.6 ","289,991.6 ","236,059.0 ","23,594.5 ","101,302.4 ",942.0 ,"118,182.9 ","30,707.0 ",-11.7 ,"-2,034.8 ","99,632.0 ","101,666.8 ",,"27,621.6 ","39,212.6 ","11,591.1 ","600,973.3 ",,"575,386.5 ","426,508.4 ","148,878.2 ",,"155,603.8 ",,"572,421.5 ",,,,,,
7- 9.,"572,990.0 ","299,489.6 ","288,949.1 ","234,621.4 ","24,226.2 ","100,721.8 ","2,366.9 ","119,737.1 ","30,557.1 ",-82.8 ,"-4,025.9 ","101,318.8 ","105,344.7 ",,"27,179.2 ","38,924.8 ","11,745.7 ","600,169.1 ",,"577,015.9 ","426,804.5 ","150,211.4 ",,"155,505.1 ",,"570,705.8 ",,,,,,
10-12.,"579,492.5 ","309,689.9 ","299,131.1 ","244,425.1 ","24,860.2 ","101,885.1 ","2,656.0 ","118,435.0 ","30,260.2 ",-41.0 ,"-8,253.0 ","104,123.7 ","112,376.7 ",,"28,701.9 ","41,686.1 ","12,984.2 ","608,194.4 ",,"587,745.5 ","439,091.3 ","148,654.2 ",,"157,005.5 ",,"576,877.5 ",,,,,,
2022/ 1- 3.,"579,222.2 ","310,753.7 ","300,024.1 ","244,908.5 ","25,343.6 ","103,385.8 ","3,181.7 ","119,899.9 ","28,920.5 ",-60.8 ,"-12,202.2 ","110,467.2 ","122,669.3 ",,"32,741.2 ","45,958.2 ","13,217.0 ","611,963.4 ",,"591,424.3 ","442,664.8 ","148,759.5 ",,"157,649.8 ",,"576,101.3 ",,,,,,
4- 6.,"583,011.0 ","318,284.6 ","307,389.5 ","251,895.4 ","25,496.1 ","107,086.9 ","2,891.5 ","119,740.0 ","28,680.6 ",94.8 ,"-19,263.4 ","119,215.0 ","138,478.4 ",,"31,846.7 ","46,313.7 ","14,467.0 ","614,857.8 ",,"602,274.5 ","453,759.1 ","148,515.4 ",,"161,263.6 ",,"580,024.7 ",,,,,,
7- 9.,"581,990.8 ","321,186.0 ","310,179.7 ","254,308.2 ","26,035.7 ","109,619.4 ","3,177.5 ","121,642.6 ","29,146.4 ",-544.0 ,"-28,272.9 ","125,540.9 ","153,813.9 ",,"34,817.8 ","50,086.3 ","15,268.5 ","616,808.6 ",,"610,263.7 ","460,018.7 ","150,245.0 ",,"164,801.6 ",,"579,357.3 ",,,,,,
10-12.,"594,171.2 ","325,835.9 ","314,721.2 ","258,454.9 ","26,005.6 ","110,570.3 ","2,594.3 ","123,179.9 ","29,866.0 ",131.5 ,"-24,012.3 ","127,180.8 ","151,193.1 ",,"40,033.9 ","57,500.2 ","17,466.4 ","634,205.1 ",,"618,183.6 ","465,006.1 ","153,177.5 ",,"166,441.9 ",,"591,445.5 ",,,,,,
2023/ 1- 3.,"606,146.5 ","329,915.7 ","318,695.6 ","262,012.3 ","26,305.4 ","113,056.9 ",648.7 ,"125,108.7 ","31,071.8 ",95.0 ,"-20,055.7 ","121,976.6 ","142,032.3 ",,"32,779.8 ","52,673.0 ","19,893.1 ","638,926.4 ",,"626,202.2 ","469,926.7 ","156,275.5 ",,"170,434.0 ",,"605,402.8 ",,,,,,
4- 6.,"617,564.1 ","328,963.3 ","317,600.6 ","260,531.5 ","26,821.5 ","113,102.8 ","2,152.2 ","122,570.5 ","30,964.4 ",-196.8 ,"-6,814.0 ","126,281.0 ","133,095.0 ",,"36,267.9 ","57,375.0 ","21,107.1 ","653,831.9 ",,"624,378.0 ","471,039.8 ","153,338.2 ",,"170,888.7 ",,"615,608.6 ",,,,,,
7- 9.,"618,274.2 ","329,961.7 ","318,448.6 ","260,992.9 ","26,902.1 ","114,245.6 ","-2,736.6 ","123,652.0 ","30,874.2 ",-312.8 ,"-4,312.1 ","132,074.0 ","136,386.1 ",,"35,234.1 ","58,092.7 ","22,858.6 ","653,508.3 ",,"622,586.3 ","468,372.9 ","154,213.4 ",,"172,021.9 ",,"621,323.6 ",,,,,,
10-12.,"624,549.8 ","332,133.7 ","320,580.6 ","262,876.4 ","27,123.6 ","117,197.9 ",-697.2 ,"123,851.6 ","30,995.2 ",-293.3 ,"-5,761.6 ","138,138.6 ","143,900.3 ",,"37,600.1 ","61,002.6 ","23,402.6 ","662,149.8 ",,"630,311.4 ","475,758.0 ","154,553.4 ",,"175,316.8 ",,"625,540.3 ",,,,,,
2024/ 1- 3.,"621,923.6 ","332,099.2 ","320,617.2 ","262,717.0 ","26,805.4 ","116,806.3 ","-1,306.3 ","123,894.6 ","30,612.1 ",-348.7 ,"-6,639.0 ","135,185.3 ","141,824.3 ",,"36,060.0 ","60,828.4 ","24,768.4 ","657,983.6 ",,"628,562.6 ","474,404.6 ","154,158.0 ",,"174,223.8 ",,"623,578.5 ",,,,,,
4- 6.,"633,654.7 ","334,479.9 ","323,135.3 ","265,026.2 ","27,140.7 ","119,594.6 ",-773.0 ,"128,185.4 ","31,530.0 ",-57.7 ,"-6,445.3 ","141,575.8 ","148,021.1 ",,"40,363.9 ","65,711.6 ","25,347.7 ","674,018.6 ",,"640,100.0 ","480,442.3 ","159,657.7 ",,"178,265.4 ",,"634,485.4 ",,,,,,
7- 9.,"642,141.7 ","338,563.6 ","327,308.2 ","268,966.9 ","27,569.1 ","121,138.2 ",391.6 ,"128,960.2 ","32,010.0 ",-23.0 ,"-6,467.9 ","142,489.7 ","148,957.6 ",,"39,449.7 ","65,930.0 ","26,480.3 ","681,591.4 ",,"648,609.7 ","487,662.5 ","160,947.2 ",,"180,717.2 ",,"641,773.1 ",,,,,,
10-12.,"649,473.6 ","340,949.7 ","329,634.8 ","271,052.7 ","27,895.9 ","121,144.6 ",-981.3 ,"129,542.2 ","32,244.2 ",-208.5 ,"-1,113.3 ","145,348.5 ","146,461.7 ",,"38,156.9 ","64,198.9 ","26,042.0 ","687,630.5 ",,"650,586.9 ","489,008.9 ","161,577.9 ",,"181,284.8 ",,"650,663.4 ",,,,,,
2025/ 1- 3.,"655,117.7 ","346,701.9 ","335,178.9 ","276,363.6 ","28,147.7 ","123,386.8 ","2,374.1 ","129,919.2 ","32,228.7 ",-8.5 ,"-7,632.1 ","144,212.9 ","151,845.0 ",,"40,446.5 ","66,971.2 ","26,524.8 ","695,564.1 ",,"662,749.8 ","500,610.4 ","162,139.4 ",,"183,763.1 ",,"652,752.1 ",,,,,,
4- 6.,"666,769.7 ","349,003.0 ","337,296.5 ","278,222.1 ","28,468.0 ","125,549.3 ","2,054.8 ","131,108.3 ","32,710.2 ",-155.1 ,"-1,968.8 ","142,964.8 ","144,933.6 ",,"39,213.4 ","65,450.0 ","26,236.6 ","705,983.1 ",,"668,738.5 ","505,075.1 ","163,663.3 ",,"186,727.5 ",,"664,870.0 ",,,,,,
7- 9.,"668,857.9 ","352,653.0 ","340,817.7 ","281,527.4 ","26,480.8 ","126,786.3 ",622.1 ,"132,140.6 ","32,671.3 ",-52.5 ,"-2,443.6 ","144,153.7 ","146,597.3 ",,"43,413.3 ","70,021.8 ","26,608.4 ","712,271.3 ",,"671,301.6 ","506,542.2 ","164,759.4 ",,"185,938.5 ",,"668,288.4 ",,,,,,
10-12.,"675,000.9 ","355,096.1 ","343,073.1 ","283,497.4 ","27,895.6 ","129,506.2 ","-1,968.1 ","133,028.5 ","32,804.4 ",-84.2 ,"-1,277.6 ","150,097.4 ","151,375.0 ",,"40,110.2 ","68,035.1 ","27,924.9 ","715,111.1 ",,"676,278.5 ","510,529.8 ","165,748.7 ",,"190,206.3 ",,"677,053.3 ",,,,,,
2026/ 1- 3.,"680,104.3 ","358,424.9 ","346,156.7 ","286,347.7 ","28,522.4 ","129,774.3 ","-3,704.4 ","134,459.1 ","33,586.9 ",-95.4 ,-863.5 ,"157,449.8 ","158,313.4 ",,"41,294.1 ","69,901.9 ","28,607.7 ","721,398.5 ",,"680,967.9 ","513,017.2 ","167,950.6 ",,"191,883.6 ",,"683,904.1 ",,,,,,
4- 6.,"689,219.1 ","362,125.5 ","349,587.8 ","289,569.3 ","28,742.5 ","130,483.7 ",677.6 ,"138,040.3 ","33,930.5 ","-4,866.0 ",84.9 ,"163,626.1 ","163,541.2 ",,"38,229.6 ","69,154.4 ","30,924.8 ","727,448.7 ",,"689,134.2 ","522,029.4 ","167,104.8 ",,"193,156.7 ",,"693,407.4 ",,,,,,
＊年率で表示している。,,,,,,,,,,,,,,,,,,,,,,,,,,,,,,,,
,,,,,,,,,,,,,,,,,,,,,,,,,,,,,,,,
