名目季節調整系列,,,,,,,,,,,,,,,<参考>,,,,,,,,,,,(単位:10億円),,,,,,
"Nominal, Seasonally Adjusted Series",,,,,,,,,,,,,,,<cf>,,,,,,,,,,,(Billion Yen),,,,,,
,国内総生産(支出側),民間最終消費支出,,,民間住宅,民間企業設備,民間在庫変動,政府最終消費支出,公的固定資本形成,公的在庫変動,財貨・サービス,,,,海外からの所得,,,国民総所得,,国内需要,民間需要,公的需要,,総固定資本形成,,最終需要,,,,,,
,,,家計最終消費支出,,,,,,,,純輸出,輸出,輸入,,純受取,受取,支払,,,,,,,,,,,,,,,
,,,,除く持ち家の帰属家賃,,,,,,,,,,,,,,,,,,,,,,,,,,,,
,GDP(Expenditure Approach),PrivateConsumption,Consumption ofHouseholds,ExcludingImputed Rent,PrivateResidentialInvestment,Private Non-Resi.Investment,Changein PrivateInventories,GovernmentConsumption,PublicInvestment,Changein PublicInventories,Goods & Services,,,,Income from /to the Rest of the World,,,GNI,,DomesticDemand,PrivateDemand,PublicDemand,,Gross Fixed CapitalFormation,,Final Sales of Domestic Product,,,,,,
,,,,,,,,,,,Net Exports,Exports,Imports,,Net,Receipt,Payment,,,,,,,,,,,,,,,
1994/ 1- 3.,"510,102.9 ","266,582.0 ","262,018.6 ","227,575.3 ","28,673.8 ","80,433.4 ","3,822.2 ","73,546.9 ","46,407.7 ",-417.7 ,"11,054.6 ","44,988.0 ","33,933.4 ",,"4,450.2 ","15,710.1 ","11,259.9 ","514,553.1 ",,"499,048.3 ","379,511.4 ","119,536.9 ",,"155,514.9 ",,"506,698.4 ",,,,,,
4- 6.,"509,036.8 ","269,175.1 ","264,538.7 ","229,723.4 ","29,969.8 ","79,979.9 ","-3,045.2 ","75,112.5 ","47,379.8 ",489.0 ,"9,975.9 ","45,500.0 ","35,524.1 ",,"4,147.3 ","15,649.7 ","11,502.4 ","513,184.1 ",,"499,060.9 ","376,079.6 ","122,981.3 ",,"157,329.5 ",,"511,593.1 ",,,,,,
7- 9.,"512,988.9 ","270,667.3 ","266,001.1 ","230,778.5 ","32,363.1 ","79,430.6 ",-138.1 ,"75,898.3 ","45,544.1 ",656.8 ,"8,566.6 ","45,053.8 ","36,487.2 ",,"4,189.9 ","16,017.4 ","11,827.5 ","517,178.8 ",,"504,422.2 ","382,323.0 ","122,099.3 ",,"157,337.8 ",,"512,470.1 ",,,,,,
10-12.,"511,572.0 ","271,243.2 ","266,524.0 ","230,820.0 ","30,940.0 ","80,298.5 ","-1,605.1 ","76,696.6 ","44,707.9 ",706.3 ,"8,584.6 ","45,109.8 ","36,525.2 ",,"4,207.3 ","16,562.9 ","12,355.6 ","515,779.3 ",,"502,987.4 ","380,876.7 ","122,110.7 ",,"155,946.4 ",,"512,470.9 ",,,,,,
1995/ 1- 3.,"514,908.4 ","272,728.7 ","267,940.8 ","231,869.0 ","29,884.3 ","82,049.8 ","2,064.8 ","77,678.5 ","42,842.0 ",-147.4 ,"7,807.8 ","45,054.1 ","37,246.3 ",,"4,263.4 ","16,862.2 ","12,598.8 ","519,171.8 ",,"507,100.7 ","386,727.6 ","120,373.0 ",,"154,776.0 ",,"512,991.0 ",,,,,,
4- 6.,"518,785.5 ","274,200.1 ","269,336.9 ","232,925.2 ","28,982.9 ","84,418.3 ",956.1 ,"78,137.1 ","44,468.2 ",220.5 ,"7,402.3 ","44,073.6 ","36,671.3 ",,"3,448.1 ","15,897.1 ","12,449.0 ","522,233.6 ",,"511,383.2 ","388,557.5 ","122,825.7 ",,"157,869.4 ",,"517,608.9 ",,,,,,
7- 9.,"525,380.9 ","275,787.9 ","270,853.7 ","234,041.8 ","28,386.3 ","85,770.3 ","2,112.5 ","79,100.3 ","47,791.3 ",178.7 ,"6,253.6 ","46,803.4 ","40,549.8 ",,"5,015.8 ","20,054.6 ","15,038.8 ","530,396.6 ",,"519,127.3 ","392,056.9 ","127,070.4 ",,"161,947.8 ",,"523,089.6 ",,,,,,
10-12.,"527,014.7 ","277,881.4 ","272,903.8 ","235,724.5 ","28,943.2 ","86,906.1 ","1,000.2 ","79,652.6 ","47,961.6 ",221.8 ,"4,447.8 ","47,882.0 ","43,434.1 ",,"5,279.6 ","20,687.4 ","15,407.8 ","532,294.3 ",,"522,566.9 ","394,730.9 ","127,836.0 ",,"163,810.9 ",,"525,792.7 ",,,,,,
1996/ 1- 3.,"529,017.7 ","276,906.9 ","271,909.7 ","234,354.0 ","30,312.7 ","86,233.0 ","1,340.1 ","79,774.0 ","50,359.3 ",486.0 ,"3,605.8 ","48,837.3 ","45,231.5 ",,"6,034.4 ","12,705.5 ","6,671.2 ","535,052.0 ",,"525,411.9 ","394,792.6 ","130,619.3 ",,"166,905.0 ",,"527,191.7 ",,,,,,
4- 6.,"536,049.4 ","281,088.8 ","276,057.5 ","238,055.5 ","31,707.5 ","88,655.2 ","3,053.1 ","80,799.8 ","49,492.2 ",151.1 ,"1,101.7 ","48,942.3 ","47,840.5 ",,"6,773.6 ","12,916.1 ","6,142.4 ","542,823.1 ",,"534,947.7 ","404,504.6 ","130,443.1 ",,"169,854.9 ",,"532,845.2 ",,,,,,
7- 9.,"536,121.9 ","281,176.2 ","276,105.5 ","237,673.6 ","33,106.7 ","89,608.7 ","1,575.6 ","81,707.9 ","47,381.2 ",188.0 ,"1,377.5 ","49,657.9 ","48,280.4 ",,"6,471.9 ","12,412.4 ","5,940.5 ","542,593.8 ",,"534,744.4 ","405,467.3 ","129,277.1 ",,"170,096.6 ",,"534,358.3 ",,,,,,
10-12.,"541,134.8 ","284,263.7 ","279,181.1 ","240,302.3 ","33,988.0 ","89,691.8 ","2,493.2 ","82,119.4 ","46,426.3 ",231.0 ,"1,921.4 ","52,018.9 ","50,097.5 ",,"6,624.8 ","12,546.5 ","5,921.8 ","547,759.6 ",,"539,213.4 ","410,436.6 ","128,776.7 ",,"170,106.0 ",,"538,410.5 ",,,,,,
1997/ 1- 3.,"542,156.7 ","288,432.6 ","283,365.1 ","244,063.3 ","33,068.1 ","90,453.9 ",-620.8 ,"82,705.8 ","45,700.7 ",141.8 ,"2,274.6 ","55,132.9 ","52,858.3 ",,"7,218.3 ","13,365.6 ","6,147.3 ","549,375.0 ",,"539,882.1 ","411,333.8 ","128,548.3 ",,"169,222.7 ",,"542,635.6 ",,,,,,
4- 6.,"544,079.9 ","285,126.4 ","280,137.5 ","240,400.8 ","30,419.0 ","90,647.4 ","2,591.2 ","83,289.7 ","46,296.1 ",98.8 ,"5,611.1 ","56,890.4 ","51,279.3 ",,"7,386.7 ","13,441.6 ","6,054.9 ","551,466.5 ",,"538,468.7 ","408,784.1 ","129,684.6 ",,"167,362.5 ",,"541,389.9 ",,,,,,
7- 9.,"544,024.6 ","285,599.9 ","280,669.4 ","240,554.3 ","28,376.5 ","90,792.0 ","4,693.3 ","82,943.3 ","46,399.4 ",138.3 ,"5,082.0 ","55,287.4 ","50,205.4 ",,"6,440.0 ","12,660.8 ","6,220.7 ","550,464.7 ",,"538,942.6 ","409,461.6 ","129,481.0 ",,"165,567.8 ",,"539,193.1 ",,,,,,
10-12.,"544,965.8 ","284,765.5 ","279,742.3 ","239,289.1 ","27,020.6 ","92,824.3 ","3,920.1 ","83,676.5 ","43,977.2 ",406.5 ,"8,375.1 ","58,428.4 ","50,053.2 ",,"7,604.0 ","14,354.2 ","6,750.2 ","552,569.8 ",,"536,590.7 ","408,530.5 ","128,060.2 ",,"163,822.1 ",,"540,639.2 ",,,,,,
1998/ 1- 3.,"537,984.2 ","283,960.5 ","278,699.2 ","237,852.4 ","26,189.8 ","91,037.9 ","3,306.6 ","83,618.1 ","41,284.0 ",234.6 ,"8,352.8 ","56,882.3 ","48,529.5 ",,"7,190.5 ","13,534.3 ","6,343.8 ","545,174.7 ",,"529,631.5 ","404,494.8 ","125,136.6 ",,"158,511.7 ",,"534,443.0 ",,,,,,
4- 6.,"534,816.0 ","283,425.7 ","277,895.4 ","236,884.4 ","25,537.5 ","89,916.1 ","1,712.6 ","83,445.7 ","40,731.0 ",135.1 ,"9,912.3 ","56,686.2 ","46,773.9 ",,"6,079.1 ","12,669.4 ","6,590.3 ","540,895.1 ",,"524,903.7 ","400,591.8 ","124,311.8 ",,"156,184.6 ",,"532,968.3 ",,,,,,
7- 9.,"533,899.7 ","284,811.2 ","279,064.7 ","237,753.2 ","24,909.9 ","89,028.5 ",-473.1 ,"83,649.7 ","42,429.4 ",-67.6 ,"9,611.7 ","57,148.5 ","47,536.8 ",,"6,870.9 ","12,775.4 ","5,904.5 ","540,770.6 ",,"524,288.0 ","398,276.5 ","126,011.5 ",,"156,367.8 ",,"534,440.4 ",,,,,,
10-12.,"539,288.6 ","285,492.4 ","279,601.1 ","238,193.6 ","24,211.4 ","86,017.3 ","2,430.8 ","85,439.3 ","46,466.6 ",-544.3 ,"9,775.1 ","52,150.2 ","42,375.0 ",,"6,235.6 ","10,889.7 ","4,654.1 ","545,524.2 ",,"529,513.5 ","398,151.9 ","131,361.6 ",,"156,695.2 ",,"537,402.1 ",,,,,,
1999/ 1- 3.,"529,063.3 ","285,181.1 ","279,225.6 ","237,663.9 ","23,854.4 ","83,194.4 ","-3,543.9 ","85,294.5 ","46,345.7 ",-75.8 ,"8,812.8 ","50,677.6 ","41,864.8 ",,"5,535.8 ","10,590.2 ","5,054.4 ","534,599.0 ",,"520,250.5 ","388,686.1 ","131,564.4 ",,"153,394.6 ",,"532,683.0 ",,,,,,
4- 6.,"529,019.1 ","285,054.0 ","278,952.2 ","237,196.9 ","25,398.0 ","83,338.5 ","-3,852.9 ","85,849.0 ","45,352.2 ",-5.3 ,"7,885.6 ","51,698.6 ","43,812.9 ",,"6,684.0 ","10,884.6 ","4,200.7 ","535,703.0 ",,"521,133.4 ","389,937.5 ","131,195.9 ",,"154,088.6 ",,"532,877.3 ",,,,,,
7- 9.,"528,593.4 ","286,729.8 ","280,453.3 ","238,452.8 ","25,682.1 ","82,693.4 ","-3,378.7 ","85,564.9 ","43,952.6 ",1.8 ,"7,347.4 ","52,189.4 ","44,841.9 ",,"6,774.8 ","10,639.6 ","3,864.8 ","535,368.2 ",,"521,245.9 ","391,726.7 ","129,519.3 ",,"152,328.1 ",,"531,970.2 ",,,,,,
10-12.,"527,862.6 ","286,608.4 ","280,371.7 ","238,151.1 ","24,526.2 ","83,358.3 ","-3,515.4 ","85,918.0 ","43,678.7 ",-337.2 ,"7,625.6 ","52,769.6 ","45,144.0 ",,"7,072.6 ","10,815.6 ","3,743.0 ","534,935.2 ",,"520,237.1 ","390,977.6 ","129,259.5 ",,"151,563.2 ",,"531,715.2 ",,,,,,
2000/ 1- 3.,"535,133.8 ","287,787.7 ","281,824.8 ","239,378.4 ","24,882.6 ","86,691.9 ","-1,606.9 ","87,357.6 ","41,479.4 ",152.0 ,"8,389.7 ","54,638.6 ","46,248.9 ",,"6,766.7 ","11,220.5 ","4,453.8 ","541,900.6 ",,"526,744.2 ","397,755.2 ","128,989.0 ",,"153,053.8 ",,"536,588.8 ",,,,,,
4- 6.,"535,358.7 ","286,349.0 ","280,744.5 ","238,064.2 ","25,384.2 ","84,798.8 ","1,202.1 ","88,273.7 ","41,061.0 ",39.3 ,"8,250.5 ","55,494.1 ","47,243.6 ",,"8,178.2 ","12,027.0 ","3,848.8 ","543,536.8 ",,"527,108.1 ","397,734.1 ","129,374.0 ",,"151,244.0 ",,"534,117.3 ",,,,,,
7- 9.,"534,440.1 ","286,344.7 ","280,996.7 ","238,125.3 ","24,993.3 ","87,439.4 ","-1,154.2 ","89,286.3 ","40,310.0 ",-35.2 ,"7,255.9 ","56,544.4 ","49,288.4 ",,"8,126.3 ","12,105.6 ","3,979.2 ","542,566.4 ",,"527,184.1 ","397,623.1 ","129,561.1 ",,"152,742.6 ",,"535,629.5 ",,,,,,
10-12.,"537,843.4 ","288,795.0 ","283,491.3 ","240,379.6 ","25,376.4 ","89,570.0 ",160.6 ,"89,542.7 ","38,835.9 ",-68.4 ,"5,631.4 ","57,597.1 ","51,965.7 ",,"8,081.7 ","12,471.0 ","4,389.3 ","545,925.1 ",,"532,212.0 ","403,901.8 ","128,310.2 ",,"153,782.2 ",,"537,751.2 ",,,,,,
2001/ 1- 3.,"542,552.7 ","290,567.4 ","285,108.0 ","241,876.9 ","25,325.3 ","89,305.8 ","1,979.7 ","91,120.6 ","40,559.6 ",24.4 ,"3,669.8 ","56,140.3 ","52,470.6 ",,"8,386.0 ","12,851.5 ","4,465.5 ","550,938.7 ",,"538,882.9 ","407,178.2 ","131,704.6 ",,"155,190.8 ",,"540,548.5 ",,,,,,
4- 6.,"534,253.7 ","290,638.4 ","284,971.7 ","241,414.6 ","23,880.4 ","86,292.0 ","2,236.0 ","91,173.3 ","38,104.1 ",-174.5 ,"2,104.0 ","53,952.3 ","51,848.4 ",,"8,151.3 ","12,379.0 ","4,227.7 ","542,405.0 ",,"532,149.7 ","403,046.8 ","129,102.9 ",,"148,276.5 ",,"532,192.2 ",,,,,,
7- 9.,"527,026.0 ","289,490.4 ","283,704.9 ","239,947.2 ","23,568.4 ","84,252.2 ","-2,097.9 ","91,675.4 ","37,782.4 ",-211.0 ,"2,566.1 ","52,388.7 ","49,822.6 ",,"8,026.8 ","12,023.7 ","3,996.9 ","535,052.8 ",,"524,459.9 ","395,213.1 ","129,246.8 ",,"145,603.0 ",,"529,334.9 ",,,,,,
10-12.,"523,926.1 ","287,345.0 ","281,561.5 ","237,607.7 ","23,601.7 ","80,422.9 ",-996.2 ,"92,347.0 ","36,748.0 ",-30.7 ,"4,488.2 ","51,978.9 ","47,490.7 ",,"8,479.1 ","11,973.4 ","3,494.3 ","532,405.2 ",,"519,437.9 ","390,373.5 ","129,064.4 ",,"140,772.6 ",,"524,952.9 ",,,,,,
2002/ 1- 3.,"525,460.8 ","288,371.7 ","282,717.4 ","238,630.9 ","23,313.6 ","79,517.7 ","-3,282.2 ","94,541.0 ","37,082.5 ",-91.3 ,"6,007.9 ","54,787.4 ","48,779.4 ",,"8,284.8 ","11,461.4 ","3,176.7 ","533,745.6 ",,"519,452.9 ","387,920.8 ","131,532.1 ",,"139,913.7 ",,"528,834.4 ",,,,,,
4- 6.,"524,239.7 ","289,689.3 ","284,235.3 ","240,124.3 ","23,274.3 ","77,841.0 ","-2,482.1 ","92,491.1 ","35,923.9 ",-25.9 ,"7,528.2 ","57,277.4 ","49,749.2 ",,"7,454.2 ","10,780.2 ","3,326.0 ","531,693.9 ",,"516,711.5 ","388,322.4 ","128,389.1 ",,"137,039.2 ",,"526,747.7 ",,,,,,
7- 9.,"524,193.6 ","289,352.9 ","284,043.5 ","239,795.5 ","23,236.9 ","78,635.4 ","-1,520.5 ","93,021.2 ","35,675.2 ",-50.0 ,"5,842.5 ","55,945.3 ","50,102.8 ",,"7,593.8 ","11,061.1 ","3,467.4 ","531,787.4 ",,"518,351.1 ","389,704.7 ","128,646.4 ",,"137,547.4 ",,"525,764.0 ",,,,,,
10-12.,"524,421.6 ","287,914.9 ","282,600.5 ","238,232.5 ","22,893.2 ","78,430.7 ",318.7 ,"92,770.1 ","35,100.4 ",-156.8 ,"7,150.3 ","59,593.2 ","52,442.9 ",,"7,208.2 ","10,583.7 ","3,375.5 ","531,629.8 ",,"517,271.4 ","389,557.6 ","127,713.7 ",,"136,424.4 ",,"524,259.7 ",,,,,,
2003/ 1- 3.,"521,369.3 ","288,503.0 ","283,033.2 ","238,519.7 ","22,769.0 ","78,088.4 ",-353.0 ,"92,642.3 ","33,995.4 ",-67.7 ,"5,791.9 ","58,667.5 ","52,875.6 ",,"7,801.4 ","10,985.5 ","3,184.1 ","529,170.7 ",,"515,577.4 ","389,007.4 ","126,570.0 ",,"134,852.8 ",,"521,790.0 ",,,,,,
4- 6.,"524,525.4 ","286,806.3 ","281,148.5 ","236,446.0 ","22,839.8 ","78,712.7 ",-783.9 ,"94,409.0 ","33,996.7 ",71.2 ,"8,473.7 ","58,913.1 ","50,439.4 ",,"8,031.9 ","10,999.9 ","2,968.0 ","532,557.4 ",,"516,051.8 ","387,574.9 ","128,476.9 ",,"135,549.2 ",,"525,238.2 ",,,,,,
7- 9.,"524,374.1 ","286,285.7 ","280,508.4 ","235,609.9 ","23,402.5 ","77,186.4 ","1,673.2 ","93,875.5 ","33,107.2 ",-86.0 ,"8,929.5 ","60,544.8 ","51,615.3 ",,"9,531.1 ","12,391.6 ","2,860.5 ","533,905.2 ",,"515,444.5 ","388,547.8 ","126,896.7 ",,"133,696.2 ",,"522,786.9 ",,,,,,
10-12.,"526,400.2 ","289,338.1 ","283,522.7 ","238,511.7 ","23,006.7 ","79,970.6 ",-879.3 ,"92,644.3 ","32,322.3 ",-315.8 ,"10,313.5 ","61,940.3 ","51,626.8 ",,"8,474.1 ","11,201.9 ","2,727.8 ","534,874.3 ",,"516,086.8 ","391,436.0 ","124,650.8 ",,"135,299.5 ",,"527,595.3 ",,,,,,
2004/ 1- 3.,"529,372.9 ","289,357.5 ","283,591.0 ","238,278.6 ","23,334.7 ","79,463.7 ","2,771.0 ","93,253.2 ","30,910.7 ",-326.4 ,"10,608.5 ","64,865.4 ","54,256.8 ",,"9,488.0 ","12,196.9 ","2,708.9 ","538,861.0 ",,"518,764.4 ","394,927.0 ","123,837.4 ",,"133,709.1 ",,"526,928.3 ",,,,,,
4- 6.,"527,644.6 ","289,030.5 ","283,336.2 ","237,819.3 ","23,767.2 ","79,091.3 ",768.3 ,"93,501.3 ","30,708.5 ",97.4 ,"10,680.1 ","67,343.5 ","56,663.4 ",,"10,201.8 ","13,111.8 ","2,910.0 ","537,846.4 ",,"516,964.5 ","392,657.2 ","124,307.2 ",,"133,567.0 ",,"526,778.9 ",,,,,,
7- 9.,"530,486.4 ","290,769.8 ","285,110.7 ","239,402.9 ","23,866.9 ","79,950.4 ","1,875.5 ","93,854.7 ","30,198.6 ",88.9 ,"9,881.6 ","68,715.5 ","58,833.9 ",,"10,478.2 ","13,615.1 ","3,136.8 ","540,964.6 ",,"520,604.8 ","396,462.6 ","124,142.2 ",,"134,016.0 ",,"528,522.0 ",,,,,,
10-12.,"529,913.7 ","289,436.4 ","283,761.7 ","237,836.5 ","23,905.7 ","81,412.0 ","1,504.1 ","94,387.0 ","29,920.8 ",186.8 ,"9,160.9 ","69,573.1 ","60,412.2 ",,"10,923.1 ","14,238.0 ","3,314.8 ","540,836.8 ",,"520,752.8 ","396,258.1 ","124,494.7 ",,"135,238.4 ",,"528,222.8 ",,,,,,
2005/ 1- 3.,"529,917.7 ","290,127.3 ","284,397.8 ","238,263.0 ","23,518.3 ","83,434.1 ","1,337.1 ","94,139.6 ","29,289.6 ",160.8 ,"7,910.9 ","68,319.2 ","60,408.3 ",,"10,423.9 ","14,358.2 ","3,934.3 ","540,341.7 ",,"522,006.8 ","398,416.8 ","123,590.0 ",,"136,242.0 ",,"528,419.8 ",,,,,,
4- 6.,"531,327.5 ","290,969.9 ","285,162.8 ","238,817.3 ","23,396.6 ","86,358.1 ","1,110.6 ","94,414.3 ","27,513.9 ",-2.5 ,"7,566.7 ","71,546.3 ","63,979.6 ",,"11,660.7 ","15,806.2 ","4,145.5 ","542,988.2 ",,"523,760.8 ","401,835.1 ","121,925.7 ",,"137,268.6 ",,"530,219.4 ",,,,,,
7- 9.,"534,598.6 ","293,069.3 ","287,196.4 ","240,619.7 ","23,868.6 ","88,052.3 ",713.8 ,"94,459.1 ","28,069.1 ",24.6 ,"6,341.8 ","74,497.5 ","68,155.7 ",,"12,356.8 ","16,545.2 ","4,188.3 ","546,955.5 ",,"528,256.8 ","405,704.0 ","122,552.8 ",,"139,990.1 ",,"533,860.3 ",,,,,,
10-12.,"534,734.0 ","293,216.5 ","287,301.6 ","240,432.7 ","24,208.7 ","86,856.2 ",111.2 ,"94,744.4 ","27,565.8 ",39.0 ,"7,992.3 ","79,575.8 ","71,583.5 ",,"13,262.8 ","18,002.3 ","4,739.5 ","547,996.8 ",,"526,741.7 ","404,392.5 ","122,349.2 ",,"138,630.7 ",,"534,583.8 ",,,,,,
2006/ 1- 3.,"534,544.9 ","295,062.9 ","289,133.9 ","242,086.0 ","24,039.8 ","86,659.1 ",-203.7 ,"94,268.9 ","28,466.9 ",27.6 ,"6,223.3 ","81,084.7 ","74,861.5 ",,"14,010.9 ","19,170.8 ","5,159.9 ","548,555.8 ",,"528,321.6 ","405,558.2 ","122,763.4 ",,"139,165.8 ",,"534,721.0 ",,,,,,
4- 6.,"533,998.1 ","294,203.4 ","288,234.6 ","240,992.6 ","24,102.7 ","88,077.4 ",-220.4 ,"94,285.7 ","27,407.6 ",-38.6 ,"6,180.3 ","81,997.7 ","75,817.4 ",,"13,879.2 ","19,413.4 ","5,534.2 ","547,877.3 ",,"527,817.7 ","406,163.0 ","121,654.7 ",,"139,587.6 ",,"534,257.1 ",,,,,,
7- 9.,"532,261.0 ","292,478.2 ","286,459.6 ","239,089.1 ","24,268.5 ","88,166.5 ",605.4 ,"94,094.6 ","26,049.3 ",23.4 ,"6,575.0 ","84,987.0 ","78,412.1 ",,"14,500.2 ","20,181.2 ","5,681.0 ","546,761.2 ",,"525,686.0 ","405,518.7 ","120,167.3 ",,"138,484.4 ",,"531,632.1 ",,,,,,
10-12.,"539,891.2 ","296,202.9 ","290,182.2 ","242,630.0 ","24,323.3 ","89,801.8 ",675.2 ,"93,938.1 ","26,415.8 ",-32.2 ,"8,566.2 ","86,830.3 ","78,264.0 ",,"15,328.0 ","21,638.3 ","6,310.3 ","555,219.2 ",,"531,324.9 ","411,003.3 ","120,321.7 ",,"140,540.9 ",,"539,248.1 ",,,,,,
2007/ 1- 3.,"541,962.1 ","295,625.2 ","289,650.4 ","241,861.4 ","24,123.1 ","89,957.2 ","2,397.4 ","94,045.3 ","26,350.3 ",-55.7 ,"9,519.2 ","89,872.8 ","80,353.6 ",,"16,363.6 ","23,077.0 ","6,713.4 ","558,325.7 ",,"532,442.9 ","412,102.9 ","120,340.0 ",,"140,430.7 ",,"539,620.4 ",,,,,,
4- 6.,"542,060.4 ","297,212.0 ","291,287.5 ","243,311.2 ","23,846.4 ","89,122.7 ","1,040.9 ","95,366.2 ","25,803.9 ",137.9 ,"9,530.3 ","93,326.2 ","83,795.9 ",,"17,109.7 ","23,374.7 ","6,265.0 ","559,170.0 ",,"532,530.1 ","411,222.1 ","121,308.0 ",,"138,773.0 ",,"540,881.5 ",,,,,,
7- 9.,"536,493.6 ","294,207.2 ","288,319.1 ","240,132.9 ","21,918.1 ","87,921.7 ","1,402.8 ","94,810.1 ","25,503.8 ",42.8 ,"10,687.2 ","94,290.2 ","83,603.0 ",,"15,352.5 ","23,395.1 ","8,042.6 ","551,846.1 ",,"525,806.3 ","405,449.7 ","120,356.6 ",,"135,343.5 ",,"535,048.0 ",,,,,,
10-12.,"536,783.9 ","295,858.7 ","289,999.3 ","241,628.6 ","19,565.9 ","87,928.6 ","2,946.2 ","96,011.2 ","26,188.6 ",63.5 ,"8,221.3 ","95,452.0 ","87,230.7 ",,"17,169.4 ","24,275.9 ","7,106.6 ","553,953.3 ",,"528,562.7 ","406,299.4 ","122,263.3 ",,"133,683.1 ",,"533,774.3 ",,,,,,
2008/ 1- 3.,"537,630.5 ","298,127.6 ","292,286.8 ","243,676.5 ","20,306.2 ","88,863.6 ","1,650.3 ","96,011.1 ","25,731.6 ",170.8 ,"6,769.3 ","95,310.4 ","88,541.2 ",,"16,630.5 ","22,794.2 ","6,163.7 ","554,261.0 ",,"530,861.2 ","408,947.7 ","121,913.5 ",,"134,901.5 ",,"535,809.4 ",,,,,,
4- 6.,"533,627.7 ","294,946.7 ","289,145.0 ","240,372.7 ","21,451.0 ","87,913.4 ","4,700.9 ","95,009.2 ","25,117.4 ",-39.3 ,"4,528.4 ","95,323.6 ","90,795.3 ",,"13,147.4 ","19,175.1 ","6,027.7 ","546,775.0 ",,"529,099.3 ","409,012.0 ","120,087.3 ",,"134,481.8 ",,"528,966.0 ",,,,,,
7- 9.,"523,211.2 ","295,494.3 ","289,729.1 ","240,711.0 ","22,182.3 ","86,788.1 ",-862.2 ,"94,323.6 ","25,373.7 ",-87.7 ,-1.0 ,"98,323.8 ","98,324.8 ",,"13,997.9 ","19,587.1 ","5,589.2 ","537,209.2 ",,"523,212.2 ","403,602.6 ","119,609.6 ",,"134,344.2 ",,"524,161.1 ",,,,,,
10-12.,"516,887.0 ","288,481.4 ","282,717.9 ","233,681.2 ","21,830.7 ","83,141.2 ","6,704.5 ","95,321.8 ","25,079.4 ",100.2 ,"-3,772.2 ","75,728.2 ","79,500.4 ",,"12,487.7 ","17,740.0 ","5,252.3 ","529,374.7 ",,"520,659.2 ","400,157.8 ","120,501.4 ",,"130,051.3 ",,"510,082.4 ",,,,,,
2009/ 1- 3.,"492,259.6 ","284,225.5 ","278,435.5 ","229,373.5 ","19,735.2 ","77,027.2 ","-4,753.6 ","94,712.2 ","25,474.5 ",-59.1 ,"-4,102.2 ","53,481.4 ","57,583.6 ",,"11,625.4 ","16,106.8 ","4,481.4 ","503,885.1 ",,"496,361.8 ","376,234.2 ","120,127.6 ",,"122,236.8 ",,"497,072.3 ",,,,,,
4- 6.,"497,861.7 ","285,288.8 ","279,480.6 ","230,350.1 ","17,574.6 ","73,935.3 ","-4,479.5 ","95,395.0 ","26,982.5 ",23.2 ,"3,141.9 ","58,969.6 ","55,827.7 ",,"13,061.4 ","17,029.7 ","3,968.4 ","510,923.1 ",,"494,719.9 ","372,319.2 ","122,400.6 ",,"118,492.4 ",,"502,318.0 ",,,,,,
7- 9.,"493,597.9 ","285,298.8 ","279,485.1 ","230,315.9 ","16,224.2 ","71,460.5 ","-5,955.0 ","96,367.6 ","26,353.4 ",49.5 ,"3,798.9 ","64,695.8 ","60,896.9 ",,"12,446.5 ","16,301.6 ","3,855.1 ","506,044.4 ",,"489,799.0 ","367,028.4 ","122,770.5 ",,"114,038.1 ",,"499,503.4 ",,,,,,
10-12.,"496,481.6 ","285,928.9 ","280,089.2 ","230,888.6 ","15,682.6 ","70,659.6 ","-4,785.2 ","96,451.9 ","26,686.4 ",38.0 ,"5,819.5 ","68,658.6 ","62,839.1 ",,"12,379.2 ","15,954.8 ","3,575.6 ","508,860.8 ",,"490,662.1 ","367,485.8 ","123,176.3 ",,"113,028.5 ",,"501,228.9 ",,,,,,
2010/ 1- 3.,"501,533.7 ","286,514.2 ","280,626.6 ","231,401.2 ","16,556.7 ","71,250.3 ","-3,331.1 ","96,047.9 ","26,939.2 ",104.5 ,"7,452.1 ","73,258.0 ","65,805.9 ",,"13,349.5 ","17,293.7 ","3,944.1 ","514,883.2 ",,"494,081.6 ","370,990.0 ","123,091.6 ",,"114,746.1 ",,"504,760.3 ",,,,,,
4- 6.,"504,936.8 ","287,918.2 ","282,018.8 ","232,761.1 ","16,651.3 ","71,914.4 ","-1,248.2 ","97,298.6 ","25,503.3 ",-22.8 ,"6,921.9 ","76,417.2 ","69,495.2 ",,"13,015.0 ","17,269.4 ","4,254.5 ","517,951.7 ",,"498,014.8 ","375,235.7 ","122,779.1 ",,"114,069.0 ",,"506,207.7 ",,,,,,
7- 9.,"510,930.7 ","289,927.3 ","284,026.9 ","234,704.4 ","16,848.5 ","72,421.0 ","1,991.3 ","97,640.8 ","25,225.9 ",-132.8 ,"7,008.6 ","76,296.1 ","69,287.5 ",,"13,739.7 ","17,804.8 ","4,065.0 ","524,670.5 ",,"503,922.1 ","381,188.2 ","122,734.0 ",,"114,495.4 ",,"509,072.2 ",,,,,,
10-12.,"505,304.2 ","285,638.3 ","279,651.0 ","230,272.5 ","17,389.2 ","72,032.8 ","2,368.5 ","97,492.6 ","24,628.3 ",-47.8 ,"5,802.3 ","76,044.3 ","70,242.1 ",,"13,989.0 ","18,266.1 ","4,277.1 ","519,293.2 ",,"499,501.9 ","377,428.8 ","122,073.1 ",,"114,050.3 ",,"502,983.5 ",,,,,,
2011/ 1- 3.,"498,689.8 ","281,187.9 ","275,029.2 ","225,669.6 ","17,996.9 ","73,479.1 ","1,090.4 ","98,580.5 ","24,286.7 ",-23.6 ,"2,092.0 ","75,763.2 ","73,671.2 ",,"14,673.7 ","18,909.8 ","4,236.1 ","513,363.5 ",,"496,597.8 ","373,754.2 ","122,843.6 ",,"115,762.7 ",,"497,623.0 ",,,,,,
4- 6.,"490,672.6 ","282,556.3 ","276,205.5 ","226,984.0 ","17,664.2 ","71,930.4 ",686.4 ,"98,869.9 ","24,947.0 ",17.0 ,"-5,998.5 ","69,866.9 ","75,865.5 ",,"14,623.5 ","18,677.6 ","4,054.2 ","505,296.0 ",,"496,671.1 ","372,837.2 ","123,833.9 ",,"114,541.5 ",,"489,969.2 ",,,,,,
7- 9.,"501,084.3 ","286,512.1 ","280,004.3 ","230,741.4 ","18,402.9 ","73,820.3 ","1,460.2 ","99,126.0 ","24,287.3 ",84.1 ,"-2,608.6 ","76,122.8 ","78,731.4 ",,"14,560.6 ","18,631.3 ","4,070.7 ","515,644.9 ",,"503,692.8 ","380,195.5 ","123,497.3 ",,"116,510.5 ",,"499,540.0 ",,,,,,
10-12.,"500,247.5 ","288,337.6 ","281,716.5 ","232,423.0 ","18,051.0 ","76,614.2 ",705.8 ,"99,293.1 ","23,422.6 ",13.8 ,"-6,190.6 ","72,542.8 ","78,733.4 ",,"13,750.0 ","17,836.6 ","4,086.6 ","513,997.5 ",,"506,438.1 ","383,708.6 ","122,729.5 ",,"118,087.8 ",,"499,527.9 ",,,,,,
2012/ 1- 3.,"507,465.0 ","289,831.4 ","283,143.6 ","233,784.3 ","17,757.7 ","76,732.7 ","3,471.5 ","100,414.9 ","24,800.7 ",11.0 ,"-5,554.8 ","74,546.1 ","80,100.8 ",,"13,707.0 ","17,874.7 ","4,167.7 ","521,172.0 ",,"513,019.8 ","387,793.2 ","125,226.6 ",,"119,291.0 ",,"503,982.6 ",,,,,,
4- 6.,"500,178.1 ","289,080.8 ","282,303.6 ","232,897.8 ","18,130.9 ","76,477.0 ",317.3 ,"99,223.6 ","25,077.1 ",71.2 ,"-8,199.7 ","73,485.3 ","81,685.0 ",,"13,621.6 ","18,183.5 ","4,561.9 ","513,799.7 ",,"508,377.9 ","384,006.0 ","124,371.9 ",,"119,685.0 ",,"499,789.6 ",,,,,,
7- 9.,"497,580.9 ","286,851.4 ","279,964.6 ","230,544.4 ","18,415.3 ","75,583.8 ","1,193.5 ","99,813.8 ","24,514.1 ",85.5 ,"-8,876.5 ","71,024.5 ","79,901.1 ",,"13,969.5 ","17,994.2 ","4,024.6 ","511,550.5 ",,"506,457.5 ","382,044.0 ","124,413.5 ",,"118,513.2 ",,"496,301.9 ",,,,,,
10-12.,"497,230.0 ","288,936.4 ","282,000.1 ","232,521.4 ","18,914.5 ","75,476.3 ",-370.5 ,"100,313.5 ","24,081.4 ",16.5 ,"-10,138.0 ","69,537.6 ","79,675.6 ",,"14,217.2 ","18,834.6 ","4,617.4 ","511,447.3 ",,"507,368.0 ","382,956.7 ","124,411.4 ",,"118,472.2 ",,"497,584.0 ",,,,,,
2013/ 1- 3.,"502,947.1 ","293,135.6 ","286,212.9 ","236,679.4 ","19,217.7 ","75,640.6 ",193.8 ,"100,460.0 ","24,589.6 ",-102.9 ,"-10,187.3 ","76,320.7 ","86,508.0 ",,"15,529.1 ","20,572.9 ","5,043.8 ","518,476.2 ",,"513,134.4 ","388,187.7 ","124,946.7 ",,"119,447.9 ",,"502,856.2 ",,,,,,
4- 6.,"507,554.4 ","295,021.5 ","288,062.8 ","238,482.2 ","19,552.6 ","78,404.2 ","-2,283.8 ","101,139.9 ","25,584.1 ",57.9 ,"-9,921.9 ","80,899.4 ","90,821.3 ",,"19,233.4 ","25,051.5 ","5,818.1 ","526,787.8 ",,"517,476.3 ","390,694.5 ","126,781.8 ",,"123,540.9 ",,"509,780.3 ",,,,,,
7- 9.,"512,890.0 ","297,220.3 ","290,203.1 ","240,567.1 ","20,442.3 ","79,740.7 ",-705.4 ,"101,340.0 ","27,102.9 ",-58.1 ,"-12,192.8 ","82,081.3 ","94,274.1 ",,"17,438.3 ","24,060.2 ","6,621.9 ","530,328.3 ",,"525,082.8 ","396,698.0 ","128,384.8 ",,"127,285.9 ",,"513,653.5 ",,,,,,
10-12.,"512,474.8 ","298,080.5 ","291,127.8 ","241,486.6 ","21,355.7 ","80,602.7 ",100.6 ,"101,196.0 ","27,685.1 ",94.6 ,"-16,640.4 ","81,745.5 ","98,385.9 ",,"17,688.1 ","23,937.4 ","6,249.3 ","530,162.9 ",,"529,115.2 ","400,139.5 ","128,975.7 ",,"129,643.6 ",,"512,279.7 ",,,,,,
2014/ 1- 3.,"516,608.0 ","304,589.2 ","297,826.6 ","248,192.9 ","21,682.6 ","82,805.8 ","-2,614.5 ","102,076.1 ","27,269.1 ",111.5 ,"-19,311.9 ","86,689.7 ","106,001.6 ",,"17,665.9 ","24,898.1 ","7,232.2 ","534,273.8 ",,"535,919.9 ","406,463.2 ","129,456.7 ",,"131,757.5 ",,"519,111.0 ",,,,,,
4- 6.,"517,941.2 ","295,017.4 ","288,550.7 ","238,989.3 ","20,426.4 ","81,523.6 ","2,920.4 ","103,143.1 ","26,955.4 ",115.7 ,"-12,160.8 ","87,807.9 ","99,968.7 ",,"17,872.9 ","25,471.6 ","7,598.7 ","535,814.1 ",,"530,102.0 ","399,887.9 ","130,214.2 ",,"128,905.5 ",,"514,905.2 ",,,,,,
7- 9.,"518,261.7 ","297,839.3 ","291,611.6 ","242,095.3 ","19,369.0 ","82,304.0 ",-365.7 ,"104,005.6 ","27,782.2 ",194.6 ,"-12,867.2 ","90,911.6 ","103,778.8 ",,"19,770.5 ","27,574.6 ","7,804.1 ","538,032.2 ",,"531,128.9 ","399,146.5 ","131,982.4 ",,"129,455.2 ",,"518,432.8 ",,,,,,
10-12.,"522,095.0 ","298,086.3 ","291,844.7 ","242,378.1 ","19,403.3 ","83,113.2 ","-1,356.1 ","104,372.8 ","27,783.0 ",21.3 ,"-9,328.8 ","95,771.5 ","105,100.3 ",,"22,334.5 ","30,718.8 ","8,384.3 ","544,429.5 ",,"531,423.8 ","399,246.7 ","132,177.1 ",,"130,299.5 ",,"523,429.8 ",,,,,,
2015/ 1- 3.,"534,727.3 ","299,214.7 ","292,710.8 ","243,295.3 ","19,960.7 ","87,445.5 ",-156.7 ,"105,099.3 ","26,757.9 ",89.5 ,"-3,683.5 ","95,211.3 ","98,894.8 ",,"20,150.2 ","28,541.1 ","8,390.9 ","554,877.5 ",,"538,410.8 ","406,464.2 ","131,946.6 ",,"134,164.1 ",,"534,794.5 ",,,,,,
4- 6.,"538,193.5 ","300,668.4 ","293,875.0 ","244,481.3 ","20,331.0 ","86,477.6 ","2,683.6 ","104,904.7 ","26,527.8 ",-50.2 ,"-3,349.4 ","93,536.1 ","96,885.5 ",,"21,416.3 ","29,935.4 ","8,519.1 ","559,609.7 ",,"541,542.9 ","410,160.6 ","131,382.3 ",,"133,336.4 ",,"535,560.1 ",,,,,,
7- 9.,"539,902.0 ","301,536.4 ","294,553.5 ","245,203.5 ","20,491.9 ","87,811.9 ",756.7 ,"105,507.3 ","26,552.4 ",-68.5 ,"-2,686.2 ","95,566.0 ","98,252.2 ",,"21,094.0 ","30,266.0 ","9,172.0 ","560,996.0 ",,"542,588.1 ","410,597.0 ","131,991.2 ",,"134,856.3 ",,"539,213.8 ",,,,,,
10-12.,"539,306.2 ","298,961.4 ","291,848.6 ","242,543.0 ","20,427.9 ","87,307.5 ",954.7 ,"106,732.4 ","27,080.4 ",-42.5 ,"-2,115.6 ","90,902.4 ","93,018.0 ",,"22,003.7 ","31,431.7 ","9,428.1 ","561,309.9 ",,"541,421.7 ","407,651.5 ","133,770.3 ",,"134,815.8 ",,"538,394.0 ",,,,,,
2016/ 1- 3.,"545,302.5 ","298,038.0 ","290,857.0 ","241,624.9 ","20,353.4 ","86,359.9 ","1,213.8 ","108,012.1 ","27,774.8 ",-43.9 ,"3,594.4 ","87,959.2 ","84,364.8 ",,"20,148.1 ","29,333.2 ","9,185.1 ","565,450.6 ",,"541,708.1 ","405,965.1 ","135,743.0 ",,"134,488.1 ",,"544,132.6 ",,,,,,
4- 6.,"543,366.4 ","296,586.9 ","289,311.2 ","240,150.3 ","20,877.9 ","86,243.0 ","2,592.2 ","106,410.3 ","26,814.2 ",-187.3 ,"4,029.0 ","85,585.0 ","81,555.9 ",,"18,952.2 ","28,680.0 ","9,727.7 ","562,318.6 ",,"539,337.3 ","406,300.1 ","133,037.2 ",,"133,935.2 ",,"540,961.5 ",,,,,,
7- 9.,"543,580.2 ","297,343.7 ","289,950.9 ","240,882.2 ","21,225.9 ","86,407.3 ",134.7 ,"106,778.8 ","26,924.0 ",-282.6 ,"5,048.4 ","85,858.1 ","80,809.7 ",,"18,241.3 ","28,274.2 ","10,032.8 ","561,821.6 ",,"538,531.8 ","405,111.6 ","133,420.3 ",,"134,557.2 ",,"543,728.1 ",,,,,,
10-12.,"544,543.0 ","298,856.2 ","291,403.4 ","242,396.2 ","21,458.6 ","87,291.6 ","-1,473.6 ","106,910.0 ","27,079.3 ",-309.4 ,"4,730.3 ","89,829.3 ","85,099.0 ",,"18,474.1 ","28,536.3 ","10,062.2 ","563,017.1 ",,"539,812.6 ","406,132.8 ","133,679.9 ",,"135,829.5 ",,"546,326.0 ",,,,,,
2017/ 1- 3.,"547,710.4 ","300,663.9 ","293,216.6 ","244,254.3 ","21,445.1 ","87,949.1 ",-592.3 ,"107,150.5 ","27,553.8 ",-328.2 ,"3,868.4 ","95,479.4 ","91,611.0 ",,"20,820.1 ","31,266.5 ","10,446.4 ","568,530.4 ",,"543,841.9 ","409,465.8 ","134,376.1 ",,"136,948.1 ",,"548,630.9 ",,,,,,
4- 6.,"550,561.9 ","302,456.6 ","294,965.8 ","246,059.9 ","21,693.7 ","88,833.1 ",-64.6 ,"107,053.6 ","27,853.7 ",121.7 ,"2,614.1 ","94,756.2 ","92,142.1 ",,"19,676.1 ","30,340.3 ","10,664.3 ","570,238.0 ",,"547,947.8 ","412,918.8 ","135,029.0 ",,"138,380.4 ",,"550,504.8 ",,,,,,
7- 9.,"557,116.2 ","301,727.0 ","294,159.8 ","245,288.2 ","21,656.7 ","89,730.8 ","2,225.6 ","107,602.6 ","27,476.8 ",91.5 ,"6,605.2 ","98,505.6 ","91,900.4 ",,"21,098.7 ","31,514.5 ","10,415.8 ","578,214.9 ",,"550,511.0 ","415,340.0 ","135,171.0 ",,"138,864.2 ",,"554,799.1 ",,,,,,
10-12.,"556,799.0 ","303,417.2 ","295,923.6 ","247,098.1 ","21,054.5 ","90,460.1 ","3,111.6 ","107,624.0 ","27,601.8 ",102.6 ,"3,427.1 ","100,106.7 ","96,679.6 ",,"20,497.4 ","31,578.8 ","11,081.4 ","577,296.4 ",,"553,371.8 ","418,043.4 ","135,328.4 ",,"139,116.4 ",,"553,584.8 ",,,,,,
2018/ 1- 3.,"558,448.7 ","304,580.2 ","297,312.9 ","248,537.8 ","20,622.1 ","91,441.2 ","1,437.4 ","108,734.8 ","27,969.0 ",56.1 ,"3,607.9 ","101,501.4 ","97,893.5 ",,"19,978.8 ","32,037.1 ","12,058.4 ","578,427.5 ",,"554,840.8 ","418,080.9 ","136,759.9 ",,"140,032.4 ",,"556,955.3 ",,,,,,
4- 6.,"558,877.6 ","304,177.5 ","297,249.6 ","248,517.4 ","20,132.1 ","93,213.6 ","1,764.3 ","108,914.1 ","28,525.7 ",-30.9 ,"2,181.2 ","102,156.5 ","99,975.3 ",,"21,651.7 ","33,560.2 ","11,908.5 ","580,529.4 ",,"556,696.4 ","419,287.6 ","137,408.9 ",,"141,871.4 ",,"557,144.2 ",,,,,,
7- 9.,"555,387.1 ","305,609.4 ","298,959.7 ","250,250.2 ","20,269.5 ","90,661.8 ","1,975.1 ","108,761.5 ","28,401.5 ",-9.9 ,-281.8 ,"102,297.2 ","102,578.9 ",,"21,565.4 ","33,611.8 ","12,046.4 ","576,952.6 ",,"555,668.9 ","418,515.8 ","137,153.1 ",,"139,332.8 ",,"553,421.9 ",,,,,,
10-12.,"553,492.9 ","304,904.5 ","298,261.0 ","249,605.1 ","20,590.4 ","92,801.4 ","3,309.1 ","109,040.3 ","28,062.8 ",-72.6 ,"-5,143.1 ","101,561.3 ","106,704.4 ",,"22,136.4 ","34,616.5 ","12,480.1 ","575,629.3 ",,"558,635.9 ","421,605.4 ","137,030.5 ",,"141,454.6 ",,"550,256.3 ",,,,,,
2019/ 1- 3.,"558,790.7 ","304,543.1 ","297,634.7 ","248,998.8 ","21,162.1 ","92,828.8 ","1,580.5 ","109,737.8 ","28,706.0 ",-160.3 ,392.7 ,"98,940.3 ","98,547.6 ",,"21,652.4 ","33,765.7 ","12,113.3 ","580,443.1 ",,"558,398.0 ","420,114.5 ","138,283.4 ",,"142,696.8 ",,"557,370.5 ",,,,,,
4- 6.,"560,867.9 ","305,507.4 ","298,376.2 ","249,768.0 ","21,539.0 ","92,458.9 ","3,267.7 ","111,119.4 ","29,300.1 ",-18.7 ,"-2,305.9 ","98,064.2 ","100,370.1 ",,"22,087.6 ","34,575.2 ","12,487.6 ","582,955.5 ",,"563,173.8 ","422,773.0 ","140,400.8 ",,"143,298.0 ",,"557,618.9 ",,,,,,
7- 9.,"561,505.7 ","308,252.9 ","301,006.5 ","252,421.4 ","21,716.3 ","94,196.4 ",-44.5 ,"111,322.9 ","29,193.1 ",-34.0 ,"-3,097.4 ","97,214.9 ","100,312.3 ",,"22,393.0 ","35,289.7 ","12,896.7 ","583,898.6 ",,"564,603.0 ","424,121.1 ","140,482.0 ",,"145,105.8 ",,"561,584.2 ",,,,,,
10-12.,"550,225.3 ","299,243.4 ","291,777.4 ","243,183.5 ","21,649.8 ","87,886.0 ","1,007.4 ","112,658.3 ","29,401.9 ",14.7 ,"-1,636.1 ","95,437.5 ","97,073.6 ",,"21,185.0 ","33,912.7 ","12,727.7 ","571,410.4 ",,"551,861.4 ","409,786.6 ","142,074.8 ",,"138,937.7 ",,"549,203.3 ",,,,,,
2020/ 1- 3.,"554,403.6 ","302,718.3 ","294,931.1 ","246,355.2 ","20,734.8 ","91,633.8 ",-788.2 ,"112,100.1 ","29,323.2 ",13.0 ,"-1,331.4 ","92,276.6 ","93,608.0 ",,"21,999.9 ","33,637.5 ","11,637.5 ","576,403.5 ",,"555,735.0 ","414,298.7 ","141,436.2 ",,"141,691.7 ",,"555,178.8 ",,,,,,
4- 6.,"513,819.8 ","277,178.3 ","268,941.1 ","220,370.5 ","20,513.2 ","84,559.8 ",-80.2 ,"112,040.3 ","31,043.1 ",-100.7 ,"-11,334.1 ","72,725.2 ","84,059.3 ",,"17,957.4 ","28,698.5 ","10,741.1 ","531,777.3 ",,"525,153.9 ","382,171.2 ","142,982.7 ",,"136,116.1 ",,"514,000.7 ",,,,,,
7- 9.,"540,410.8 ","291,462.4 ","282,813.5 ","234,266.6 ","19,573.7 ","84,587.6 ","-1,771.9 ","113,997.1 ","30,749.0 ",-10.9 ,"1,823.8 ","81,396.7 ","79,572.8 ",,"18,809.3 ","29,449.4 ","10,640.1 ","559,220.1 ",,"538,587.0 ","393,851.8 ","144,735.2 ",,"134,910.3 ",,"542,193.6 ",,,,,,
10-12.,"549,134.4 ","295,591.8 ","286,864.8 ","238,337.3 ","19,523.2 ","86,257.6 ","-2,087.9 ","114,561.8 ","30,796.6 ",-179.1 ,"4,670.4 ","88,358.4 ","83,688.0 ",,"20,033.2 ","29,798.6 ","9,765.4 ","569,167.6 ",,"544,464.0 ","399,284.7 ","145,179.3 ",,"136,577.4 ",,"551,401.4 ",,,,,,
2021/ 1- 3.,"550,828.8 ","292,981.4 ","284,513.1 ","235,974.9 ","20,118.5 ","88,029.2 ","1,569.7 ","114,607.2 ","30,729.5 ",-113.7 ,"2,907.0 ","95,086.6 ","92,179.6 ",,"22,338.8 ","33,198.6 ","10,859.8 ","573,167.6 ",,"547,921.8 ","402,698.8 ","145,223.0 ",,"138,877.1 ",,"549,372.8 ",,,,,,
4- 6.,"553,868.1 ","295,253.0 ","287,075.3 ","238,535.3 ","20,901.8 ","90,749.8 ",800.8 ,"117,949.2 ","30,257.7 ",-20.4 ,"-2,023.8 ","99,671.8 ","101,695.5 ",,"27,607.7 ","39,204.5 ","11,596.8 ","581,475.8 ",,"555,891.9 ","407,705.4 ","148,186.5 ",,"141,909.3 ",,"553,087.7 ",,,,,,
7- 9.,"551,661.1 ","292,602.2 ","284,577.9 ","236,050.6 ","21,431.1 ","90,024.6 ","2,033.4 ","119,406.0 ","30,266.0 ",-60.5 ,"-4,041.8 ","101,326.1 ","105,367.9 ",,"27,267.9 ","38,999.0 ","11,731.1 ","578,929.0 ",,"555,702.9 ","406,091.3 ","149,611.6 ",,"141,721.8 ",,"549,688.2 ",,,,,,
10-12.,"556,798.9 ","301,770.8 ","293,834.4 ","245,351.4 ","21,806.7 ","91,285.5 ","2,243.0 ","117,991.7 ","30,080.6 ",8.3 ,"-8,387.8 ","104,056.5 ","112,444.3 ",,"28,710.3 ","41,695.5 ","12,985.2 ","585,509.2 ",,"565,186.7 ","417,106.1 ","148,080.7 ",,"143,172.9 ",,"554,547.6 ",,,,,,
2022/ 1- 3.,"557,348.5 ","302,356.4 ","294,446.4 ","245,970.8 ","21,964.3 ","93,090.9 ","3,453.0 ","119,556.3 ","28,930.2 ",24.2 ,"-12,026.9 ","110,482.5 ","122,509.4 ",,"32,624.0 ","45,843.1 ","13,219.1 ","589,972.4 ",,"569,375.3 ","420,864.6 ","148,510.7 ",,"143,985.4 ",,"553,871.3 ",,,,,,
4- 6.,"560,178.8 ","311,058.0 ","303,238.8 ","254,781.5 ","21,760.7 ","95,708.7 ","2,835.0 ","119,497.4 ","28,487.2 ",38.7 ,"-19,206.8 ","119,305.4 ","138,512.2 ",,"31,783.7 ","46,260.2 ","14,476.5 ","591,962.5 ",,"579,385.7 ","431,362.4 ","148,023.2 ",,"145,956.6 ",,"557,305.1 ",,,,,,
7- 9.,"557,692.6 ","312,566.3 ","304,854.4 ","256,414.6 ","21,953.6 ","98,812.7 ","3,200.6 ","121,295.9 ","28,831.2 ",-669.2 ,"-28,298.6 ","125,555.0 ","153,853.6 ",,"35,073.2 ","50,332.5 ","15,259.3 ","592,765.8 ",,"585,991.1 ","436,533.2 ","149,457.9 ",,"149,597.6 ",,"555,161.2 ",,,,,,
10-12.,"567,261.7 ","315,636.4 ","307,887.2 ","259,466.2 ","22,154.6 ","98,746.5 ","2,812.0 ","122,701.7 ","29,379.2 ",161.1 ,"-24,329.8 ","127,050.3 ","151,380.1 ",,"39,975.3 ","57,427.7 ","17,452.4 ","607,237.0 ",,"591,591.4 ","439,349.5 ","152,242.0 ",,"150,280.3 ",,"564,288.6 ",,,,,,
2023/ 1- 3.,"582,349.2 ","322,194.2 ","314,260.6 ","265,845.9 ","22,261.8 ","99,839.6 ","2,025.3 ","124,778.1 ","30,857.4 ",131.9 ,"-19,739.0 ","121,984.7 ","141,723.8 ",,"32,657.4 ","52,541.3 ","19,883.9 ","615,006.7 ",,"602,088.3 ","446,320.9 ","155,767.4 ",,"152,958.8 ",,"580,192.0 ",,,,,,
4- 6.,"592,298.1 ","322,230.2 ","314,088.7 ","265,689.3 ","22,454.4 ","99,167.0 ","2,569.5 ","121,766.6 ","30,651.8 ",86.0 ,"-6,627.3 ","126,519.9 ","133,147.2 ",,"36,012.1 ","57,174.7 ","21,162.6 ","628,310.2 ",,"598,925.4 ","446,421.0 ","152,504.4 ",,"152,273.1 ",,"589,642.6 ",,,,,,
7- 9.,"593,078.3 ","322,357.8 ","314,065.2 ","265,667.4 ","22,313.8 ","99,816.2 ",-17.4 ,"122,719.9 ","30,395.9 ",25.5 ,"-4,533.5 ","131,900.1 ","136,433.6 ",,"35,739.8 ","58,592.1 ","22,852.3 ","628,818.2 ",,"597,611.8 ","444,470.4 ","153,141.4 ",,"152,526.0 ",,"593,070.2 ",,,,,,
10-12.,"594,877.8 ","323,427.6 ","315,046.2 ","266,636.8 ","22,253.1 ","102,765.9 ",-458.4 ,"122,559.7 ","30,438.5 ",63.9 ,"-6,172.5 ","137,948.0 ","144,120.5 ",,"37,284.1 ","60,749.3 ","23,465.2 ","632,161.9 ",,"601,050.3 ","447,988.2 ","153,062.2 ",,"155,457.5 ",,"595,272.3 ",,,,,,
2024/ 1- 3.,"594,936.6 ","324,386.4 ","315,979.1 ","267,571.4 ","21,773.1 ","102,146.4 ",477.2 ,"122,980.6 ","30,183.1 ",14.6 ,"-7,024.8 ","133,839.1 ","140,864.0 ",,"36,108.9 ","60,849.1 ","24,740.3 ","631,045.4 ",,"601,961.4 ","448,783.1 ","153,178.3 ",,"154,102.6 ",,"594,444.7 ",,,,,,
4- 6.,"606,593.3 ","328,636.8 ","320,217.4 ","271,828.8 ","22,482.1 ","105,080.0 ",467.5 ,"125,455.6 ","31,479.3 ",19.1 ,"-7,027.1 ","140,116.1 ","147,143.2 ",,"40,838.2 ","66,391.2 ","25,553.1 ","647,431.5 ",,"613,620.4 ","456,666.3 ","156,954.1 ",,"159,041.4 ",,"606,106.7 ",,,,,,
7- 9.,"612,088.9 ","332,038.7 ","323,585.7 ","275,186.0 ","22,646.9 ","105,328.6 ","1,951.5 ","126,295.0 ","31,605.0 ",32.8 ,"-7,809.7 ","139,850.2 ","147,659.9 ",,"41,538.0 ","67,865.8 ","26,327.8 ","653,626.9 ",,"619,898.6 ","461,965.8 ","157,932.8 ",,"159,580.6 ",,"610,104.6 ",,,,,,
10-12.,"619,626.1 ","333,234.5 ","324,716.5 ","276,317.3 ","22,723.9 ","106,756.0 ",-309.4 ,"127,400.6 ","31,628.5 ",-122.9 ,"-1,685.0 ","143,045.4 ","144,730.4 ",,"39,013.2 ","65,154.3 ","26,141.1 ","658,639.3 ",,"621,311.1 ","462,404.9 ","158,906.2 ",,"161,108.3 ",,"620,058.5 ",,,,,,
2025/ 1- 3.,"625,136.7 ","338,786.3 ","330,175.8 ","281,789.7 ","23,228.8 ","108,360.2 ","3,412.5 ","127,132.3 ","31,904.7 ",-4.4 ,"-7,683.5 ","142,408.1 ","150,091.6 ",,"41,870.3 ","68,069.0 ","26,198.7 ","667,007.0 ",,"632,820.2 ","473,787.7 ","159,032.6 ",,"163,493.7 ",,"621,728.7 ",,,,,,
4- 6.,"635,136.2 ","340,194.1 ","331,500.8 ","283,085.9 ","23,651.3 ","109,724.7 ","3,589.3 ","127,750.7 ","32,015.5 ",-180.4 ,"-1,609.0 ","141,214.5 ","142,823.5 ",,"38,682.6 ","65,163.2 ","26,480.6 ","673,818.8 ",,"636,745.2 ","477,159.4 ","159,585.8 ",,"165,391.4 ",,"631,727.3 ",,,,,,
＊年率で表示している。,,,,,,,,,,,,,,,,,,,,,,,,,,,,,,,,
,,,,,,,,,,,,,,,,,,,,,,,,,,,,,,,,
