STRUCTURE,STRUCTURE_ID,STRUCTURE_NAME,ACTION,REF_AREA,Reference area,FREQ,Frequency of observation,MEASURE,Measure,UNIT_MEASURE,Unit of measure,ACTIVITY,Economic activity,ADJUSTMENT,Adjustment,TRANSFORMATION,Transformation,TIME_PERIOD,Time period,OBS_VALUE,Observation value,OBS_STATUS,Observation status,UNIT_MULT,Unit multiplier,DECIMALS,Decimals,BASE_PER,Base period
DATAFLOW,OECD.SDD.STES:DSD_KEI@DF_KEI(4.0),Key short-term economic indicators,I,USA,United States,M,Monthly,PP,Producer prices,IX,Index,C,Manufacturing,_Z,Not applicable,_Z,Not applicable,2014-08,,106.38641875999998,,A,Normal value,0,Units,1,One,2015,
DATAFLOW,OECD.SDD.STES:DSD_KEI@DF_KEI(4.0),Key short-term economic indicators,I,USA,United States,M,Monthly,PP,Producer prices,IX,Index,C,Manufacturing,_Z,Not applicable,_Z,Not applicable,2014-11,,103.85340878,,A,Normal value,0,Units,1,One,2015,
DATAFLOW,OECD.SDD.STES:DSD_KEI@DF_KEI(4.0),Key short-term economic indicators,I,USA,United States,M,Monthly,PP,Producer prices,IX,Index,C,Manufacturing,_Z,Not applicable,_Z,Not applicable,2014-04,,106.44031258,,A,Normal value,0,Units,1,One,2015,
DATAFLOW,OECD.SDD.STES:DSD_KEI@DF_KEI(4.0),Key short-term economic indicators,I,USA,United States,M,Monthly,PP,Producer prices,IX,Index,C,Manufacturing,_Z,Not applicable,_Z,Not applicable,2011-02,,98.78738884,,A,Normal value,0,Units,1,One,2015,
DATAFLOW,OECD.SDD.STES:DSD_KEI@DF_KEI(4.0),Key short-term economic indicators,I,USA,United States,M,Monthly,PP,Producer prices,IX,Index,C,Manufacturing,_Z,Not applicable,_Z,Not applicable,2011-03,,100.94314201,,A,Normal value,0,Units,1,One,2015,
DATAFLOW,OECD.SDD.STES:DSD_KEI@DF_KEI(4.0),Key short-term economic indicators,I,USA,United States,M,Monthly,PP,Producer prices,IX,Index,C,Manufacturing,_Z,Not applicable,_Z,Not applicable,2010-04,,94.42198868,,A,Normal value,0,Units,1,One,2015,
DATAFLOW,OECD.SDD.STES:DSD_KEI@DF_KEI(4.0),Key short-term economic indicators,I,USA,United States,M,Monthly,PP,Producer prices,IX,Index,C,Manufacturing,_Z,Not applicable,_Z,Not applicable,2010-05,,94.90703314,,A,Normal value,0,Units,1,One,2015,
DATAFLOW,OECD.SDD.STES:DSD_KEI@DF_KEI(4.0),Key short-term economic indicators,I,USA,United States,M,Monthly,PP,Producer prices,IX,Index,C,Manufacturing,_Z,Not applicable,_Z,Not applicable,2013-12,,104.12287792999999,,A,Normal value,0,Units,1,One,2015,
DATAFLOW,OECD.SDD.STES:DSD_KEI@DF_KEI(4.0),Key short-term economic indicators,I,USA,United States,M,Monthly,PP,Producer prices,IX,Index,C,Manufacturing,_Z,Not applicable,_Z,Not applicable,2008-01,,90.81110213,,A,Normal value,0,Units,1,One,2015,
DATAFLOW,OECD.SDD.STES:DSD_KEI@DF_KEI(4.0),Key short-term economic indicators,I,USA,United States,M,Monthly,PP,Producer prices,IX,Index,C,Manufacturing,_Z,Not applicable,_Z,Not applicable,2008-03,,93.45189976,,A,Normal value,0,Units,1,One,2015,
DATAFLOW,OECD.SDD.STES:DSD_KEI@DF_KEI(4.0),Key short-term economic indicators,I,USA,United States,M,Monthly,PP,Producer prices,IX,Index,C,Manufacturing,_Z,Not applicable,_Z,Not applicable,2008-05,,96.68552951,,A,Normal value,0,Units,1,One,2015,
DATAFLOW,OECD.SDD.STES:DSD_KEI@DF_KEI(4.0),Key short-term economic indicators,I,USA,United States,M,Monthly,PP,Producer prices,IX,Index,C,Manufacturing,_Z,Not applicable,_Z,Not applicable,2008-06,,98.08676906,,A,Normal value,0,Units,1,One,2015,
DATAFLOW,OECD.SDD.STES:DSD_KEI@DF_KEI(4.0),Key short-term economic indicators,I,USA,United States,M,Monthly,PP,Producer prices,IX,Index,C,Manufacturing,_Z,Not applicable,_Z,Not applicable,2008-09,,98.57181353,,A,Normal value,0,Units,1,One,2015,
DATAFLOW,OECD.SDD.STES:DSD_KEI@DF_KEI(4.0),Key short-term economic indicators,I,USA,United States,M,Monthly,PP,Producer prices,IX,Index,C,Manufacturing,_Z,Not applicable,_Z,Not applicable,2008-11,,91.29614659,,A,Normal value,0,Units,1,One,2015,
DATAFLOW,OECD.SDD.STES:DSD_KEI@DF_KEI(4.0),Key short-term economic indicators,I,USA,United States,M,Monthly,PP,Producer prices,IX,Index,C,Manufacturing,_Z,Not applicable,_Z,Not applicable,2009-04,,88.49366748,,A,Normal value,0,Units,1,One,2015,
DATAFLOW,OECD.SDD.STES:DSD_KEI@DF_KEI(4.0),Key short-term economic indicators,I,USA,United States,M,Monthly,PP,Producer prices,IX,Index,C,Manufacturing,_Z,Not applicable,_Z,Not applicable,2009-07,,90.05658852,,A,Normal value,0,Units,1,One,2015,
DATAFLOW,OECD.SDD.STES:DSD_KEI@DF_KEI(4.0),Key short-term economic indicators,I,USA,United States,M,Monthly,PP,Producer prices,IX,Index,C,Manufacturing,_Z,Not applicable,_Z,Not applicable,2009-08,,91.29614659,,A,Normal value,0,Units,1,One,2015,
DATAFLOW,OECD.SDD.STES:DSD_KEI@DF_KEI(4.0),Key short-term economic indicators,I,USA,United States,M,Monthly,PP,Producer prices,IX,Index,C,Manufacturing,_Z,Not applicable,_Z,Not applicable,2012-10,,105.14686068,,A,Normal value,0,Units,1,One,2015,
DATAFLOW,OECD.SDD.STES:DSD_KEI@DF_KEI(4.0),Key short-term economic indicators,I,USA,United States,M,Monthly,PP,Producer prices,IX,Index,C,Manufacturing,_Z,Not applicable,_Z,Not applicable,2013-04,,104.55402855999999,,A,Normal value,0,Units,1,One,2015,
DATAFLOW,OECD.SDD.STES:DSD_KEI@DF_KEI(4.0),Key short-term economic indicators,I,USA,United States,M,Monthly,PP,Producer prices,IX,Index,C,Manufacturing,_Z,Not applicable,_Z,Not applicable,2010-11,,96.03880355999999,,A,Normal value,0,Units,1,One,2015,
DATAFLOW,OECD.SDD.STES:DSD_KEI@DF_KEI(4.0),Key short-term economic indicators,I,USA,United States,M,Monthly,PP,Producer prices,IX,Index,C,Manufacturing,_Z,Not applicable,_Z,Not applicable,2010-12,,96.52384802,,A,Normal value,0,Units,1,One,2015,
DATAFLOW,OECD.SDD.STES:DSD_KEI@DF_KEI(4.0),Key short-term economic indicators,I,USA,United States,M,Monthly,PP,Producer prices,IX,Index,C,Manufacturing,_Z,Not applicable,_Z,Not applicable,2011-01,,97.6017246,,A,Normal value,0,Units,1,One,2015,
DATAFLOW,OECD.SDD.STES:DSD_KEI@DF_KEI(4.0),Key short-term economic indicators,I,USA,United States,M,Monthly,PP,Producer prices,IX,Index,C,Manufacturing,_Z,Not applicable,_Z,Not applicable,2011-04,,102.50606306,,A,Normal value,0,Units,1,One,2015,
DATAFLOW,OECD.SDD.STES:DSD_KEI@DF_KEI(4.0),Key short-term economic indicators,I,USA,United States,M,Monthly,PP,Producer prices,IX,Index,C,Manufacturing,_Z,Not applicable,_Z,Not applicable,2011-06,,102.99110752,,A,Normal value,0,Units,1,One,2015,
DATAFLOW,OECD.SDD.STES:DSD_KEI@DF_KEI(4.0),Key short-term economic indicators,I,USA,United States,M,Monthly,PP,Producer prices,IX,Index,C,Manufacturing,_Z,Not applicable,_Z,Not applicable,2011-07,,103.31447048999999,,A,Normal value,0,Units,1,One,2015,
DATAFLOW,OECD.SDD.STES:DSD_KEI@DF_KEI(4.0),Key short-term economic indicators,I,USA,United States,M,Monthly,PP,Producer prices,IX,Index,C,Manufacturing,_Z,Not applicable,_Z,Not applicable,2011-09,,103.20668283,,A,Normal value,0,Units,1,One,2015,
DATAFLOW,OECD.SDD.STES:DSD_KEI@DF_KEI(4.0),Key short-term economic indicators,I,USA,United States,M,Monthly,PP,Producer prices,IX,Index,C,Manufacturing,_Z,Not applicable,_Z,Not applicable,2011-10,,102.50606306,,A,Normal value,0,Units,1,One,2015,
DATAFLOW,OECD.SDD.STES:DSD_KEI@DF_KEI(4.0),Key short-term economic indicators,I,USA,United States,M,Monthly,PP,Producer prices,IX,Index,C,Manufacturing,_Z,Not applicable,_Z,Not applicable,2012-01,,102.99110752,,A,Normal value,0,Units,1,One,2015,
DATAFLOW,OECD.SDD.STES:DSD_KEI@DF_KEI(4.0),Key short-term economic indicators,I,USA,United States,M,Monthly,PP,Producer prices,IX,Index,C,Manufacturing,_Z,Not applicable,_Z,Not applicable,2012-02,,103.53004581,,A,Normal value,0,Units,1,One,2015,
DATAFLOW,OECD.SDD.STES:DSD_KEI@DF_KEI(4.0),Key short-term economic indicators,I,USA,United States,M,Monthly,PP,Producer prices,IX,Index,C,Manufacturing,_Z,Not applicable,_Z,Not applicable,2012-03,,104.71571005,,A,Normal value,0,Units,1,One,2015,
DATAFLOW,OECD.SDD.STES:DSD_KEI@DF_KEI(4.0),Key short-term economic indicators,I,USA,United States,M,Monthly,PP,Producer prices,IX,Index,C,Manufacturing,_Z,Not applicable,_Z,Not applicable,2012-04,,104.93128537,,A,Normal value,0,Units,1,One,2015,
DATAFLOW,OECD.SDD.STES:DSD_KEI@DF_KEI(4.0),Key short-term economic indicators,I,USA,United States,M,Monthly,PP,Producer prices,IX,Index,C,Manufacturing,_Z,Not applicable,_Z,Not applicable,2012-05,,104.33845325,,A,Normal value,0,Units,1,One,2015,
DATAFLOW,OECD.SDD.STES:DSD_KEI@DF_KEI(4.0),Key short-term economic indicators,I,USA,United States,M,Monthly,PP,Producer prices,IX,Index,C,Manufacturing,_Z,Not applicable,_Z,Not applicable,2012-06,,103.31447048999999,,A,Normal value,0,Units,1,One,2015,
DATAFLOW,OECD.SDD.STES:DSD_KEI@DF_KEI(4.0),Key short-term economic indicators,I,USA,United States,M,Monthly,PP,Producer prices,IX,Index,C,Manufacturing,_Z,Not applicable,_Z,Not applicable,2012-07,,103.04500135,,A,Normal value,0,Units,1,One,2015,
DATAFLOW,OECD.SDD.STES:DSD_KEI@DF_KEI(4.0),Key short-term economic indicators,I,USA,United States,M,Monthly,PP,Producer prices,IX,Index,C,Manufacturing,_Z,Not applicable,_Z,Not applicable,2012-08,,104.28455942,,A,Normal value,0,Units,1,One,2015,
DATAFLOW,OECD.SDD.STES:DSD_KEI@DF_KEI(4.0),Key short-term economic indicators,I,USA,United States,M,Monthly,PP,Producer prices,IX,Index,C,Manufacturing,_Z,Not applicable,_Z,Not applicable,2012-09,,105.30854217000001,,A,Normal value,0,Units,1,One,2015,
DATAFLOW,OECD.SDD.STES:DSD_KEI@DF_KEI(4.0),Key short-term economic indicators,I,USA,United States,M,Monthly,PP,Producer prices,IX,Index,C,Manufacturing,_Z,Not applicable,_Z,Not applicable,2012-11,,103.79951496,,A,Normal value,0,Units,1,One,2015,
DATAFLOW,OECD.SDD.STES:DSD_KEI@DF_KEI(4.0),Key short-term economic indicators,I,USA,United States,M,Monthly,PP,Producer prices,IX,Index,C,Manufacturing,_Z,Not applicable,_Z,Not applicable,2012-12,,103.36836432,,A,Normal value,0,Units,1,One,2015,
DATAFLOW,OECD.SDD.STES:DSD_KEI@DF_KEI(4.0),Key short-term economic indicators,I,USA,United States,M,Monthly,PP,Producer prices,IX,Index,C,Manufacturing,_Z,Not applicable,_Z,Not applicable,2013-01,,103.79951496,,A,Normal value,0,Units,1,One,2015,
DATAFLOW,OECD.SDD.STES:DSD_KEI@DF_KEI(4.0),Key short-term economic indicators,I,USA,United States,M,Monthly,PP,Producer prices,IX,Index,C,Manufacturing,_Z,Not applicable,_Z,Not applicable,2013-02,,105.20075451,,A,Normal value,0,Units,1,One,2015,
DATAFLOW,OECD.SDD.STES:DSD_KEI@DF_KEI(4.0),Key short-term economic indicators,I,USA,United States,M,Monthly,PP,Producer prices,IX,Index,C,Manufacturing,_Z,Not applicable,_Z,Not applicable,2013-03,,104.82349770999998,,A,Normal value,0,Units,1,One,2015,
DATAFLOW,OECD.SDD.STES:DSD_KEI@DF_KEI(4.0),Key short-term economic indicators,I,USA,United States,M,Monthly,PP,Producer prices,IX,Index,C,Manufacturing,_Z,Not applicable,_Z,Not applicable,2013-05,,104.55402855999999,,A,Normal value,0,Units,1,One,2015,
DATAFLOW,OECD.SDD.STES:DSD_KEI@DF_KEI(4.0),Key short-term economic indicators,I,USA,United States,M,Monthly,PP,Producer prices,IX,Index,C,Manufacturing,_Z,Not applicable,_Z,Not applicable,2013-10,,104.39234708000001,,A,Normal value,0,Units,1,One,2015,
DATAFLOW,OECD.SDD.STES:DSD_KEI@DF_KEI(4.0),Key short-term economic indicators,I,USA,United States,M,Monthly,PP,Producer prices,IX,Index,C,Manufacturing,_Z,Not applicable,_Z,Not applicable,2013-11,,103.85340878,,A,Normal value,0,Units,1,One,2015,
DATAFLOW,OECD.SDD.STES:DSD_KEI@DF_KEI(4.0),Key short-term economic indicators,I,USA,United States,M,Monthly,PP,Producer prices,IX,Index,C,Manufacturing,_Z,Not applicable,_Z,Not applicable,2015-01,,99.70358393999999,,A,Normal value,0,Units,1,One,2015,
DATAFLOW,OECD.SDD.STES:DSD_KEI@DF_KEI(4.0),Key short-term economic indicators,I,USA,United States,M,Monthly,PP,Producer prices,IX,Index,C,Manufacturing,_Z,Not applicable,_Z,Not applicable,2015-03,,100.35030988999999,,A,Normal value,0,Units,1,One,2015,
DATAFLOW,OECD.SDD.STES:DSD_KEI@DF_KEI(4.0),Key short-term economic indicators,I,USA,United States,M,Monthly,PP,Producer prices,IX,Index,C,Manufacturing,_Z,Not applicable,_Z,Not applicable,2015-05,,101.42818647,,A,Normal value,0,Units,1,One,2015,
DATAFLOW,OECD.SDD.STES:DSD_KEI@DF_KEI(4.0),Key short-term economic indicators,I,USA,United States,M,Monthly,PP,Producer prices,IX,Index,C,Manufacturing,_Z,Not applicable,_Z,Not applicable,2015-11,,98.57181353,,A,Normal value,0,Units,1,One,2015,
DATAFLOW,OECD.SDD.STES:DSD_KEI@DF_KEI(4.0),Key short-term economic indicators,I,USA,United States,M,Monthly,PP,Producer prices,IX,Index,C,Manufacturing,_Z,Not applicable,_Z,Not applicable,2016-01,,96.84721099,,A,Normal value,0,Units,1,One,2015,
DATAFLOW,OECD.SDD.STES:DSD_KEI@DF_KEI(4.0),Key short-term economic indicators,I,USA,United States,M,Monthly,PP,Producer prices,IX,Index,C,Manufacturing,_Z,Not applicable,_Z,Not applicable,2016-04,,97.27836162999999,,A,Normal value,0,Units,1,One,2015,
DATAFLOW,OECD.SDD.STES:DSD_KEI@DF_KEI(4.0),Key short-term economic indicators,I,USA,United States,M,Monthly,PP,Producer prices,IX,Index,C,Manufacturing,_Z,Not applicable,_Z,Not applicable,2016-08,,98.35623821,,A,Normal value,0,Units,1,One,2015,
DATAFLOW,OECD.SDD.STES:DSD_KEI@DF_KEI(4.0),Key short-term economic indicators,I,USA,United States,M,Monthly,PP,Producer prices,IX,Index,C,Manufacturing,_Z,Not applicable,_Z,Not applicable,2017-04,,101.10482350000001,,A,Normal value,0,Units,1,One,2015,
DATAFLOW,OECD.SDD.STES:DSD_KEI@DF_KEI(4.0),Key short-term economic indicators,I,USA,United States,M,Monthly,PP,Producer prices,IX,Index,C,Manufacturing,_Z,Not applicable,_Z,Not applicable,2017-05,,100.94314201,,A,Normal value,0,Units,1,One,2015,
DATAFLOW,OECD.SDD.STES:DSD_KEI@DF_KEI(4.0),Key short-term economic indicators,I,USA,United States,M,Monthly,PP,Producer prices,IX,Index,C,Manufacturing,_Z,Not applicable,_Z,Not applicable,2017-08,,101.53597413,,A,Normal value,0,Units,1,One,2015,
DATAFLOW,OECD.SDD.STES:DSD_KEI@DF_KEI(4.0),Key short-term economic indicators,I,USA,United States,M,Monthly,PP,Producer prices,IX,Index,C,Manufacturing,_Z,Not applicable,_Z,Not applicable,2017-09,,102.18270008,,A,Normal value,0,Units,1,One,2015,
DATAFLOW,OECD.SDD.STES:DSD_KEI@DF_KEI(4.0),Key short-term economic indicators,I,USA,United States,M,Monthly,PP,Producer prices,IX,Index,C,Manufacturing,_Z,Not applicable,_Z,Not applicable,2017-10,,102.50606306,,A,Normal value,0,Units,1,One,2015,
DATAFLOW,OECD.SDD.STES:DSD_KEI@DF_KEI(4.0),Key short-term economic indicators,I,USA,United States,M,Monthly,PP,Producer prices,IX,Index,C,Manufacturing,_Z,Not applicable,_Z,Not applicable,2017-11,,103.04500135,,A,Normal value,0,Units,1,One,2015,
DATAFLOW,OECD.SDD.STES:DSD_KEI@DF_KEI(4.0),Key short-term economic indicators,I,USA,United States,M,Monthly,PP,Producer prices,IX,Index,C,Manufacturing,_Z,Not applicable,_Z,Not applicable,2018-01,,103.79951496,,A,Normal value,0,Units,1,One,2015,
DATAFLOW,OECD.SDD.STES:DSD_KEI@DF_KEI(4.0),Key short-term economic indicators,I,USA,United States,M,Monthly,PP,Producer prices,IX,Index,C,Manufacturing,_Z,Not applicable,_Z,Not applicable,2018-04,,105.25464834,,A,Normal value,0,Units,1,One,2015,
DATAFLOW,OECD.SDD.STES:DSD_KEI@DF_KEI(4.0),Key short-term economic indicators,I,USA,United States,M,Monthly,PP,Producer prices,IX,Index,C,Manufacturing,_Z,Not applicable,_Z,Not applicable,2018-05,,106.54810024000001,,A,Normal value,0,Units,1,One,2015,
DATAFLOW,OECD.SDD.STES:DSD_KEI@DF_KEI(4.0),Key short-term economic indicators,I,USA,United States,M,Monthly,PP,Producer prices,IX,Index,C,Manufacturing,_Z,Not applicable,_Z,Not applicable,2018-08,,107.03314470000001,,A,Normal value,0,Units,1,One,2015,
DATAFLOW,OECD.SDD.STES:DSD_KEI@DF_KEI(4.0),Key short-term economic indicators,I,USA,United States,M,Monthly,PP,Producer prices,IX,Index,C,Manufacturing,_Z,Not applicable,_Z,Not applicable,2018-09,,107.19482619,,A,Normal value,0,Units,1,One,2015,
DATAFLOW,OECD.SDD.STES:DSD_KEI@DF_KEI(4.0),Key short-term economic indicators,I,USA,United States,M,Monthly,PP,Producer prices,IX,Index,C,Manufacturing,_Z,Not applicable,_Z,Not applicable,2019-02,,105.30854217000001,,A,Normal value,0,Units,1,One,2015,
DATAFLOW,OECD.SDD.STES:DSD_KEI@DF_KEI(4.0),Key short-term economic indicators,I,USA,United States,M,Monthly,PP,Producer prices,IX,Index,C,Manufacturing,_Z,Not applicable,_Z,Not applicable,2019-03,,106.38641875999998,,A,Normal value,0,Units,1,One,2015,
DATAFLOW,OECD.SDD.STES:DSD_KEI@DF_KEI(4.0),Key short-term economic indicators,I,USA,United States,M,Monthly,PP,Producer prices,IX,Index,C,Manufacturing,_Z,Not applicable,_Z,Not applicable,2019-07,,106.44031258,,A,Normal value,0,Units,1,One,2015,
DATAFLOW,OECD.SDD.STES:DSD_KEI@DF_KEI(4.0),Key short-term economic indicators,I,USA,United States,M,Monthly,PP,Producer prices,IX,Index,C,Manufacturing,_Z,Not applicable,_Z,Not applicable,2019-08,,105.84748046000001,,A,Normal value,0,Units,1,One,2015,
DATAFLOW,OECD.SDD.STES:DSD_KEI@DF_KEI(4.0),Key short-term economic indicators,I,USA,United States,M,Monthly,PP,Producer prices,IX,Index,C,Manufacturing,_Z,Not applicable,_Z,Not applicable,2019-09,,105.57801132,,A,Normal value,0,Units,1,One,2015,
DATAFLOW,OECD.SDD.STES:DSD_KEI@DF_KEI(4.0),Key short-term economic indicators,I,USA,United States,M,Monthly,PP,Producer prices,IX,Index,C,Manufacturing,_Z,Not applicable,_Z,Not applicable,2019-10,,105.95526812,,A,Normal value,0,Units,1,One,2015,
DATAFLOW,OECD.SDD.STES:DSD_KEI@DF_KEI(4.0),Key short-term economic indicators,I,USA,United States,M,Monthly,PP,Producer prices,IX,Index,C,Manufacturing,_Z,Not applicable,_Z,Not applicable,2020-02,,105.14686068,,A,Normal value,0,Units,1,One,2015,
DATAFLOW,OECD.SDD.STES:DSD_KEI@DF_KEI(4.0),Key short-term economic indicators,I,USA,United States,M,Monthly,PP,Producer prices,IX,Index,C,Manufacturing,_Z,Not applicable,_Z,Not applicable,2020-07,,103.63783346999999,,A,Normal value,0,Units,1,One,2015,
DATAFLOW,OECD.SDD.STES:DSD_KEI@DF_KEI(4.0),Key short-term economic indicators,I,USA,United States,M,Monthly,PP,Producer prices,IX,Index,C,Manufacturing,_Z,Not applicable,_Z,Not applicable,2020-08,,104.01509027,,A,Normal value,0,Units,1,One,2015,
DATAFLOW,OECD.SDD.STES:DSD_KEI@DF_KEI(4.0),Key short-term economic indicators,I,USA,United States,M,Monthly,PP,Producer prices,IX,Index,C,Manufacturing,_Z,Not applicable,_Z,Not applicable,2020-11,,104.82349770999998,,A,Normal value,0,Units,1,One,2015,
DATAFLOW,OECD.SDD.STES:DSD_KEI@DF_KEI(4.0),Key short-term economic indicators,I,USA,United States,M,Monthly,PP,Producer prices,IX,Index,C,Manufacturing,_Z,Not applicable,_Z,Not applicable,2021-07,,118.29264348999999,,A,Normal value,0,Units,1,One,2015,
DATAFLOW,OECD.SDD.STES:DSD_KEI@DF_KEI(4.0),Key short-term economic indicators,I,USA,United States,M,Monthly,PP,Producer prices,IX,Index,C,Manufacturing,_Z,Not applicable,_Z,Not applicable,2021-11,,122.39773646,,A,Normal value,0,Units,1,One,2015,
DATAFLOW,OECD.SDD.STES:DSD_KEI@DF_KEI(4.0),Key short-term economic indicators,I,USA,United States,M,Monthly,PP,Producer prices,IX,Index,C,Manufacturing,_Z,Not applicable,_Z,Not applicable,2022-02,,127.86041498,,A,Normal value,0,Units,1,One,2015,
DATAFLOW,OECD.SDD.STES:DSD_KEI@DF_KEI(4.0),Key short-term economic indicators,I,USA,United States,M,Monthly,PP,Producer prices,IX,Index,C,Manufacturing,_Z,Not applicable,_Z,Not applicable,2022-04,,134.49744004,,A,Normal value,0,Units,1,One,2015,
DATAFLOW,OECD.SDD.STES:DSD_KEI@DF_KEI(4.0),Key short-term economic indicators,I,USA,United States,M,Monthly,PP,Producer prices,IX,Index,C,Manufacturing,_Z,Not applicable,_Z,Not applicable,2022-06,,141.4271086,,A,Normal value,0,Units,1,One,2015,
DATAFLOW,OECD.SDD.STES:DSD_KEI@DF_KEI(4.0),Key short-term economic indicators,I,USA,United States,M,Monthly,PP,Producer prices,IX,Index,C,Manufacturing,_Z,Not applicable,_Z,Not applicable,2022-09,,135.82861762,,A,Normal value,0,Units,1,One,2015,
DATAFLOW,OECD.SDD.STES:DSD_KEI@DF_KEI(4.0),Key short-term economic indicators,I,USA,United States,M,Monthly,PP,Producer prices,IX,Index,C,Manufacturing,_Z,Not applicable,_Z,Not applicable,2008-02,,91.40393424999999,,A,Normal value,0,Units,1,One,2015,
DATAFLOW,OECD.SDD.STES:DSD_KEI@DF_KEI(4.0),Key short-term economic indicators,I,USA,United States,M,Monthly,PP,Producer prices,IX,Index,C,Manufacturing,_Z,Not applicable,_Z,Not applicable,2008-04,,94.47588250999999,,A,Normal value,0,Units,1,One,2015,
DATAFLOW,OECD.SDD.STES:DSD_KEI@DF_KEI(4.0),Key short-term economic indicators,I,USA,United States,M,Monthly,PP,Producer prices,IX,Index,C,Manufacturing,_Z,Not applicable,_Z,Not applicable,2008-07,,100.02694691,,A,Normal value,0,Units,1,One,2015,
DATAFLOW,OECD.SDD.STES:DSD_KEI@DF_KEI(4.0),Key short-term economic indicators,I,USA,United States,M,Monthly,PP,Producer prices,IX,Index,C,Manufacturing,_Z,Not applicable,_Z,Not applicable,2008-08,,98.41013204,,A,Normal value,0,Units,1,One,2015,
DATAFLOW,OECD.SDD.STES:DSD_KEI@DF_KEI(4.0),Key short-term economic indicators,I,USA,United States,M,Monthly,PP,Producer prices,IX,Index,C,Manufacturing,_Z,Not applicable,_Z,Not applicable,2008-10,,95.28428995,,A,Normal value,0,Units,1,One,2015,
DATAFLOW,OECD.SDD.STES:DSD_KEI@DF_KEI(4.0),Key short-term economic indicators,I,USA,United States,M,Monthly,PP,Producer prices,IX,Index,C,Manufacturing,_Z,Not applicable,_Z,Not applicable,2008-12,,88.43977364999999,,A,Normal value,0,Units,1,One,2015,
DATAFLOW,OECD.SDD.STES:DSD_KEI@DF_KEI(4.0),Key short-term economic indicators,I,USA,United States,M,Monthly,PP,Producer prices,IX,Index,C,Manufacturing,_Z,Not applicable,_Z,Not applicable,2009-01,,88.76313662,,A,Normal value,0,Units,1,One,2015,
DATAFLOW,OECD.SDD.STES:DSD_KEI@DF_KEI(4.0),Key short-term economic indicators,I,USA,United States,M,Monthly,PP,Producer prices,IX,Index,C,Manufacturing,_Z,Not applicable,_Z,Not applicable,2009-02,,88.33198598999999,,A,Normal value,0,Units,1,One,2015,
DATAFLOW,OECD.SDD.STES:DSD_KEI@DF_KEI(4.0),Key short-term economic indicators,I,USA,United States,M,Monthly,PP,Producer prices,IX,Index,C,Manufacturing,_Z,Not applicable,_Z,Not applicable,2009-03,,87.7930477,,A,Normal value,0,Units,1,One,2015,
DATAFLOW,OECD.SDD.STES:DSD_KEI@DF_KEI(4.0),Key short-term economic indicators,I,USA,United States,M,Monthly,PP,Producer prices,IX,Index,C,Manufacturing,_Z,Not applicable,_Z,Not applicable,2009-05,,89.35596874,,A,Normal value,0,Units,1,One,2015,
DATAFLOW,OECD.SDD.STES:DSD_KEI@DF_KEI(4.0),Key short-term economic indicators,I,USA,United States,M,Monthly,PP,Producer prices,IX,Index,C,Manufacturing,_Z,Not applicable,_Z,Not applicable,2009-06,,90.7572083,,A,Normal value,0,Units,1,One,2015,
DATAFLOW,OECD.SDD.STES:DSD_KEI@DF_KEI(4.0),Key short-term economic indicators,I,USA,United States,M,Monthly,PP,Producer prices,IX,Index,C,Manufacturing,_Z,Not applicable,_Z,Not applicable,2009-09,,90.86499595999999,,A,Normal value,0,Units,1,One,2015,
DATAFLOW,OECD.SDD.STES:DSD_KEI@DF_KEI(4.0),Key short-term economic indicators,I,USA,United States,M,Monthly,PP,Producer prices,IX,Index,C,Manufacturing,_Z,Not applicable,_Z,Not applicable,2009-12,,92.0506602,,A,Normal value,0,Units,1,One,2015,
DATAFLOW,OECD.SDD.STES:DSD_KEI@DF_KEI(4.0),Key short-term economic indicators,I,USA,United States,M,Monthly,PP,Producer prices,IX,Index,C,Manufacturing,_Z,Not applicable,_Z,Not applicable,2010-01,,93.29021827,,A,Normal value,0,Units,1,One,2015,
DATAFLOW,OECD.SDD.STES:DSD_KEI@DF_KEI(4.0),Key short-term economic indicators,I,USA,United States,M,Monthly,PP,Producer prices,IX,Index,C,Manufacturing,_Z,Not applicable,_Z,Not applicable,2010-03,,93.7213689,,A,Normal value,0,Units,1,One,2015,
DATAFLOW,OECD.SDD.STES:DSD_KEI@DF_KEI(4.0),Key short-term economic indicators,I,USA,United States,M,Monthly,PP,Producer prices,IX,Index,C,Manufacturing,_Z,Not applicable,_Z,Not applicable,2009-10,,91.02667745000001,,A,Normal value,0,Units,1,One,2015,
DATAFLOW,OECD.SDD.STES:DSD_KEI@DF_KEI(4.0),Key short-term economic indicators,I,USA,United States,M,Monthly,PP,Producer prices,IX,Index,C,Manufacturing,_Z,Not applicable,_Z,Not applicable,2009-11,,91.99676637,,A,Normal value,0,Units,1,One,2015,
DATAFLOW,OECD.SDD.STES:DSD_KEI@DF_KEI(4.0),Key short-term economic indicators,I,USA,United States,M,Monthly,PP,Producer prices,IX,Index,C,Manufacturing,_Z,Not applicable,_Z,Not applicable,2010-02,,92.80517381,,A,Normal value,0,Units,1,One,2015,
DATAFLOW,OECD.SDD.STES:DSD_KEI@DF_KEI(4.0),Key short-term economic indicators,I,USA,United States,M,Monthly,PP,Producer prices,IX,Index,C,Manufacturing,_Z,Not applicable,_Z,Not applicable,2010-09,,94.58367017,,A,Normal value,0,Units,1,One,2015,
DATAFLOW,OECD.SDD.STES:DSD_KEI@DF_KEI(4.0),Key short-term economic indicators,I,USA,United States,M,Monthly,PP,Producer prices,IX,Index,C,Manufacturing,_Z,Not applicable,_Z,Not applicable,2010-06,,94.20641336999999,,A,Normal value,0,Units,1,One,2015,
DATAFLOW,OECD.SDD.STES:DSD_KEI@DF_KEI(4.0),Key short-term economic indicators,I,USA,United States,M,Monthly,PP,Producer prices,IX,Index,C,Manufacturing,_Z,Not applicable,_Z,Not applicable,2010-07,,94.15251954,,A,Normal value,0,Units,1,One,2015,
DATAFLOW,OECD.SDD.STES:DSD_KEI@DF_KEI(4.0),Key short-term economic indicators,I,USA,United States,M,Monthly,PP,Producer prices,IX,Index,C,Manufacturing,_Z,Not applicable,_Z,Not applicable,2010-08,,94.47588250999999,,A,Normal value,0,Units,1,One,2015,
DATAFLOW,OECD.SDD.STES:DSD_KEI@DF_KEI(4.0),Key short-term economic indicators,I,USA,United States,M,Monthly,PP,Producer prices,IX,Index,C,Manufacturing,_Z,Not applicable,_Z,Not applicable,2010-10,,95.55375909,,A,Normal value,0,Units,1,One,2015,
DATAFLOW,OECD.SDD.STES:DSD_KEI@DF_KEI(4.0),Key short-term economic indicators,I,USA,United States,M,Monthly,PP,Producer prices,IX,Index,C,Manufacturing,_Z,Not applicable,_Z,Not applicable,2014-01,,104.66181621999999,,A,Normal value,0,Units,1,One,2015,
DATAFLOW,OECD.SDD.STES:DSD_KEI@DF_KEI(4.0),Key short-term economic indicators,I,USA,United States,M,Monthly,PP,Producer prices,IX,Index,C,Manufacturing,_Z,Not applicable,_Z,Not applicable,2014-02,,105.20075451,,A,Normal value,0,Units,1,One,2015,
DATAFLOW,OECD.SDD.STES:DSD_KEI@DF_KEI(4.0),Key short-term economic indicators,I,USA,United States,M,Monthly,PP,Producer prices,IX,Index,C,Manufacturing,_Z,Not applicable,_Z,Not applicable,2014-03,,105.73969281,,A,Normal value,0,Units,1,One,2015,
DATAFLOW,OECD.SDD.STES:DSD_KEI@DF_KEI(4.0),Key short-term economic indicators,I,USA,United States,M,Monthly,PP,Producer prices,IX,Index,C,Manufacturing,_Z,Not applicable,_Z,Not applicable,2014-05,,106.2786311,,A,Normal value,0,Units,1,One,2015,
DATAFLOW,OECD.SDD.STES:DSD_KEI@DF_KEI(4.0),Key short-term economic indicators,I,USA,United States,M,Monthly,PP,Producer prices,IX,Index,C,Manufacturing,_Z,Not applicable,_Z,Not applicable,2014-06,,106.2786311,,A,Normal value,0,Units,1,One,2015,
DATAFLOW,OECD.SDD.STES:DSD_KEI@DF_KEI(4.0),Key short-term economic indicators,I,USA,United States,M,Monthly,PP,Producer prices,IX,Index,C,Manufacturing,_Z,Not applicable,_Z,Not applicable,2014-07,,106.38641875999998,,A,Normal value,0,Units,1,One,2015,
DATAFLOW,OECD.SDD.STES:DSD_KEI@DF_KEI(4.0),Key short-term economic indicators,I,USA,United States,M,Monthly,PP,Producer prices,IX,Index,C,Manufacturing,_Z,Not applicable,_Z,Not applicable,2014-09,,106.06305577999998,,A,Normal value,0,Units,1,One,2015,
DATAFLOW,OECD.SDD.STES:DSD_KEI@DF_KEI(4.0),Key short-term economic indicators,I,USA,United States,M,Monthly,PP,Producer prices,IX,Index,C,Manufacturing,_Z,Not applicable,_Z,Not applicable,2014-10,,104.98517919999999,,A,Normal value,0,Units,1,One,2015,
DATAFLOW,OECD.SDD.STES:DSD_KEI@DF_KEI(4.0),Key short-term economic indicators,I,USA,United States,M,Monthly,PP,Producer prices,IX,Index,C,Manufacturing,_Z,Not applicable,_Z,Not applicable,2014-12,,101.91323093999999,,A,Normal value,0,Units,1,One,2015,
DATAFLOW,OECD.SDD.STES:DSD_KEI@DF_KEI(4.0),Key short-term economic indicators,I,USA,United States,M,Monthly,PP,Producer prices,IX,Index,C,Manufacturing,_Z,Not applicable,_Z,Not applicable,2015-02,,99.91915926,,A,Normal value,0,Units,1,One,2015,
DATAFLOW,OECD.SDD.STES:DSD_KEI@DF_KEI(4.0),Key short-term economic indicators,I,USA,United States,M,Monthly,PP,Producer prices,IX,Index,C,Manufacturing,_Z,Not applicable,_Z,Not applicable,2015-04,,100.08084074000001,,A,Normal value,0,Units,1,One,2015,
DATAFLOW,OECD.SDD.STES:DSD_KEI@DF_KEI(4.0),Key short-term economic indicators,I,USA,United States,M,Monthly,PP,Producer prices,IX,Index,C,Manufacturing,_Z,Not applicable,_Z,Not applicable,2015-06,,101.80544328,,A,Normal value,0,Units,1,One,2015,
DATAFLOW,OECD.SDD.STES:DSD_KEI@DF_KEI(4.0),Key short-term economic indicators,I,USA,United States,M,Monthly,PP,Producer prices,IX,Index,C,Manufacturing,_Z,Not applicable,_Z,Not applicable,2015-07,,101.58986796,,A,Normal value,0,Units,1,One,2015,
DATAFLOW,OECD.SDD.STES:DSD_KEI@DF_KEI(4.0),Key short-term economic indicators,I,USA,United States,M,Monthly,PP,Producer prices,IX,Index,C,Manufacturing,_Z,Not applicable,_Z,Not applicable,2015-08,,100.78146052000001,,A,Normal value,0,Units,1,One,2015,
DATAFLOW,OECD.SDD.STES:DSD_KEI@DF_KEI(4.0),Key short-term economic indicators,I,USA,United States,M,Monthly,PP,Producer prices,IX,Index,C,Manufacturing,_Z,Not applicable,_Z,Not applicable,2015-09,,99.32632714,,A,Normal value,0,Units,1,One,2015,
DATAFLOW,OECD.SDD.STES:DSD_KEI@DF_KEI(4.0),Key short-term economic indicators,I,USA,United States,M,Monthly,PP,Producer prices,IX,Index,C,Manufacturing,_Z,Not applicable,_Z,Not applicable,2015-10,,99.00296415999999,,A,Normal value,0,Units,1,One,2015,
DATAFLOW,OECD.SDD.STES:DSD_KEI@DF_KEI(4.0),Key short-term economic indicators,I,USA,United States,M,Monthly,PP,Producer prices,IX,Index,C,Manufacturing,_Z,Not applicable,_Z,Not applicable,2015-12,,97.44004312,,A,Normal value,0,Units,1,One,2015,
DATAFLOW,OECD.SDD.STES:DSD_KEI@DF_KEI(4.0),Key short-term economic indicators,I,USA,United States,M,Monthly,PP,Producer prices,IX,Index,C,Manufacturing,_Z,Not applicable,_Z,Not applicable,2016-02,,96.30827269999999,,A,Normal value,0,Units,1,One,2015,
DATAFLOW,OECD.SDD.STES:DSD_KEI@DF_KEI(4.0),Key short-term economic indicators,I,USA,United States,M,Monthly,PP,Producer prices,IX,Index,C,Manufacturing,_Z,Not applicable,_Z,Not applicable,2016-03,,96.63163568,,A,Normal value,0,Units,1,One,2015,
DATAFLOW,OECD.SDD.STES:DSD_KEI@DF_KEI(4.0),Key short-term economic indicators,I,USA,United States,M,Monthly,PP,Producer prices,IX,Index,C,Manufacturing,_Z,Not applicable,_Z,Not applicable,2016-05,,98.03287524,,A,Normal value,0,Units,1,One,2015,
DATAFLOW,OECD.SDD.STES:DSD_KEI@DF_KEI(4.0),Key short-term economic indicators,I,USA,United States,M,Monthly,PP,Producer prices,IX,Index,C,Manufacturing,_Z,Not applicable,_Z,Not applicable,2016-06,,98.94907033,,A,Normal value,0,Units,1,One,2015,
DATAFLOW,OECD.SDD.STES:DSD_KEI@DF_KEI(4.0),Key short-term economic indicators,I,USA,United States,M,Monthly,PP,Producer prices,IX,Index,C,Manufacturing,_Z,Not applicable,_Z,Not applicable,2016-07,,98.84128267,,A,Normal value,0,Units,1,One,2015,
DATAFLOW,OECD.SDD.STES:DSD_KEI@DF_KEI(4.0),Key short-term economic indicators,I,USA,United States,M,Monthly,PP,Producer prices,IX,Index,C,Manufacturing,_Z,Not applicable,_Z,Not applicable,2016-09,,98.62570736,,A,Normal value,0,Units,1,One,2015,
DATAFLOW,OECD.SDD.STES:DSD_KEI@DF_KEI(4.0),Key short-term economic indicators,I,USA,United States,M,Monthly,PP,Producer prices,IX,Index,C,Manufacturing,_Z,Not applicable,_Z,Not applicable,2016-10,,99.00296415999999,,A,Normal value,0,Units,1,One,2015,
DATAFLOW,OECD.SDD.STES:DSD_KEI@DF_KEI(4.0),Key short-term economic indicators,I,USA,United States,M,Monthly,PP,Producer prices,IX,Index,C,Manufacturing,_Z,Not applicable,_Z,Not applicable,2016-11,,98.73349501,,A,Normal value,0,Units,1,One,2015,
DATAFLOW,OECD.SDD.STES:DSD_KEI@DF_KEI(4.0),Key short-term economic indicators,I,USA,United States,M,Monthly,PP,Producer prices,IX,Index,C,Manufacturing,_Z,Not applicable,_Z,Not applicable,2016-12,,99.11075181999999,,A,Normal value,0,Units,1,One,2015,
DATAFLOW,OECD.SDD.STES:DSD_KEI@DF_KEI(4.0),Key short-term economic indicators,I,USA,United States,M,Monthly,PP,Producer prices,IX,Index,C,Manufacturing,_Z,Not applicable,_Z,Not applicable,2017-01,,100.02694691,,A,Normal value,0,Units,1,One,2015,
DATAFLOW,OECD.SDD.STES:DSD_KEI@DF_KEI(4.0),Key short-term economic indicators,I,USA,United States,M,Monthly,PP,Producer prices,IX,Index,C,Manufacturing,_Z,Not applicable,_Z,Not applicable,2017-02,,100.35030988999999,,A,Normal value,0,Units,1,One,2015,
DATAFLOW,OECD.SDD.STES:DSD_KEI@DF_KEI(4.0),Key short-term economic indicators,I,USA,United States,M,Monthly,PP,Producer prices,IX,Index,C,Manufacturing,_Z,Not applicable,_Z,Not applicable,2017-03,,100.61977903999998,,A,Normal value,0,Units,1,One,2015,
DATAFLOW,OECD.SDD.STES:DSD_KEI@DF_KEI(4.0),Key short-term economic indicators,I,USA,United States,M,Monthly,PP,Producer prices,IX,Index,C,Manufacturing,_Z,Not applicable,_Z,Not applicable,2017-06,,101.10482350000001,,A,Normal value,0,Units,1,One,2015,
DATAFLOW,OECD.SDD.STES:DSD_KEI@DF_KEI(4.0),Key short-term economic indicators,I,USA,United States,M,Monthly,PP,Producer prices,IX,Index,C,Manufacturing,_Z,Not applicable,_Z,Not applicable,2017-07,,100.94314201,,A,Normal value,0,Units,1,One,2015,
DATAFLOW,OECD.SDD.STES:DSD_KEI@DF_KEI(4.0),Key short-term economic indicators,I,USA,United States,M,Monthly,PP,Producer prices,IX,Index,C,Manufacturing,_Z,Not applicable,_Z,Not applicable,2017-12,,103.09889517999999,,A,Normal value,0,Units,1,One,2015,
DATAFLOW,OECD.SDD.STES:DSD_KEI@DF_KEI(4.0),Key short-term economic indicators,I,USA,United States,M,Monthly,PP,Producer prices,IX,Index,C,Manufacturing,_Z,Not applicable,_Z,Not applicable,2018-02,,104.28455942,,A,Normal value,0,Units,1,One,2015,
DATAFLOW,OECD.SDD.STES:DSD_KEI@DF_KEI(4.0),Key short-term economic indicators,I,USA,United States,M,Monthly,PP,Producer prices,IX,Index,C,Manufacturing,_Z,Not applicable,_Z,Not applicable,2018-03,,104.55402855999999,,A,Normal value,0,Units,1,One,2015,
DATAFLOW,OECD.SDD.STES:DSD_KEI@DF_KEI(4.0),Key short-term economic indicators,I,USA,United States,M,Monthly,PP,Producer prices,IX,Index,C,Manufacturing,_Z,Not applicable,_Z,Not applicable,2018-06,,106.92535704999999,,A,Normal value,0,Units,1,One,2015,
DATAFLOW,OECD.SDD.STES:DSD_KEI@DF_KEI(4.0),Key short-term economic indicators,I,USA,United States,M,Monthly,PP,Producer prices,IX,Index,C,Manufacturing,_Z,Not applicable,_Z,Not applicable,2018-07,,106.97925088,,A,Normal value,0,Units,1,One,2015,
DATAFLOW,OECD.SDD.STES:DSD_KEI@DF_KEI(4.0),Key short-term economic indicators,I,USA,United States,M,Monthly,PP,Producer prices,IX,Index,C,Manufacturing,_Z,Not applicable,_Z,Not applicable,2018-10,,108.00323363,,A,Normal value,0,Units,1,One,2015,
DATAFLOW,OECD.SDD.STES:DSD_KEI@DF_KEI(4.0),Key short-term economic indicators,I,USA,United States,M,Monthly,PP,Producer prices,IX,Index,C,Manufacturing,_Z,Not applicable,_Z,Not applicable,2018-11,,106.92535704999999,,A,Normal value,0,Units,1,One,2015,
DATAFLOW,OECD.SDD.STES:DSD_KEI@DF_KEI(4.0),Key short-term economic indicators,I,USA,United States,M,Monthly,PP,Producer prices,IX,Index,C,Manufacturing,_Z,Not applicable,_Z,Not applicable,2018-12,,105.20075451,,A,Normal value,0,Units,1,One,2015,
DATAFLOW,OECD.SDD.STES:DSD_KEI@DF_KEI(4.0),Key short-term economic indicators,I,USA,United States,M,Monthly,PP,Producer prices,IX,Index,C,Manufacturing,_Z,Not applicable,_Z,Not applicable,2019-01,,104.71571005,,A,Normal value,0,Units,1,One,2015,
DATAFLOW,OECD.SDD.STES:DSD_KEI@DF_KEI(4.0),Key short-term economic indicators,I,USA,United States,M,Monthly,PP,Producer prices,IX,Index,C,Manufacturing,_Z,Not applicable,_Z,Not applicable,2019-04,,107.35650767999999,,A,Normal value,0,Units,1,One,2015,
DATAFLOW,OECD.SDD.STES:DSD_KEI@DF_KEI(4.0),Key short-term economic indicators,I,USA,United States,M,Monthly,PP,Producer prices,IX,Index,C,Manufacturing,_Z,Not applicable,_Z,Not applicable,2019-05,,107.30261384999999,,A,Normal value,0,Units,1,One,2015,
DATAFLOW,OECD.SDD.STES:DSD_KEI@DF_KEI(4.0),Key short-term economic indicators,I,USA,United States,M,Monthly,PP,Producer prices,IX,Index,C,Manufacturing,_Z,Not applicable,_Z,Not applicable,2019-06,,106.17084344,,A,Normal value,0,Units,1,One,2015,
DATAFLOW,OECD.SDD.STES:DSD_KEI@DF_KEI(4.0),Key short-term economic indicators,I,USA,United States,M,Monthly,PP,Producer prices,IX,Index,C,Manufacturing,_Z,Not applicable,_Z,Not applicable,2019-11,,105.90137428999999,,A,Normal value,0,Units,1,One,2015,
DATAFLOW,OECD.SDD.STES:DSD_KEI@DF_KEI(4.0),Key short-term economic indicators,I,USA,United States,M,Monthly,PP,Producer prices,IX,Index,C,Manufacturing,_Z,Not applicable,_Z,Not applicable,2019-12,,105.84748046000001,,A,Normal value,0,Units,1,One,2015,
DATAFLOW,OECD.SDD.STES:DSD_KEI@DF_KEI(4.0),Key short-term economic indicators,I,USA,United States,M,Monthly,PP,Producer prices,IX,Index,C,Manufacturing,_Z,Not applicable,_Z,Not applicable,2020-01,,105.95526812,,A,Normal value,0,Units,1,One,2015,
DATAFLOW,OECD.SDD.STES:DSD_KEI@DF_KEI(4.0),Key short-term economic indicators,I,USA,United States,M,Monthly,PP,Producer prices,IX,Index,C,Manufacturing,_Z,Not applicable,_Z,Not applicable,2020-03,,103.63783346999999,,A,Normal value,0,Units,1,One,2015,
DATAFLOW,OECD.SDD.STES:DSD_KEI@DF_KEI(4.0),Key short-term economic indicators,I,USA,United States,M,Monthly,PP,Producer prices,IX,Index,C,Manufacturing,_Z,Not applicable,_Z,Not applicable,2020-04,,100.29641605999998,,A,Normal value,0,Units,1,One,2015,
DATAFLOW,OECD.SDD.STES:DSD_KEI@DF_KEI(4.0),Key short-term economic indicators,I,USA,United States,M,Monthly,PP,Producer prices,IX,Index,C,Manufacturing,_Z,Not applicable,_Z,Not applicable,2020-05,,101.80544328,,A,Normal value,0,Units,1,One,2015,
DATAFLOW,OECD.SDD.STES:DSD_KEI@DF_KEI(4.0),Key short-term economic indicators,I,USA,United States,M,Monthly,PP,Producer prices,IX,Index,C,Manufacturing,_Z,Not applicable,_Z,Not applicable,2020-06,,102.50606306,,A,Normal value,0,Units,1,One,2015,
DATAFLOW,OECD.SDD.STES:DSD_KEI@DF_KEI(4.0),Key short-term economic indicators,I,USA,United States,M,Monthly,PP,Producer prices,IX,Index,C,Manufacturing,_Z,Not applicable,_Z,Not applicable,2020-09,,103.96119644,,A,Normal value,0,Units,1,One,2015,
DATAFLOW,OECD.SDD.STES:DSD_KEI@DF_KEI(4.0),Key short-term economic indicators,I,USA,United States,M,Monthly,PP,Producer prices,IX,Index,C,Manufacturing,_Z,Not applicable,_Z,Not applicable,2020-10,,104.39234708000001,,A,Normal value,0,Units,1,One,2015,
DATAFLOW,OECD.SDD.STES:DSD_KEI@DF_KEI(4.0),Key short-term economic indicators,I,USA,United States,M,Monthly,PP,Producer prices,IX,Index,C,Manufacturing,_Z,Not applicable,_Z,Not applicable,2020-12,,106.00916195,,A,Normal value,0,Units,1,One,2015,
DATAFLOW,OECD.SDD.STES:DSD_KEI@DF_KEI(4.0),Key short-term economic indicators,I,USA,United States,M,Monthly,PP,Producer prices,IX,Index,C,Manufacturing,_Z,Not applicable,_Z,Not applicable,2021-01,,107.572083,,A,Normal value,0,Units,1,One,2015,
DATAFLOW,OECD.SDD.STES:DSD_KEI@DF_KEI(4.0),Key short-term economic indicators,I,USA,United States,M,Monthly,PP,Producer prices,IX,Index,C,Manufacturing,_Z,Not applicable,_Z,Not applicable,2021-02,,109.45836702,,A,Normal value,0,Units,1,One,2015,
DATAFLOW,OECD.SDD.STES:DSD_KEI@DF_KEI(4.0),Key short-term economic indicators,I,USA,United States,M,Monthly,PP,Producer prices,IX,Index,C,Manufacturing,_Z,Not applicable,_Z,Not applicable,2021-03,,112.04527082,,A,Normal value,0,Units,1,One,2015,
DATAFLOW,OECD.SDD.STES:DSD_KEI@DF_KEI(4.0),Key short-term economic indicators,I,USA,United States,M,Monthly,PP,Producer prices,IX,Index,C,Manufacturing,_Z,Not applicable,_Z,Not applicable,2021-04,,113.23093506,,A,Normal value,0,Units,1,One,2015,
DATAFLOW,OECD.SDD.STES:DSD_KEI@DF_KEI(4.0),Key short-term economic indicators,I,USA,United States,M,Monthly,PP,Producer prices,IX,Index,C,Manufacturing,_Z,Not applicable,_Z,Not applicable,2021-05,,115.92562652,,A,Normal value,0,Units,1,One,2015,
DATAFLOW,OECD.SDD.STES:DSD_KEI@DF_KEI(4.0),Key short-term economic indicators,I,USA,United States,M,Monthly,PP,Producer prices,IX,Index,C,Manufacturing,_Z,Not applicable,_Z,Not applicable,2021-06,,117.43465373,,A,Normal value,0,Units,1,One,2015,
DATAFLOW,OECD.SDD.STES:DSD_KEI@DF_KEI(4.0),Key short-term economic indicators,I,USA,United States,M,Monthly,PP,Producer prices,IX,Index,C,Manufacturing,_Z,Not applicable,_Z,Not applicable,2021-08,,118.62786310999999,,A,Normal value,0,Units,1,One,2015,
DATAFLOW,OECD.SDD.STES:DSD_KEI@DF_KEI(4.0),Key short-term economic indicators,I,USA,United States,M,Monthly,PP,Producer prices,IX,Index,C,Manufacturing,_Z,Not applicable,_Z,Not applicable,2021-09,,119.57369981,,A,Normal value,0,Units,1,One,2015,
DATAFLOW,OECD.SDD.STES:DSD_KEI@DF_KEI(4.0),Key short-term economic indicators,I,USA,United States,M,Monthly,PP,Producer prices,IX,Index,C,Manufacturing,_Z,Not applicable,_Z,Not applicable,2021-10,,121.51872811,,A,Normal value,0,Units,1,One,2015,
DATAFLOW,OECD.SDD.STES:DSD_KEI@DF_KEI(4.0),Key short-term economic indicators,I,USA,United States,M,Monthly,PP,Producer prices,IX,Index,C,Manufacturing,_Z,Not applicable,_Z,Not applicable,2021-12,,122.05335489,,A,Normal value,0,Units,1,One,2015,
DATAFLOW,OECD.SDD.STES:DSD_KEI@DF_KEI(4.0),Key short-term economic indicators,I,USA,United States,M,Monthly,PP,Producer prices,IX,Index,C,Manufacturing,_Z,Not applicable,_Z,Not applicable,2022-01,,124.76151981000001,,A,Normal value,0,Units,1,One,2015,
DATAFLOW,OECD.SDD.STES:DSD_KEI@DF_KEI(4.0),Key short-term economic indicators,I,USA,United States,M,Monthly,PP,Producer prices,IX,Index,C,Manufacturing,_Z,Not applicable,_Z,Not applicable,2022-03,,132.2576125,,A,Normal value,0,Units,1,One,2015,
DATAFLOW,OECD.SDD.STES:DSD_KEI@DF_KEI(4.0),Key short-term economic indicators,I,USA,United States,M,Monthly,PP,Producer prices,IX,Index,C,Manufacturing,_Z,Not applicable,_Z,Not applicable,2022-05,,138.1816222,,A,Normal value,0,Units,1,One,2015,
DATAFLOW,OECD.SDD.STES:DSD_KEI@DF_KEI(4.0),Key short-term economic indicators,I,USA,United States,M,Monthly,PP,Producer prices,IX,Index,C,Manufacturing,_Z,Not applicable,_Z,Not applicable,2022-07,,138.25168417999998,,A,Normal value,0,Units,1,One,2015,
DATAFLOW,OECD.SDD.STES:DSD_KEI@DF_KEI(4.0),Key short-term economic indicators,I,USA,United States,M,Monthly,PP,Producer prices,IX,Index,C,Manufacturing,_Z,Not applicable,_Z,Not applicable,2022-08,,135.5397467,,A,Normal value,0,Units,1,One,2015,
DATAFLOW,OECD.SDD.STES:DSD_KEI@DF_KEI(4.0),Key short-term economic indicators,I,USA,United States,M,Monthly,PP,Producer prices,IX,Index,C,Manufacturing,_Z,Not applicable,_Z,Not applicable,2022-10,,136.88978712,,A,Normal value,0,Units,1,One,2015,
DATAFLOW,OECD.SDD.STES:DSD_KEI@DF_KEI(4.0),Key short-term economic indicators,I,USA,United States,M,Monthly,PP,Producer prices,IX,Index,C,Manufacturing,_Z,Not applicable,_Z,Not applicable,2022-11,,136.27216384,,A,Normal value,0,Units,1,One,2015,
DATAFLOW,OECD.SDD.STES:DSD_KEI@DF_KEI(4.0),Key short-term economic indicators,I,USA,United States,M,Monthly,PP,Producer prices,IX,Index,C,Manufacturing,_Z,Not applicable,_Z,Not applicable,2022-12,,131.74993263000002,,A,Normal value,0,Units,1,One,2015,
DATAFLOW,OECD.SDD.STES:DSD_KEI@DF_KEI(4.0),Key short-term economic indicators,I,USA,United States,M,Monthly,PP,Producer prices,IX,Index,C,Manufacturing,_Z,Not applicable,_Z,Not applicable,2011-05,,103.42225814999999,,A,Normal value,0,Units,1,One,2015,
DATAFLOW,OECD.SDD.STES:DSD_KEI@DF_KEI(4.0),Key short-term economic indicators,I,USA,United States,M,Monthly,PP,Producer prices,IX,Index,C,Manufacturing,_Z,Not applicable,_Z,Not applicable,2011-08,,102.7755322,,A,Normal value,0,Units,1,One,2015,
DATAFLOW,OECD.SDD.STES:DSD_KEI@DF_KEI(4.0),Key short-term economic indicators,I,USA,United States,M,Monthly,PP,Producer prices,IX,Index,C,Manufacturing,_Z,Not applicable,_Z,Not applicable,2011-11,,102.72163837,,A,Normal value,0,Units,1,One,2015,
DATAFLOW,OECD.SDD.STES:DSD_KEI@DF_KEI(4.0),Key short-term economic indicators,I,USA,United States,M,Monthly,PP,Producer prices,IX,Index,C,Manufacturing,_Z,Not applicable,_Z,Not applicable,2011-12,,102.18270008,,A,Normal value,0,Units,1,One,2015,
DATAFLOW,OECD.SDD.STES:DSD_KEI@DF_KEI(4.0),Key short-term economic indicators,I,USA,United States,M,Monthly,PP,Producer prices,IX,Index,C,Manufacturing,_Z,Not applicable,_Z,Not applicable,2013-06,,104.50013472999998,,A,Normal value,0,Units,1,One,2015,
DATAFLOW,OECD.SDD.STES:DSD_KEI@DF_KEI(4.0),Key short-term economic indicators,I,USA,United States,M,Monthly,PP,Producer prices,IX,Index,C,Manufacturing,_Z,Not applicable,_Z,Not applicable,2013-07,,104.55402855999999,,A,Normal value,0,Units,1,One,2015,
DATAFLOW,OECD.SDD.STES:DSD_KEI@DF_KEI(4.0),Key short-term economic indicators,I,USA,United States,M,Monthly,PP,Producer prices,IX,Index,C,Manufacturing,_Z,Not applicable,_Z,Not applicable,2013-08,,104.87739153999999,,A,Normal value,0,Units,1,One,2015,
DATAFLOW,OECD.SDD.STES:DSD_KEI@DF_KEI(4.0),Key short-term economic indicators,I,USA,United States,M,Monthly,PP,Producer prices,IX,Index,C,Manufacturing,_Z,Not applicable,_Z,Not applicable,2013-09,,104.71571005,,A,Normal value,0,Units,1,One,2015,
