STRUCTURE,STRUCTURE_ID,STRUCTURE_NAME,ACTION,REF_AREA,Reference area,FREQ,Frequency of observation,MEASURE,Measure,UNIT_MEASURE,Unit of measure,ACTIVITY,Economic activity,ADJUSTMENT,Adjustment,TRANSFORMATION,Transformation,TIME_HORIZ,Time horizon,METHODOLOGY,Calculation methodology,TIME_PERIOD,Time period,OBS_VALUE,Observation value,OBS_STATUS,Observation status,UNIT_MULT,Unit multiplier,DECIMALS,Decimals,BASE_PER,Base period
DATAFLOW,OECD.SDD.STES:DSD_STES@DF_FINMARK(4.0),Financial market,I,USA,United States,M,Monthly,IRLT,Long-term interest rates,PA,Percent per annum,_Z,Not applicable,_Z,Not applicable,_Z,Not applicable,_Z,Not applicable,N,National,2021-07,,1.32,,A,Normal value,0,Units,2,Two,,
DATAFLOW,OECD.SDD.STES:DSD_STES@DF_FINMARK(4.0),Financial market,I,USA,United States,M,Monthly,IRLT,Long-term interest rates,PA,Percent per annum,_Z,Not applicable,_Z,Not applicable,_Z,Not applicable,_Z,Not applicable,N,National,2021-08,,1.28,,A,Normal value,0,Units,2,Two,,
DATAFLOW,OECD.SDD.STES:DSD_STES@DF_FINMARK(4.0),Financial market,I,USA,United States,M,Monthly,IRLT,Long-term interest rates,PA,Percent per annum,_Z,Not applicable,_Z,Not applicable,_Z,Not applicable,_Z,Not applicable,N,National,2020-06,,0.73,,A,Normal value,0,Units,2,Two,,
DATAFLOW,OECD.SDD.STES:DSD_STES@DF_FINMARK(4.0),Financial market,I,USA,United States,M,Monthly,IRLT,Long-term interest rates,PA,Percent per annum,_Z,Not applicable,_Z,Not applicable,_Z,Not applicable,_Z,Not applicable,N,National,2015-06,,2.36,,A,Normal value,0,Units,2,Two,,
DATAFLOW,OECD.SDD.STES:DSD_STES@DF_FINMARK(4.0),Financial market,I,USA,United States,M,Monthly,IRLT,Long-term interest rates,PA,Percent per annum,_Z,Not applicable,_Z,Not applicable,_Z,Not applicable,_Z,Not applicable,N,National,2015-07,,2.32,,A,Normal value,0,Units,2,Two,,
DATAFLOW,OECD.SDD.STES:DSD_STES@DF_FINMARK(4.0),Financial market,I,USA,United States,M,Monthly,IRLT,Long-term interest rates,PA,Percent per annum,_Z,Not applicable,_Z,Not applicable,_Z,Not applicable,_Z,Not applicable,N,National,2015-08,,2.17,,A,Normal value,0,Units,2,Two,,
DATAFLOW,OECD.SDD.STES:DSD_STES@DF_FINMARK(4.0),Financial market,I,USA,United States,M,Monthly,IRLT,Long-term interest rates,PA,Percent per annum,_Z,Not applicable,_Z,Not applicable,_Z,Not applicable,_Z,Not applicable,N,National,2009-07,,3.56,,A,Normal value,0,Units,2,Two,,
DATAFLOW,OECD.SDD.STES:DSD_STES@DF_FINMARK(4.0),Financial market,I,USA,United States,M,Monthly,IRLT,Long-term interest rates,PA,Percent per annum,_Z,Not applicable,_Z,Not applicable,_Z,Not applicable,_Z,Not applicable,N,National,2009-08,,3.59,,A,Normal value,0,Units,2,Two,,
DATAFLOW,OECD.SDD.STES:DSD_STES@DF_FINMARK(4.0),Financial market,I,USA,United States,M,Monthly,IRLT,Long-term interest rates,PA,Percent per annum,_Z,Not applicable,_Z,Not applicable,_Z,Not applicable,_Z,Not applicable,N,National,2009-09,,3.4,,A,Normal value,0,Units,2,Two,,
DATAFLOW,OECD.SDD.STES:DSD_STES@DF_FINMARK(4.0),Financial market,I,USA,United States,M,Monthly,IRLT,Long-term interest rates,PA,Percent per annum,_Z,Not applicable,_Z,Not applicable,_Z,Not applicable,_Z,Not applicable,N,National,2009-10,,3.39,,A,Normal value,0,Units,2,Two,,
DATAFLOW,OECD.SDD.STES:DSD_STES@DF_FINMARK(4.0),Financial market,I,USA,United States,M,Monthly,IRLT,Long-term interest rates,PA,Percent per annum,_Z,Not applicable,_Z,Not applicable,_Z,Not applicable,_Z,Not applicable,N,National,2009-11,,3.4,,A,Normal value,0,Units,2,Two,,
DATAFLOW,OECD.SDD.STES:DSD_STES@DF_FINMARK(4.0),Financial market,I,USA,United States,M,Monthly,IRLT,Long-term interest rates,PA,Percent per annum,_Z,Not applicable,_Z,Not applicable,_Z,Not applicable,_Z,Not applicable,N,National,2009-12,,3.59,,A,Normal value,0,Units,2,Two,,
DATAFLOW,OECD.SDD.STES:DSD_STES@DF_FINMARK(4.0),Financial market,I,USA,United States,M,Monthly,IRLT,Long-term interest rates,PA,Percent per annum,_Z,Not applicable,_Z,Not applicable,_Z,Not applicable,_Z,Not applicable,N,National,2010-01,,3.73,,A,Normal value,0,Units,2,Two,,
DATAFLOW,OECD.SDD.STES:DSD_STES@DF_FINMARK(4.0),Financial market,I,USA,United States,M,Monthly,IRLT,Long-term interest rates,PA,Percent per annum,_Z,Not applicable,_Z,Not applicable,_Z,Not applicable,_Z,Not applicable,N,National,2009-05,,3.29,,A,Normal value,0,Units,2,Two,,
DATAFLOW,OECD.SDD.STES:DSD_STES@DF_FINMARK(4.0),Financial market,I,USA,United States,M,Monthly,IRLT,Long-term interest rates,PA,Percent per annum,_Z,Not applicable,_Z,Not applicable,_Z,Not applicable,_Z,Not applicable,N,National,2010-08,,2.7,,A,Normal value,0,Units,2,Two,,
DATAFLOW,OECD.SDD.STES:DSD_STES@DF_FINMARK(4.0),Financial market,I,USA,United States,M,Monthly,IRLT,Long-term interest rates,PA,Percent per annum,_Z,Not applicable,_Z,Not applicable,_Z,Not applicable,_Z,Not applicable,N,National,2008-02,,3.74,,A,Normal value,0,Units,2,Two,,
DATAFLOW,OECD.SDD.STES:DSD_STES@DF_FINMARK(4.0),Financial market,I,USA,United States,M,Monthly,IRLT,Long-term interest rates,PA,Percent per annum,_Z,Not applicable,_Z,Not applicable,_Z,Not applicable,_Z,Not applicable,N,National,2016-02,,1.78,,A,Normal value,0,Units,2,Two,,
DATAFLOW,OECD.SDD.STES:DSD_STES@DF_FINMARK(4.0),Financial market,I,USA,United States,M,Monthly,IRLT,Long-term interest rates,PA,Percent per annum,_Z,Not applicable,_Z,Not applicable,_Z,Not applicable,_Z,Not applicable,N,National,2011-10,,2.15,,A,Normal value,0,Units,2,Two,,
DATAFLOW,OECD.SDD.STES:DSD_STES@DF_FINMARK(4.0),Financial market,I,USA,United States,M,Monthly,IRLT,Long-term interest rates,PA,Percent per annum,_Z,Not applicable,_Z,Not applicable,_Z,Not applicable,_Z,Not applicable,N,National,2011-11,,2.01,,A,Normal value,0,Units,2,Two,,
DATAFLOW,OECD.SDD.STES:DSD_STES@DF_FINMARK(4.0),Financial market,I,USA,United States,M,Monthly,IRLT,Long-term interest rates,PA,Percent per annum,_Z,Not applicable,_Z,Not applicable,_Z,Not applicable,_Z,Not applicable,N,National,2011-12,,1.98,,A,Normal value,0,Units,2,Two,,
DATAFLOW,OECD.SDD.STES:DSD_STES@DF_FINMARK(4.0),Financial market,I,USA,United States,M,Monthly,IRLT,Long-term interest rates,PA,Percent per annum,_Z,Not applicable,_Z,Not applicable,_Z,Not applicable,_Z,Not applicable,N,National,2012-01,,1.97,,A,Normal value,0,Units,2,Two,,
DATAFLOW,OECD.SDD.STES:DSD_STES@DF_FINMARK(4.0),Financial market,I,USA,United States,M,Monthly,IRLT,Long-term interest rates,PA,Percent per annum,_Z,Not applicable,_Z,Not applicable,_Z,Not applicable,_Z,Not applicable,N,National,2012-02,,1.97,,A,Normal value,0,Units,2,Two,,
DATAFLOW,OECD.SDD.STES:DSD_STES@DF_FINMARK(4.0),Financial market,I,USA,United States,M,Monthly,IRLT,Long-term interest rates,PA,Percent per annum,_Z,Not applicable,_Z,Not applicable,_Z,Not applicable,_Z,Not applicable,N,National,2012-03,,2.17,,A,Normal value,0,Units,2,Two,,
DATAFLOW,OECD.SDD.STES:DSD_STES@DF_FINMARK(4.0),Financial market,I,USA,United States,M,Monthly,IRLT,Long-term interest rates,PA,Percent per annum,_Z,Not applicable,_Z,Not applicable,_Z,Not applicable,_Z,Not applicable,N,National,2012-04,,2.05,,A,Normal value,0,Units,2,Two,,
DATAFLOW,OECD.SDD.STES:DSD_STES@DF_FINMARK(4.0),Financial market,I,USA,United States,M,Monthly,IRLT,Long-term interest rates,PA,Percent per annum,_Z,Not applicable,_Z,Not applicable,_Z,Not applicable,_Z,Not applicable,N,National,2012-05,,1.8,,A,Normal value,0,Units,2,Two,,
DATAFLOW,OECD.SDD.STES:DSD_STES@DF_FINMARK(4.0),Financial market,I,USA,United States,M,Monthly,IRLT,Long-term interest rates,PA,Percent per annum,_Z,Not applicable,_Z,Not applicable,_Z,Not applicable,_Z,Not applicable,N,National,2012-06,,1.62,,A,Normal value,0,Units,2,Two,,
DATAFLOW,OECD.SDD.STES:DSD_STES@DF_FINMARK(4.0),Financial market,I,USA,United States,M,Monthly,IRLT,Long-term interest rates,PA,Percent per annum,_Z,Not applicable,_Z,Not applicable,_Z,Not applicable,_Z,Not applicable,N,National,2012-07,,1.53,,A,Normal value,0,Units,2,Two,,
DATAFLOW,OECD.SDD.STES:DSD_STES@DF_FINMARK(4.0),Financial market,I,USA,United States,M,Monthly,IRLT,Long-term interest rates,PA,Percent per annum,_Z,Not applicable,_Z,Not applicable,_Z,Not applicable,_Z,Not applicable,N,National,2012-08,,1.68,,A,Normal value,0,Units,2,Two,,
DATAFLOW,OECD.SDD.STES:DSD_STES@DF_FINMARK(4.0),Financial market,I,USA,United States,M,Monthly,IRLT,Long-term interest rates,PA,Percent per annum,_Z,Not applicable,_Z,Not applicable,_Z,Not applicable,_Z,Not applicable,N,National,2012-09,,1.72,,A,Normal value,0,Units,2,Two,,
DATAFLOW,OECD.SDD.STES:DSD_STES@DF_FINMARK(4.0),Financial market,I,USA,United States,M,Monthly,IRLT,Long-term interest rates,PA,Percent per annum,_Z,Not applicable,_Z,Not applicable,_Z,Not applicable,_Z,Not applicable,N,National,2012-10,,1.75,,A,Normal value,0,Units,2,Two,,
DATAFLOW,OECD.SDD.STES:DSD_STES@DF_FINMARK(4.0),Financial market,I,USA,United States,M,Monthly,IRLT,Long-term interest rates,PA,Percent per annum,_Z,Not applicable,_Z,Not applicable,_Z,Not applicable,_Z,Not applicable,N,National,2012-11,,1.65,,A,Normal value,0,Units,2,Two,,
DATAFLOW,OECD.SDD.STES:DSD_STES@DF_FINMARK(4.0),Financial market,I,USA,United States,M,Monthly,IRLT,Long-term interest rates,PA,Percent per annum,_Z,Not applicable,_Z,Not applicable,_Z,Not applicable,_Z,Not applicable,N,National,2012-12,,1.72,,A,Normal value,0,Units,2,Two,,
DATAFLOW,OECD.SDD.STES:DSD_STES@DF_FINMARK(4.0),Financial market,I,USA,United States,M,Monthly,IRLT,Long-term interest rates,PA,Percent per annum,_Z,Not applicable,_Z,Not applicable,_Z,Not applicable,_Z,Not applicable,N,National,2013-01,,1.91,,A,Normal value,0,Units,2,Two,,
DATAFLOW,OECD.SDD.STES:DSD_STES@DF_FINMARK(4.0),Financial market,I,USA,United States,M,Monthly,IRLT,Long-term interest rates,PA,Percent per annum,_Z,Not applicable,_Z,Not applicable,_Z,Not applicable,_Z,Not applicable,N,National,2013-02,,1.98,,A,Normal value,0,Units,2,Two,,
DATAFLOW,OECD.SDD.STES:DSD_STES@DF_FINMARK(4.0),Financial market,I,USA,United States,M,Monthly,IRLT,Long-term interest rates,PA,Percent per annum,_Z,Not applicable,_Z,Not applicable,_Z,Not applicable,_Z,Not applicable,N,National,2013-03,,1.96,,A,Normal value,0,Units,2,Two,,
DATAFLOW,OECD.SDD.STES:DSD_STES@DF_FINMARK(4.0),Financial market,I,USA,United States,M,Monthly,IRLT,Long-term interest rates,PA,Percent per annum,_Z,Not applicable,_Z,Not applicable,_Z,Not applicable,_Z,Not applicable,N,National,2010-05,,3.42,,A,Normal value,0,Units,2,Two,,
DATAFLOW,OECD.SDD.STES:DSD_STES@DF_FINMARK(4.0),Financial market,I,USA,United States,M,Monthly,IRLT,Long-term interest rates,PA,Percent per annum,_Z,Not applicable,_Z,Not applicable,_Z,Not applicable,_Z,Not applicable,N,National,2010-06,,3.2,,A,Normal value,0,Units,2,Two,,
DATAFLOW,OECD.SDD.STES:DSD_STES@DF_FINMARK(4.0),Financial market,I,USA,United States,M,Monthly,IRLT,Long-term interest rates,PA,Percent per annum,_Z,Not applicable,_Z,Not applicable,_Z,Not applicable,_Z,Not applicable,N,National,2010-07,,3.01,,A,Normal value,0,Units,2,Two,,
DATAFLOW,OECD.SDD.STES:DSD_STES@DF_FINMARK(4.0),Financial market,I,USA,United States,M,Monthly,IRLT,Long-term interest rates,PA,Percent per annum,_Z,Not applicable,_Z,Not applicable,_Z,Not applicable,_Z,Not applicable,N,National,2010-12,,3.29,,A,Normal value,0,Units,2,Two,,
DATAFLOW,OECD.SDD.STES:DSD_STES@DF_FINMARK(4.0),Financial market,I,USA,United States,M,Monthly,IRLT,Long-term interest rates,PA,Percent per annum,_Z,Not applicable,_Z,Not applicable,_Z,Not applicable,_Z,Not applicable,N,National,2009-06,,3.72,,A,Normal value,0,Units,2,Two,,
DATAFLOW,OECD.SDD.STES:DSD_STES@DF_FINMARK(4.0),Financial market,I,USA,United States,M,Monthly,IRLT,Long-term interest rates,PA,Percent per annum,_Z,Not applicable,_Z,Not applicable,_Z,Not applicable,_Z,Not applicable,N,National,2016-12,,2.49,,A,Normal value,0,Units,2,Two,,
DATAFLOW,OECD.SDD.STES:DSD_STES@DF_FINMARK(4.0),Financial market,I,USA,United States,M,Monthly,IRLT,Long-term interest rates,PA,Percent per annum,_Z,Not applicable,_Z,Not applicable,_Z,Not applicable,_Z,Not applicable,N,National,2017-01,,2.43,,A,Normal value,0,Units,2,Two,,
DATAFLOW,OECD.SDD.STES:DSD_STES@DF_FINMARK(4.0),Financial market,I,USA,United States,M,Monthly,IRLT,Long-term interest rates,PA,Percent per annum,_Z,Not applicable,_Z,Not applicable,_Z,Not applicable,_Z,Not applicable,N,National,2017-02,,2.42,,A,Normal value,0,Units,2,Two,,
DATAFLOW,OECD.SDD.STES:DSD_STES@DF_FINMARK(4.0),Financial market,I,USA,United States,M,Monthly,IRLT,Long-term interest rates,PA,Percent per annum,_Z,Not applicable,_Z,Not applicable,_Z,Not applicable,_Z,Not applicable,N,National,2017-03,,2.48,,A,Normal value,0,Units,2,Two,,
DATAFLOW,OECD.SDD.STES:DSD_STES@DF_FINMARK(4.0),Financial market,I,USA,United States,M,Monthly,IRLT,Long-term interest rates,PA,Percent per annum,_Z,Not applicable,_Z,Not applicable,_Z,Not applicable,_Z,Not applicable,N,National,2017-04,,2.3,,A,Normal value,0,Units,2,Two,,
DATAFLOW,OECD.SDD.STES:DSD_STES@DF_FINMARK(4.0),Financial market,I,USA,United States,M,Monthly,IRLT,Long-term interest rates,PA,Percent per annum,_Z,Not applicable,_Z,Not applicable,_Z,Not applicable,_Z,Not applicable,N,National,2017-05,,2.3,,A,Normal value,0,Units,2,Two,,
DATAFLOW,OECD.SDD.STES:DSD_STES@DF_FINMARK(4.0),Financial market,I,USA,United States,M,Monthly,IRLT,Long-term interest rates,PA,Percent per annum,_Z,Not applicable,_Z,Not applicable,_Z,Not applicable,_Z,Not applicable,N,National,2017-06,,2.19,,A,Normal value,0,Units,2,Two,,
DATAFLOW,OECD.SDD.STES:DSD_STES@DF_FINMARK(4.0),Financial market,I,USA,United States,M,Monthly,IRLT,Long-term interest rates,PA,Percent per annum,_Z,Not applicable,_Z,Not applicable,_Z,Not applicable,_Z,Not applicable,N,National,2017-07,,2.32,,A,Normal value,0,Units,2,Two,,
DATAFLOW,OECD.SDD.STES:DSD_STES@DF_FINMARK(4.0),Financial market,I,USA,United States,M,Monthly,IRLT,Long-term interest rates,PA,Percent per annum,_Z,Not applicable,_Z,Not applicable,_Z,Not applicable,_Z,Not applicable,N,National,2017-08,,2.21,,A,Normal value,0,Units,2,Two,,
DATAFLOW,OECD.SDD.STES:DSD_STES@DF_FINMARK(4.0),Financial market,I,USA,United States,M,Monthly,IRLT,Long-term interest rates,PA,Percent per annum,_Z,Not applicable,_Z,Not applicable,_Z,Not applicable,_Z,Not applicable,N,National,2017-09,,2.2,,A,Normal value,0,Units,2,Two,,
DATAFLOW,OECD.SDD.STES:DSD_STES@DF_FINMARK(4.0),Financial market,I,USA,United States,M,Monthly,IRLT,Long-term interest rates,PA,Percent per annum,_Z,Not applicable,_Z,Not applicable,_Z,Not applicable,_Z,Not applicable,N,National,2017-10,,2.36,,A,Normal value,0,Units,2,Two,,
DATAFLOW,OECD.SDD.STES:DSD_STES@DF_FINMARK(4.0),Financial market,I,USA,United States,M,Monthly,IRLT,Long-term interest rates,PA,Percent per annum,_Z,Not applicable,_Z,Not applicable,_Z,Not applicable,_Z,Not applicable,N,National,2017-11,,2.35,,A,Normal value,0,Units,2,Two,,
DATAFLOW,OECD.SDD.STES:DSD_STES@DF_FINMARK(4.0),Financial market,I,USA,United States,M,Monthly,IRLT,Long-term interest rates,PA,Percent per annum,_Z,Not applicable,_Z,Not applicable,_Z,Not applicable,_Z,Not applicable,N,National,2017-12,,2.4,,A,Normal value,0,Units,2,Two,,
DATAFLOW,OECD.SDD.STES:DSD_STES@DF_FINMARK(4.0),Financial market,I,USA,United States,M,Monthly,IRLT,Long-term interest rates,PA,Percent per annum,_Z,Not applicable,_Z,Not applicable,_Z,Not applicable,_Z,Not applicable,N,National,2018-01,,2.58,,A,Normal value,0,Units,2,Two,,
DATAFLOW,OECD.SDD.STES:DSD_STES@DF_FINMARK(4.0),Financial market,I,USA,United States,M,Monthly,IRLT,Long-term interest rates,PA,Percent per annum,_Z,Not applicable,_Z,Not applicable,_Z,Not applicable,_Z,Not applicable,N,National,2018-02,,2.86,,A,Normal value,0,Units,2,Two,,
DATAFLOW,OECD.SDD.STES:DSD_STES@DF_FINMARK(4.0),Financial market,I,USA,United States,M,Monthly,IRLT,Long-term interest rates,PA,Percent per annum,_Z,Not applicable,_Z,Not applicable,_Z,Not applicable,_Z,Not applicable,N,National,2018-03,,2.84,,A,Normal value,0,Units,2,Two,,
DATAFLOW,OECD.SDD.STES:DSD_STES@DF_FINMARK(4.0),Financial market,I,USA,United States,M,Monthly,IRLT,Long-term interest rates,PA,Percent per annum,_Z,Not applicable,_Z,Not applicable,_Z,Not applicable,_Z,Not applicable,N,National,2018-04,,2.87,,A,Normal value,0,Units,2,Two,,
DATAFLOW,OECD.SDD.STES:DSD_STES@DF_FINMARK(4.0),Financial market,I,USA,United States,M,Monthly,IRLT,Long-term interest rates,PA,Percent per annum,_Z,Not applicable,_Z,Not applicable,_Z,Not applicable,_Z,Not applicable,N,National,2018-05,,2.98,,A,Normal value,0,Units,2,Two,,
DATAFLOW,OECD.SDD.STES:DSD_STES@DF_FINMARK(4.0),Financial market,I,USA,United States,M,Monthly,IRLT,Long-term interest rates,PA,Percent per annum,_Z,Not applicable,_Z,Not applicable,_Z,Not applicable,_Z,Not applicable,N,National,2018-06,,2.91,,A,Normal value,0,Units,2,Two,,
DATAFLOW,OECD.SDD.STES:DSD_STES@DF_FINMARK(4.0),Financial market,I,USA,United States,M,Monthly,IRLT,Long-term interest rates,PA,Percent per annum,_Z,Not applicable,_Z,Not applicable,_Z,Not applicable,_Z,Not applicable,N,National,2018-07,,2.89,,A,Normal value,0,Units,2,Two,,
DATAFLOW,OECD.SDD.STES:DSD_STES@DF_FINMARK(4.0),Financial market,I,USA,United States,M,Monthly,IRLT,Long-term interest rates,PA,Percent per annum,_Z,Not applicable,_Z,Not applicable,_Z,Not applicable,_Z,Not applicable,N,National,2018-08,,2.89,,A,Normal value,0,Units,2,Two,,
DATAFLOW,OECD.SDD.STES:DSD_STES@DF_FINMARK(4.0),Financial market,I,USA,United States,M,Monthly,IRLT,Long-term interest rates,PA,Percent per annum,_Z,Not applicable,_Z,Not applicable,_Z,Not applicable,_Z,Not applicable,N,National,2018-09,,3,,A,Normal value,0,Units,2,Two,,
DATAFLOW,OECD.SDD.STES:DSD_STES@DF_FINMARK(4.0),Financial market,I,USA,United States,M,Monthly,IRLT,Long-term interest rates,PA,Percent per annum,_Z,Not applicable,_Z,Not applicable,_Z,Not applicable,_Z,Not applicable,N,National,2018-10,,3.15,,A,Normal value,0,Units,2,Two,,
DATAFLOW,OECD.SDD.STES:DSD_STES@DF_FINMARK(4.0),Financial market,I,USA,United States,M,Monthly,IRLT,Long-term interest rates,PA,Percent per annum,_Z,Not applicable,_Z,Not applicable,_Z,Not applicable,_Z,Not applicable,N,National,2018-11,,3.12,,A,Normal value,0,Units,2,Two,,
DATAFLOW,OECD.SDD.STES:DSD_STES@DF_FINMARK(4.0),Financial market,I,USA,United States,M,Monthly,IRLT,Long-term interest rates,PA,Percent per annum,_Z,Not applicable,_Z,Not applicable,_Z,Not applicable,_Z,Not applicable,N,National,2018-12,,2.83,,A,Normal value,0,Units,2,Two,,
DATAFLOW,OECD.SDD.STES:DSD_STES@DF_FINMARK(4.0),Financial market,I,USA,United States,M,Monthly,IRLT,Long-term interest rates,PA,Percent per annum,_Z,Not applicable,_Z,Not applicable,_Z,Not applicable,_Z,Not applicable,N,National,2019-01,,2.71,,A,Normal value,0,Units,2,Two,,
DATAFLOW,OECD.SDD.STES:DSD_STES@DF_FINMARK(4.0),Financial market,I,USA,United States,M,Monthly,IRLT,Long-term interest rates,PA,Percent per annum,_Z,Not applicable,_Z,Not applicable,_Z,Not applicable,_Z,Not applicable,N,National,2019-02,,2.68,,A,Normal value,0,Units,2,Two,,
DATAFLOW,OECD.SDD.STES:DSD_STES@DF_FINMARK(4.0),Financial market,I,USA,United States,M,Monthly,IRLT,Long-term interest rates,PA,Percent per annum,_Z,Not applicable,_Z,Not applicable,_Z,Not applicable,_Z,Not applicable,N,National,2019-03,,2.57,,A,Normal value,0,Units,2,Two,,
DATAFLOW,OECD.SDD.STES:DSD_STES@DF_FINMARK(4.0),Financial market,I,USA,United States,M,Monthly,IRLT,Long-term interest rates,PA,Percent per annum,_Z,Not applicable,_Z,Not applicable,_Z,Not applicable,_Z,Not applicable,N,National,2019-04,,2.53,,A,Normal value,0,Units,2,Two,,
DATAFLOW,OECD.SDD.STES:DSD_STES@DF_FINMARK(4.0),Financial market,I,USA,United States,M,Monthly,IRLT,Long-term interest rates,PA,Percent per annum,_Z,Not applicable,_Z,Not applicable,_Z,Not applicable,_Z,Not applicable,N,National,2019-05,,2.4,,A,Normal value,0,Units,2,Two,,
DATAFLOW,OECD.SDD.STES:DSD_STES@DF_FINMARK(4.0),Financial market,I,USA,United States,M,Monthly,IRLT,Long-term interest rates,PA,Percent per annum,_Z,Not applicable,_Z,Not applicable,_Z,Not applicable,_Z,Not applicable,N,National,2019-06,,2.07,,A,Normal value,0,Units,2,Two,,
DATAFLOW,OECD.SDD.STES:DSD_STES@DF_FINMARK(4.0),Financial market,I,USA,United States,M,Monthly,IRLT,Long-term interest rates,PA,Percent per annum,_Z,Not applicable,_Z,Not applicable,_Z,Not applicable,_Z,Not applicable,N,National,2019-07,,2.06,,A,Normal value,0,Units,2,Two,,
DATAFLOW,OECD.SDD.STES:DSD_STES@DF_FINMARK(4.0),Financial market,I,USA,United States,M,Monthly,IRLT,Long-term interest rates,PA,Percent per annum,_Z,Not applicable,_Z,Not applicable,_Z,Not applicable,_Z,Not applicable,N,National,2019-08,,1.63,,A,Normal value,0,Units,2,Two,,
DATAFLOW,OECD.SDD.STES:DSD_STES@DF_FINMARK(4.0),Financial market,I,USA,United States,M,Monthly,IRLT,Long-term interest rates,PA,Percent per annum,_Z,Not applicable,_Z,Not applicable,_Z,Not applicable,_Z,Not applicable,N,National,2019-09,,1.7,,A,Normal value,0,Units,2,Two,,
DATAFLOW,OECD.SDD.STES:DSD_STES@DF_FINMARK(4.0),Financial market,I,USA,United States,M,Monthly,IRLT,Long-term interest rates,PA,Percent per annum,_Z,Not applicable,_Z,Not applicable,_Z,Not applicable,_Z,Not applicable,N,National,2019-10,,1.71,,A,Normal value,0,Units,2,Two,,
DATAFLOW,OECD.SDD.STES:DSD_STES@DF_FINMARK(4.0),Financial market,I,USA,United States,M,Monthly,IRLT,Long-term interest rates,PA,Percent per annum,_Z,Not applicable,_Z,Not applicable,_Z,Not applicable,_Z,Not applicable,N,National,2019-11,,1.81,,A,Normal value,0,Units,2,Two,,
DATAFLOW,OECD.SDD.STES:DSD_STES@DF_FINMARK(4.0),Financial market,I,USA,United States,M,Monthly,IRLT,Long-term interest rates,PA,Percent per annum,_Z,Not applicable,_Z,Not applicable,_Z,Not applicable,_Z,Not applicable,N,National,2019-12,,1.86,,A,Normal value,0,Units,2,Two,,
DATAFLOW,OECD.SDD.STES:DSD_STES@DF_FINMARK(4.0),Financial market,I,USA,United States,M,Monthly,IRLT,Long-term interest rates,PA,Percent per annum,_Z,Not applicable,_Z,Not applicable,_Z,Not applicable,_Z,Not applicable,N,National,2020-01,,1.76,,A,Normal value,0,Units,2,Two,,
DATAFLOW,OECD.SDD.STES:DSD_STES@DF_FINMARK(4.0),Financial market,I,USA,United States,M,Monthly,IRLT,Long-term interest rates,PA,Percent per annum,_Z,Not applicable,_Z,Not applicable,_Z,Not applicable,_Z,Not applicable,N,National,2020-02,,1.5,,A,Normal value,0,Units,2,Two,,
DATAFLOW,OECD.SDD.STES:DSD_STES@DF_FINMARK(4.0),Financial market,I,USA,United States,M,Monthly,IRLT,Long-term interest rates,PA,Percent per annum,_Z,Not applicable,_Z,Not applicable,_Z,Not applicable,_Z,Not applicable,N,National,2020-03,,0.87,,A,Normal value,0,Units,2,Two,,
DATAFLOW,OECD.SDD.STES:DSD_STES@DF_FINMARK(4.0),Financial market,I,USA,United States,M,Monthly,IRLT,Long-term interest rates,PA,Percent per annum,_Z,Not applicable,_Z,Not applicable,_Z,Not applicable,_Z,Not applicable,N,National,2008-01,,3.74,,A,Normal value,0,Units,2,Two,,
DATAFLOW,OECD.SDD.STES:DSD_STES@DF_FINMARK(4.0),Financial market,I,USA,United States,M,Monthly,IRLT,Long-term interest rates,PA,Percent per annum,_Z,Not applicable,_Z,Not applicable,_Z,Not applicable,_Z,Not applicable,N,National,2009-03,,2.82,,A,Normal value,0,Units,2,Two,,
DATAFLOW,OECD.SDD.STES:DSD_STES@DF_FINMARK(4.0),Financial market,I,USA,United States,M,Monthly,IRLT,Long-term interest rates,PA,Percent per annum,_Z,Not applicable,_Z,Not applicable,_Z,Not applicable,_Z,Not applicable,N,National,2009-04,,2.93,,A,Normal value,0,Units,2,Two,,
DATAFLOW,OECD.SDD.STES:DSD_STES@DF_FINMARK(4.0),Financial market,I,USA,United States,M,Monthly,IRLT,Long-term interest rates,PA,Percent per annum,_Z,Not applicable,_Z,Not applicable,_Z,Not applicable,_Z,Not applicable,N,National,2016-01,,2.09,,A,Normal value,0,Units,2,Two,,
DATAFLOW,OECD.SDD.STES:DSD_STES@DF_FINMARK(4.0),Financial market,I,USA,United States,M,Monthly,IRLT,Long-term interest rates,PA,Percent per annum,_Z,Not applicable,_Z,Not applicable,_Z,Not applicable,_Z,Not applicable,N,National,2008-07,,4.01,,A,Normal value,0,Units,2,Two,,
DATAFLOW,OECD.SDD.STES:DSD_STES@DF_FINMARK(4.0),Financial market,I,USA,United States,M,Monthly,IRLT,Long-term interest rates,PA,Percent per annum,_Z,Not applicable,_Z,Not applicable,_Z,Not applicable,_Z,Not applicable,N,National,2011-07,,3,,A,Normal value,0,Units,2,Two,,
DATAFLOW,OECD.SDD.STES:DSD_STES@DF_FINMARK(4.0),Financial market,I,USA,United States,M,Monthly,IRLT,Long-term interest rates,PA,Percent per annum,_Z,Not applicable,_Z,Not applicable,_Z,Not applicable,_Z,Not applicable,N,National,2011-08,,2.3,,A,Normal value,0,Units,2,Two,,
DATAFLOW,OECD.SDD.STES:DSD_STES@DF_FINMARK(4.0),Financial market,I,USA,United States,M,Monthly,IRLT,Long-term interest rates,PA,Percent per annum,_Z,Not applicable,_Z,Not applicable,_Z,Not applicable,_Z,Not applicable,N,National,2011-09,,1.98,,A,Normal value,0,Units,2,Two,,
DATAFLOW,OECD.SDD.STES:DSD_STES@DF_FINMARK(4.0),Financial market,I,USA,United States,M,Monthly,IRLT,Long-term interest rates,PA,Percent per annum,_Z,Not applicable,_Z,Not applicable,_Z,Not applicable,_Z,Not applicable,N,National,2021-09,,1.37,,A,Normal value,0,Units,2,Two,,
DATAFLOW,OECD.SDD.STES:DSD_STES@DF_FINMARK(4.0),Financial market,I,USA,United States,M,Monthly,IRLT,Long-term interest rates,PA,Percent per annum,_Z,Not applicable,_Z,Not applicable,_Z,Not applicable,_Z,Not applicable,N,National,2021-10,,1.58,,A,Normal value,0,Units,2,Two,,
DATAFLOW,OECD.SDD.STES:DSD_STES@DF_FINMARK(4.0),Financial market,I,USA,United States,M,Monthly,IRLT,Long-term interest rates,PA,Percent per annum,_Z,Not applicable,_Z,Not applicable,_Z,Not applicable,_Z,Not applicable,N,National,2021-11,,1.56,,A,Normal value,0,Units,2,Two,,
DATAFLOW,OECD.SDD.STES:DSD_STES@DF_FINMARK(4.0),Financial market,I,USA,United States,M,Monthly,IRLT,Long-term interest rates,PA,Percent per annum,_Z,Not applicable,_Z,Not applicable,_Z,Not applicable,_Z,Not applicable,N,National,2021-12,,1.47,,A,Normal value,0,Units,2,Two,,
DATAFLOW,OECD.SDD.STES:DSD_STES@DF_FINMARK(4.0),Financial market,I,USA,United States,M,Monthly,IRLT,Long-term interest rates,PA,Percent per annum,_Z,Not applicable,_Z,Not applicable,_Z,Not applicable,_Z,Not applicable,N,National,2022-01,,1.76,,A,Normal value,0,Units,2,Two,,
DATAFLOW,OECD.SDD.STES:DSD_STES@DF_FINMARK(4.0),Financial market,I,USA,United States,M,Monthly,IRLT,Long-term interest rates,PA,Percent per annum,_Z,Not applicable,_Z,Not applicable,_Z,Not applicable,_Z,Not applicable,N,National,2022-02,,1.93,,A,Normal value,0,Units,2,Two,,
DATAFLOW,OECD.SDD.STES:DSD_STES@DF_FINMARK(4.0),Financial market,I,USA,United States,M,Monthly,IRLT,Long-term interest rates,PA,Percent per annum,_Z,Not applicable,_Z,Not applicable,_Z,Not applicable,_Z,Not applicable,N,National,2022-03,,2.13,,A,Normal value,0,Units,2,Two,,
DATAFLOW,OECD.SDD.STES:DSD_STES@DF_FINMARK(4.0),Financial market,I,USA,United States,M,Monthly,IRLT,Long-term interest rates,PA,Percent per annum,_Z,Not applicable,_Z,Not applicable,_Z,Not applicable,_Z,Not applicable,N,National,2022-04,,2.75,,A,Normal value,0,Units,2,Two,,
DATAFLOW,OECD.SDD.STES:DSD_STES@DF_FINMARK(4.0),Financial market,I,USA,United States,M,Monthly,IRLT,Long-term interest rates,PA,Percent per annum,_Z,Not applicable,_Z,Not applicable,_Z,Not applicable,_Z,Not applicable,N,National,2022-05,,2.9,,A,Normal value,0,Units,2,Two,,
DATAFLOW,OECD.SDD.STES:DSD_STES@DF_FINMARK(4.0),Financial market,I,USA,United States,M,Monthly,IRLT,Long-term interest rates,PA,Percent per annum,_Z,Not applicable,_Z,Not applicable,_Z,Not applicable,_Z,Not applicable,N,National,2022-06,,3.14,,A,Normal value,0,Units,2,Two,,
DATAFLOW,OECD.SDD.STES:DSD_STES@DF_FINMARK(4.0),Financial market,I,USA,United States,M,Monthly,IRLT,Long-term interest rates,PA,Percent per annum,_Z,Not applicable,_Z,Not applicable,_Z,Not applicable,_Z,Not applicable,N,National,2022-07,,2.9,,A,Normal value,0,Units,2,Two,,
DATAFLOW,OECD.SDD.STES:DSD_STES@DF_FINMARK(4.0),Financial market,I,USA,United States,M,Monthly,IRLT,Long-term interest rates,PA,Percent per annum,_Z,Not applicable,_Z,Not applicable,_Z,Not applicable,_Z,Not applicable,N,National,2022-08,,2.9,,A,Normal value,0,Units,2,Two,,
DATAFLOW,OECD.SDD.STES:DSD_STES@DF_FINMARK(4.0),Financial market,I,USA,United States,M,Monthly,IRLT,Long-term interest rates,PA,Percent per annum,_Z,Not applicable,_Z,Not applicable,_Z,Not applicable,_Z,Not applicable,N,National,2022-09,,3.52,,A,Normal value,0,Units,2,Two,,
DATAFLOW,OECD.SDD.STES:DSD_STES@DF_FINMARK(4.0),Financial market,I,USA,United States,M,Monthly,IRLT,Long-term interest rates,PA,Percent per annum,_Z,Not applicable,_Z,Not applicable,_Z,Not applicable,_Z,Not applicable,N,National,2022-10,,3.98,,A,Normal value,0,Units,2,Two,,
DATAFLOW,OECD.SDD.STES:DSD_STES@DF_FINMARK(4.0),Financial market,I,USA,United States,M,Monthly,IRLT,Long-term interest rates,PA,Percent per annum,_Z,Not applicable,_Z,Not applicable,_Z,Not applicable,_Z,Not applicable,N,National,2022-11,,3.89,,A,Normal value,0,Units,2,Two,,
DATAFLOW,OECD.SDD.STES:DSD_STES@DF_FINMARK(4.0),Financial market,I,USA,United States,M,Monthly,IRLT,Long-term interest rates,PA,Percent per annum,_Z,Not applicable,_Z,Not applicable,_Z,Not applicable,_Z,Not applicable,N,National,2022-12,,3.62,,A,Normal value,0,Units,2,Two,,
DATAFLOW,OECD.SDD.STES:DSD_STES@DF_FINMARK(4.0),Financial market,I,USA,United States,M,Monthly,IRLT,Long-term interest rates,PA,Percent per annum,_Z,Not applicable,_Z,Not applicable,_Z,Not applicable,_Z,Not applicable,N,National,2023-01,,3.53,,A,Normal value,0,Units,2,Two,,
DATAFLOW,OECD.SDD.STES:DSD_STES@DF_FINMARK(4.0),Financial market,I,USA,United States,M,Monthly,IRLT,Long-term interest rates,PA,Percent per annum,_Z,Not applicable,_Z,Not applicable,_Z,Not applicable,_Z,Not applicable,N,National,2023-02,,3.75,,A,Normal value,0,Units,2,Two,,
DATAFLOW,OECD.SDD.STES:DSD_STES@DF_FINMARK(4.0),Financial market,I,USA,United States,M,Monthly,IRLT,Long-term interest rates,PA,Percent per annum,_Z,Not applicable,_Z,Not applicable,_Z,Not applicable,_Z,Not applicable,N,National,2023-03,,3.66,,A,Normal value,0,Units,2,Two,,
DATAFLOW,OECD.SDD.STES:DSD_STES@DF_FINMARK(4.0),Financial market,I,USA,United States,M,Monthly,IRLT,Long-term interest rates,PA,Percent per annum,_Z,Not applicable,_Z,Not applicable,_Z,Not applicable,_Z,Not applicable,N,National,2023-04,,3.46,,A,Normal value,0,Units,2,Two,,
DATAFLOW,OECD.SDD.STES:DSD_STES@DF_FINMARK(4.0),Financial market,I,USA,United States,M,Monthly,IRLT,Long-term interest rates,PA,Percent per annum,_Z,Not applicable,_Z,Not applicable,_Z,Not applicable,_Z,Not applicable,N,National,2023-05,,3.57,,A,Normal value,0,Units,2,Two,,
DATAFLOW,OECD.SDD.STES:DSD_STES@DF_FINMARK(4.0),Financial market,I,USA,United States,M,Monthly,IRLT,Long-term interest rates,PA,Percent per annum,_Z,Not applicable,_Z,Not applicable,_Z,Not applicable,_Z,Not applicable,N,National,2023-06,,3.75,,A,Normal value,0,Units,2,Two,,
DATAFLOW,OECD.SDD.STES:DSD_STES@DF_FINMARK(4.0),Financial market,I,USA,United States,M,Monthly,IRLT,Long-term interest rates,PA,Percent per annum,_Z,Not applicable,_Z,Not applicable,_Z,Not applicable,_Z,Not applicable,N,National,2023-07,,3.9,,A,Normal value,0,Units,2,Two,,
DATAFLOW,OECD.SDD.STES:DSD_STES@DF_FINMARK(4.0),Financial market,I,USA,United States,M,Monthly,IRLT,Long-term interest rates,PA,Percent per annum,_Z,Not applicable,_Z,Not applicable,_Z,Not applicable,_Z,Not applicable,N,National,2023-08,,4.17,,A,Normal value,0,Units,2,Two,,
DATAFLOW,OECD.SDD.STES:DSD_STES@DF_FINMARK(4.0),Financial market,I,USA,United States,M,Monthly,IRLT,Long-term interest rates,PA,Percent per annum,_Z,Not applicable,_Z,Not applicable,_Z,Not applicable,_Z,Not applicable,N,National,2023-09,,4.38,,A,Normal value,0,Units,2,Two,,
DATAFLOW,OECD.SDD.STES:DSD_STES@DF_FINMARK(4.0),Financial market,I,USA,United States,M,Monthly,IRLT,Long-term interest rates,PA,Percent per annum,_Z,Not applicable,_Z,Not applicable,_Z,Not applicable,_Z,Not applicable,N,National,2023-10,,4.8,,A,Normal value,0,Units,2,Two,,
DATAFLOW,OECD.SDD.STES:DSD_STES@DF_FINMARK(4.0),Financial market,I,USA,United States,M,Monthly,IRLT,Long-term interest rates,PA,Percent per annum,_Z,Not applicable,_Z,Not applicable,_Z,Not applicable,_Z,Not applicable,N,National,2023-11,,4.5,,A,Normal value,0,Units,2,Two,,
DATAFLOW,OECD.SDD.STES:DSD_STES@DF_FINMARK(4.0),Financial market,I,USA,United States,M,Monthly,IRLT,Long-term interest rates,PA,Percent per annum,_Z,Not applicable,_Z,Not applicable,_Z,Not applicable,_Z,Not applicable,N,National,2023-12,,4.02,,A,Normal value,0,Units,2,Two,,
DATAFLOW,OECD.SDD.STES:DSD_STES@DF_FINMARK(4.0),Financial market,I,USA,United States,M,Monthly,IRLT,Long-term interest rates,PA,Percent per annum,_Z,Not applicable,_Z,Not applicable,_Z,Not applicable,_Z,Not applicable,N,National,2024-01,,4.06,,A,Normal value,0,Units,2,Two,,
DATAFLOW,OECD.SDD.STES:DSD_STES@DF_FINMARK(4.0),Financial market,I,USA,United States,M,Monthly,IRLT,Long-term interest rates,PA,Percent per annum,_Z,Not applicable,_Z,Not applicable,_Z,Not applicable,_Z,Not applicable,N,National,2024-02,,4.21,,A,Normal value,0,Units,2,Two,,
DATAFLOW,OECD.SDD.STES:DSD_STES@DF_FINMARK(4.0),Financial market,I,USA,United States,M,Monthly,IRLT,Long-term interest rates,PA,Percent per annum,_Z,Not applicable,_Z,Not applicable,_Z,Not applicable,_Z,Not applicable,N,National,2024-03,,4.21,,A,Normal value,0,Units,2,Two,,
DATAFLOW,OECD.SDD.STES:DSD_STES@DF_FINMARK(4.0),Financial market,I,USA,United States,M,Monthly,IRLT,Long-term interest rates,PA,Percent per annum,_Z,Not applicable,_Z,Not applicable,_Z,Not applicable,_Z,Not applicable,N,National,2024-04,,4.54,,A,Normal value,0,Units,2,Two,,
DATAFLOW,OECD.SDD.STES:DSD_STES@DF_FINMARK(4.0),Financial market,I,USA,United States,M,Monthly,IRLT,Long-term interest rates,PA,Percent per annum,_Z,Not applicable,_Z,Not applicable,_Z,Not applicable,_Z,Not applicable,N,National,2024-05,,4.48,,A,Normal value,0,Units,2,Two,,
DATAFLOW,OECD.SDD.STES:DSD_STES@DF_FINMARK(4.0),Financial market,I,USA,United States,M,Monthly,IRLT,Long-term interest rates,PA,Percent per annum,_Z,Not applicable,_Z,Not applicable,_Z,Not applicable,_Z,Not applicable,N,National,2024-06,,4.31,,A,Normal value,0,Units,2,Two,,
DATAFLOW,OECD.SDD.STES:DSD_STES@DF_FINMARK(4.0),Financial market,I,USA,United States,M,Monthly,IRLT,Long-term interest rates,PA,Percent per annum,_Z,Not applicable,_Z,Not applicable,_Z,Not applicable,_Z,Not applicable,N,National,2024-07,,4.25,,A,Normal value,0,Units,2,Two,,
DATAFLOW,OECD.SDD.STES:DSD_STES@DF_FINMARK(4.0),Financial market,I,USA,United States,M,Monthly,IRLT,Long-term interest rates,PA,Percent per annum,_Z,Not applicable,_Z,Not applicable,_Z,Not applicable,_Z,Not applicable,N,National,2024-08,,3.87,,A,Normal value,0,Units,2,Two,,
DATAFLOW,OECD.SDD.STES:DSD_STES@DF_FINMARK(4.0),Financial market,I,USA,United States,M,Monthly,IRLT,Long-term interest rates,PA,Percent per annum,_Z,Not applicable,_Z,Not applicable,_Z,Not applicable,_Z,Not applicable,N,National,2024-09,,3.72,,A,Normal value,0,Units,2,Two,,
DATAFLOW,OECD.SDD.STES:DSD_STES@DF_FINMARK(4.0),Financial market,I,USA,United States,M,Monthly,IRLT,Long-term interest rates,PA,Percent per annum,_Z,Not applicable,_Z,Not applicable,_Z,Not applicable,_Z,Not applicable,N,National,2024-10,,4.1,,A,Normal value,0,Units,2,Two,,
DATAFLOW,OECD.SDD.STES:DSD_STES@DF_FINMARK(4.0),Financial market,I,USA,United States,M,Monthly,IRLT,Long-term interest rates,PA,Percent per annum,_Z,Not applicable,_Z,Not applicable,_Z,Not applicable,_Z,Not applicable,N,National,2024-11,,4.36,,A,Normal value,0,Units,2,Two,,
DATAFLOW,OECD.SDD.STES:DSD_STES@DF_FINMARK(4.0),Financial market,I,USA,United States,M,Monthly,IRLT,Long-term interest rates,PA,Percent per annum,_Z,Not applicable,_Z,Not applicable,_Z,Not applicable,_Z,Not applicable,N,National,2024-12,,4.39,,A,Normal value,0,Units,2,Two,,
DATAFLOW,OECD.SDD.STES:DSD_STES@DF_FINMARK(4.0),Financial market,I,USA,United States,M,Monthly,IRLT,Long-term interest rates,PA,Percent per annum,_Z,Not applicable,_Z,Not applicable,_Z,Not applicable,_Z,Not applicable,N,National,2025-01,,4.63,,A,Normal value,0,Units,2,Two,,
DATAFLOW,OECD.SDD.STES:DSD_STES@DF_FINMARK(4.0),Financial market,I,USA,United States,M,Monthly,IRLT,Long-term interest rates,PA,Percent per annum,_Z,Not applicable,_Z,Not applicable,_Z,Not applicable,_Z,Not applicable,N,National,2025-02,,4.45,,A,Normal value,0,Units,2,Two,,
DATAFLOW,OECD.SDD.STES:DSD_STES@DF_FINMARK(4.0),Financial market,I,USA,United States,M,Monthly,IRLT,Long-term interest rates,PA,Percent per annum,_Z,Not applicable,_Z,Not applicable,_Z,Not applicable,_Z,Not applicable,N,National,2025-03,,4.28,,A,Normal value,0,Units,2,Two,,
DATAFLOW,OECD.SDD.STES:DSD_STES@DF_FINMARK(4.0),Financial market,I,USA,United States,M,Monthly,IRLT,Long-term interest rates,PA,Percent per annum,_Z,Not applicable,_Z,Not applicable,_Z,Not applicable,_Z,Not applicable,N,National,2025-04,,4.28,,A,Normal value,0,Units,2,Two,,
DATAFLOW,OECD.SDD.STES:DSD_STES@DF_FINMARK(4.0),Financial market,I,USA,United States,M,Monthly,IRLT,Long-term interest rates,PA,Percent per annum,_Z,Not applicable,_Z,Not applicable,_Z,Not applicable,_Z,Not applicable,N,National,2025-05,,4.42,,A,Normal value,0,Units,2,Two,,
DATAFLOW,OECD.SDD.STES:DSD_STES@DF_FINMARK(4.0),Financial market,I,USA,United States,M,Monthly,IRLT,Long-term interest rates,PA,Percent per annum,_Z,Not applicable,_Z,Not applicable,_Z,Not applicable,_Z,Not applicable,N,National,2025-06,,4.38,,A,Normal value,0,Units,2,Two,,
DATAFLOW,OECD.SDD.STES:DSD_STES@DF_FINMARK(4.0),Financial market,I,USA,United States,M,Monthly,IRLT,Long-term interest rates,PA,Percent per annum,_Z,Not applicable,_Z,Not applicable,_Z,Not applicable,_Z,Not applicable,N,National,2025-07,,4.39,,A,Normal value,0,Units,2,Two,,
DATAFLOW,OECD.SDD.STES:DSD_STES@DF_FINMARK(4.0),Financial market,I,USA,United States,M,Monthly,IRLT,Long-term interest rates,PA,Percent per annum,_Z,Not applicable,_Z,Not applicable,_Z,Not applicable,_Z,Not applicable,N,National,2025-08,,4.26,,A,Normal value,0,Units,2,Two,,
DATAFLOW,OECD.SDD.STES:DSD_STES@DF_FINMARK(4.0),Financial market,I,USA,United States,M,Monthly,IRLT,Long-term interest rates,PA,Percent per annum,_Z,Not applicable,_Z,Not applicable,_Z,Not applicable,_Z,Not applicable,N,National,2025-09,,4.12,,A,Normal value,0,Units,2,Two,,
DATAFLOW,OECD.SDD.STES:DSD_STES@DF_FINMARK(4.0),Financial market,I,USA,United States,M,Monthly,IRLT,Long-term interest rates,PA,Percent per annum,_Z,Not applicable,_Z,Not applicable,_Z,Not applicable,_Z,Not applicable,N,National,2025-10,,4.06,,A,Normal value,0,Units,2,Two,,
DATAFLOW,OECD.SDD.STES:DSD_STES@DF_FINMARK(4.0),Financial market,I,USA,United States,M,Monthly,IRLT,Long-term interest rates,PA,Percent per annum,_Z,Not applicable,_Z,Not applicable,_Z,Not applicable,_Z,Not applicable,N,National,2025-11,,4.09,,A,Normal value,0,Units,2,Two,,
DATAFLOW,OECD.SDD.STES:DSD_STES@DF_FINMARK(4.0),Financial market,I,USA,United States,M,Monthly,IRLT,Long-term interest rates,PA,Percent per annum,_Z,Not applicable,_Z,Not applicable,_Z,Not applicable,_Z,Not applicable,N,National,2025-12,,4.14,,A,Normal value,0,Units,2,Two,,
DATAFLOW,OECD.SDD.STES:DSD_STES@DF_FINMARK(4.0),Financial market,I,USA,United States,M,Monthly,IRLT,Long-term interest rates,PA,Percent per annum,_Z,Not applicable,_Z,Not applicable,_Z,Not applicable,_Z,Not applicable,N,National,2026-01,,4.21,,A,Normal value,0,Units,2,Two,,
DATAFLOW,OECD.SDD.STES:DSD_STES@DF_FINMARK(4.0),Financial market,I,USA,United States,M,Monthly,IRLT,Long-term interest rates,PA,Percent per annum,_Z,Not applicable,_Z,Not applicable,_Z,Not applicable,_Z,Not applicable,N,National,2026-02,,4.13,,A,Normal value,0,Units,2,Two,,
DATAFLOW,OECD.SDD.STES:DSD_STES@DF_FINMARK(4.0),Financial market,I,USA,United States,M,Monthly,IRLT,Long-term interest rates,PA,Percent per annum,_Z,Not applicable,_Z,Not applicable,_Z,Not applicable,_Z,Not applicable,N,National,2026-03,,4.25,,A,Normal value,0,Units,2,Two,,
DATAFLOW,OECD.SDD.STES:DSD_STES@DF_FINMARK(4.0),Financial market,I,USA,United States,M,Monthly,IRLT,Long-term interest rates,PA,Percent per annum,_Z,Not applicable,_Z,Not applicable,_Z,Not applicable,_Z,Not applicable,N,National,2026-04,,4.32,,A,Normal value,0,Units,2,Two,,
DATAFLOW,OECD.SDD.STES:DSD_STES@DF_FINMARK(4.0),Financial market,I,USA,United States,M,Monthly,IRLT,Long-term interest rates,PA,Percent per annum,_Z,Not applicable,_Z,Not applicable,_Z,Not applicable,_Z,Not applicable,N,National,2026-05,,4.48,,A,Normal value,0,Units,2,Two,,
DATAFLOW,OECD.SDD.STES:DSD_STES@DF_FINMARK(4.0),Financial market,I,USA,United States,M,Monthly,IRLT,Long-term interest rates,PA,Percent per annum,_Z,Not applicable,_Z,Not applicable,_Z,Not applicable,_Z,Not applicable,N,National,2026-07,,4.6,,A,Normal value,0,Units,2,Two,,
DATAFLOW,OECD.SDD.STES:DSD_STES@DF_FINMARK(4.0),Financial market,I,USA,United States,M,Monthly,IRLT,Long-term interest rates,PA,Percent per annum,_Z,Not applicable,_Z,Not applicable,_Z,Not applicable,_Z,Not applicable,N,National,2026-06,,4.47,,A,Normal value,0,Units,2,Two,,
DATAFLOW,OECD.SDD.STES:DSD_STES@DF_FINMARK(4.0),Financial market,I,USA,United States,M,Monthly,IRLT,Long-term interest rates,PA,Percent per annum,_Z,Not applicable,_Z,Not applicable,_Z,Not applicable,_Z,Not applicable,N,National,2026-08,,4.68,,A,Normal value,0,Units,2,Two,,
DATAFLOW,OECD.SDD.STES:DSD_STES@DF_FINMARK(4.0),Financial market,I,USA,United States,M,Monthly,IRLT,Long-term interest rates,PA,Percent per annum,_Z,Not applicable,_Z,Not applicable,_Z,Not applicable,_Z,Not applicable,N,National,2013-06,,2.3,,A,Normal value,0,Units,2,Two,,
DATAFLOW,OECD.SDD.STES:DSD_STES@DF_FINMARK(4.0),Financial market,I,USA,United States,M,Monthly,IRLT,Long-term interest rates,PA,Percent per annum,_Z,Not applicable,_Z,Not applicable,_Z,Not applicable,_Z,Not applicable,N,National,2013-07,,2.58,,A,Normal value,0,Units,2,Two,,
DATAFLOW,OECD.SDD.STES:DSD_STES@DF_FINMARK(4.0),Financial market,I,USA,United States,M,Monthly,IRLT,Long-term interest rates,PA,Percent per annum,_Z,Not applicable,_Z,Not applicable,_Z,Not applicable,_Z,Not applicable,N,National,2013-08,,2.74,,A,Normal value,0,Units,2,Two,,
DATAFLOW,OECD.SDD.STES:DSD_STES@DF_FINMARK(4.0),Financial market,I,USA,United States,M,Monthly,IRLT,Long-term interest rates,PA,Percent per annum,_Z,Not applicable,_Z,Not applicable,_Z,Not applicable,_Z,Not applicable,N,National,2013-09,,2.81,,A,Normal value,0,Units,2,Two,,
DATAFLOW,OECD.SDD.STES:DSD_STES@DF_FINMARK(4.0),Financial market,I,USA,United States,M,Monthly,IRLT,Long-term interest rates,PA,Percent per annum,_Z,Not applicable,_Z,Not applicable,_Z,Not applicable,_Z,Not applicable,N,National,2013-10,,2.62,,A,Normal value,0,Units,2,Two,,
DATAFLOW,OECD.SDD.STES:DSD_STES@DF_FINMARK(4.0),Financial market,I,USA,United States,M,Monthly,IRLT,Long-term interest rates,PA,Percent per annum,_Z,Not applicable,_Z,Not applicable,_Z,Not applicable,_Z,Not applicable,N,National,2013-11,,2.72,,A,Normal value,0,Units,2,Two,,
DATAFLOW,OECD.SDD.STES:DSD_STES@DF_FINMARK(4.0),Financial market,I,USA,United States,M,Monthly,IRLT,Long-term interest rates,PA,Percent per annum,_Z,Not applicable,_Z,Not applicable,_Z,Not applicable,_Z,Not applicable,N,National,2013-12,,2.9,,A,Normal value,0,Units,2,Two,,
DATAFLOW,OECD.SDD.STES:DSD_STES@DF_FINMARK(4.0),Financial market,I,USA,United States,M,Monthly,IRLT,Long-term interest rates,PA,Percent per annum,_Z,Not applicable,_Z,Not applicable,_Z,Not applicable,_Z,Not applicable,N,National,2014-01,,2.86,,A,Normal value,0,Units,2,Two,,
DATAFLOW,OECD.SDD.STES:DSD_STES@DF_FINMARK(4.0),Financial market,I,USA,United States,M,Monthly,IRLT,Long-term interest rates,PA,Percent per annum,_Z,Not applicable,_Z,Not applicable,_Z,Not applicable,_Z,Not applicable,N,National,2014-02,,2.71,,A,Normal value,0,Units,2,Two,,
DATAFLOW,OECD.SDD.STES:DSD_STES@DF_FINMARK(4.0),Financial market,I,USA,United States,M,Monthly,IRLT,Long-term interest rates,PA,Percent per annum,_Z,Not applicable,_Z,Not applicable,_Z,Not applicable,_Z,Not applicable,N,National,2014-03,,2.72,,A,Normal value,0,Units,2,Two,,
DATAFLOW,OECD.SDD.STES:DSD_STES@DF_FINMARK(4.0),Financial market,I,USA,United States,M,Monthly,IRLT,Long-term interest rates,PA,Percent per annum,_Z,Not applicable,_Z,Not applicable,_Z,Not applicable,_Z,Not applicable,N,National,2014-04,,2.71,,A,Normal value,0,Units,2,Two,,
DATAFLOW,OECD.SDD.STES:DSD_STES@DF_FINMARK(4.0),Financial market,I,USA,United States,M,Monthly,IRLT,Long-term interest rates,PA,Percent per annum,_Z,Not applicable,_Z,Not applicable,_Z,Not applicable,_Z,Not applicable,N,National,2014-05,,2.56,,A,Normal value,0,Units,2,Two,,
DATAFLOW,OECD.SDD.STES:DSD_STES@DF_FINMARK(4.0),Financial market,I,USA,United States,M,Monthly,IRLT,Long-term interest rates,PA,Percent per annum,_Z,Not applicable,_Z,Not applicable,_Z,Not applicable,_Z,Not applicable,N,National,2014-06,,2.6,,A,Normal value,0,Units,2,Two,,
DATAFLOW,OECD.SDD.STES:DSD_STES@DF_FINMARK(4.0),Financial market,I,USA,United States,M,Monthly,IRLT,Long-term interest rates,PA,Percent per annum,_Z,Not applicable,_Z,Not applicable,_Z,Not applicable,_Z,Not applicable,N,National,2014-07,,2.54,,A,Normal value,0,Units,2,Two,,
DATAFLOW,OECD.SDD.STES:DSD_STES@DF_FINMARK(4.0),Financial market,I,USA,United States,M,Monthly,IRLT,Long-term interest rates,PA,Percent per annum,_Z,Not applicable,_Z,Not applicable,_Z,Not applicable,_Z,Not applicable,N,National,2014-08,,2.42,,A,Normal value,0,Units,2,Two,,
DATAFLOW,OECD.SDD.STES:DSD_STES@DF_FINMARK(4.0),Financial market,I,USA,United States,M,Monthly,IRLT,Long-term interest rates,PA,Percent per annum,_Z,Not applicable,_Z,Not applicable,_Z,Not applicable,_Z,Not applicable,N,National,2014-09,,2.53,,A,Normal value,0,Units,2,Two,,
DATAFLOW,OECD.SDD.STES:DSD_STES@DF_FINMARK(4.0),Financial market,I,USA,United States,M,Monthly,IRLT,Long-term interest rates,PA,Percent per annum,_Z,Not applicable,_Z,Not applicable,_Z,Not applicable,_Z,Not applicable,N,National,2014-10,,2.3,,A,Normal value,0,Units,2,Two,,
DATAFLOW,OECD.SDD.STES:DSD_STES@DF_FINMARK(4.0),Financial market,I,USA,United States,M,Monthly,IRLT,Long-term interest rates,PA,Percent per annum,_Z,Not applicable,_Z,Not applicable,_Z,Not applicable,_Z,Not applicable,N,National,2014-11,,2.33,,A,Normal value,0,Units,2,Two,,
DATAFLOW,OECD.SDD.STES:DSD_STES@DF_FINMARK(4.0),Financial market,I,USA,United States,M,Monthly,IRLT,Long-term interest rates,PA,Percent per annum,_Z,Not applicable,_Z,Not applicable,_Z,Not applicable,_Z,Not applicable,N,National,2014-12,,2.21,,A,Normal value,0,Units,2,Two,,
DATAFLOW,OECD.SDD.STES:DSD_STES@DF_FINMARK(4.0),Financial market,I,USA,United States,M,Monthly,IRLT,Long-term interest rates,PA,Percent per annum,_Z,Not applicable,_Z,Not applicable,_Z,Not applicable,_Z,Not applicable,N,National,2015-01,,1.88,,A,Normal value,0,Units,2,Two,,
DATAFLOW,OECD.SDD.STES:DSD_STES@DF_FINMARK(4.0),Financial market,I,USA,United States,M,Monthly,IRLT,Long-term interest rates,PA,Percent per annum,_Z,Not applicable,_Z,Not applicable,_Z,Not applicable,_Z,Not applicable,N,National,2015-02,,1.98,,A,Normal value,0,Units,2,Two,,
DATAFLOW,OECD.SDD.STES:DSD_STES@DF_FINMARK(4.0),Financial market,I,USA,United States,M,Monthly,IRLT,Long-term interest rates,PA,Percent per annum,_Z,Not applicable,_Z,Not applicable,_Z,Not applicable,_Z,Not applicable,N,National,2015-03,,2.04,,A,Normal value,0,Units,2,Two,,
DATAFLOW,OECD.SDD.STES:DSD_STES@DF_FINMARK(4.0),Financial market,I,USA,United States,M,Monthly,IRLT,Long-term interest rates,PA,Percent per annum,_Z,Not applicable,_Z,Not applicable,_Z,Not applicable,_Z,Not applicable,N,National,2015-04,,1.94,,A,Normal value,0,Units,2,Two,,
DATAFLOW,OECD.SDD.STES:DSD_STES@DF_FINMARK(4.0),Financial market,I,USA,United States,M,Monthly,IRLT,Long-term interest rates,PA,Percent per annum,_Z,Not applicable,_Z,Not applicable,_Z,Not applicable,_Z,Not applicable,N,National,2015-05,,2.2,,A,Normal value,0,Units,2,Two,,
DATAFLOW,OECD.SDD.STES:DSD_STES@DF_FINMARK(4.0),Financial market,I,USA,United States,M,Monthly,IRLT,Long-term interest rates,PA,Percent per annum,_Z,Not applicable,_Z,Not applicable,_Z,Not applicable,_Z,Not applicable,N,National,2013-04,,1.76,,A,Normal value,0,Units,2,Two,,
DATAFLOW,OECD.SDD.STES:DSD_STES@DF_FINMARK(4.0),Financial market,I,USA,United States,M,Monthly,IRLT,Long-term interest rates,PA,Percent per annum,_Z,Not applicable,_Z,Not applicable,_Z,Not applicable,_Z,Not applicable,N,National,2013-05,,1.93,,A,Normal value,0,Units,2,Two,,
DATAFLOW,OECD.SDD.STES:DSD_STES@DF_FINMARK(4.0),Financial market,I,USA,United States,M,Monthly,IRLT,Long-term interest rates,PA,Percent per annum,_Z,Not applicable,_Z,Not applicable,_Z,Not applicable,_Z,Not applicable,N,National,2008-08,,3.89,,A,Normal value,0,Units,2,Two,,
DATAFLOW,OECD.SDD.STES:DSD_STES@DF_FINMARK(4.0),Financial market,I,USA,United States,M,Monthly,IRLT,Long-term interest rates,PA,Percent per annum,_Z,Not applicable,_Z,Not applicable,_Z,Not applicable,_Z,Not applicable,N,National,2010-09,,2.65,,A,Normal value,0,Units,2,Two,,
DATAFLOW,OECD.SDD.STES:DSD_STES@DF_FINMARK(4.0),Financial market,I,USA,United States,M,Monthly,IRLT,Long-term interest rates,PA,Percent per annum,_Z,Not applicable,_Z,Not applicable,_Z,Not applicable,_Z,Not applicable,N,National,2010-10,,2.54,,A,Normal value,0,Units,2,Two,,
DATAFLOW,OECD.SDD.STES:DSD_STES@DF_FINMARK(4.0),Financial market,I,USA,United States,M,Monthly,IRLT,Long-term interest rates,PA,Percent per annum,_Z,Not applicable,_Z,Not applicable,_Z,Not applicable,_Z,Not applicable,N,National,2010-11,,2.76,,A,Normal value,0,Units,2,Two,,
DATAFLOW,OECD.SDD.STES:DSD_STES@DF_FINMARK(4.0),Financial market,I,USA,United States,M,Monthly,IRLT,Long-term interest rates,PA,Percent per annum,_Z,Not applicable,_Z,Not applicable,_Z,Not applicable,_Z,Not applicable,N,National,2016-03,,1.89,,A,Normal value,0,Units,2,Two,,
DATAFLOW,OECD.SDD.STES:DSD_STES@DF_FINMARK(4.0),Financial market,I,USA,United States,M,Monthly,IRLT,Long-term interest rates,PA,Percent per annum,_Z,Not applicable,_Z,Not applicable,_Z,Not applicable,_Z,Not applicable,N,National,2016-04,,1.81,,A,Normal value,0,Units,2,Two,,
DATAFLOW,OECD.SDD.STES:DSD_STES@DF_FINMARK(4.0),Financial market,I,USA,United States,M,Monthly,IRLT,Long-term interest rates,PA,Percent per annum,_Z,Not applicable,_Z,Not applicable,_Z,Not applicable,_Z,Not applicable,N,National,2016-05,,1.81,,A,Normal value,0,Units,2,Two,,
DATAFLOW,OECD.SDD.STES:DSD_STES@DF_FINMARK(4.0),Financial market,I,USA,United States,M,Monthly,IRLT,Long-term interest rates,PA,Percent per annum,_Z,Not applicable,_Z,Not applicable,_Z,Not applicable,_Z,Not applicable,N,National,2016-06,,1.64,,A,Normal value,0,Units,2,Two,,
DATAFLOW,OECD.SDD.STES:DSD_STES@DF_FINMARK(4.0),Financial market,I,USA,United States,M,Monthly,IRLT,Long-term interest rates,PA,Percent per annum,_Z,Not applicable,_Z,Not applicable,_Z,Not applicable,_Z,Not applicable,N,National,2016-07,,1.5,,A,Normal value,0,Units,2,Two,,
DATAFLOW,OECD.SDD.STES:DSD_STES@DF_FINMARK(4.0),Financial market,I,USA,United States,M,Monthly,IRLT,Long-term interest rates,PA,Percent per annum,_Z,Not applicable,_Z,Not applicable,_Z,Not applicable,_Z,Not applicable,N,National,2016-08,,1.56,,A,Normal value,0,Units,2,Two,,
DATAFLOW,OECD.SDD.STES:DSD_STES@DF_FINMARK(4.0),Financial market,I,USA,United States,M,Monthly,IRLT,Long-term interest rates,PA,Percent per annum,_Z,Not applicable,_Z,Not applicable,_Z,Not applicable,_Z,Not applicable,N,National,2016-09,,1.63,,A,Normal value,0,Units,2,Two,,
DATAFLOW,OECD.SDD.STES:DSD_STES@DF_FINMARK(4.0),Financial market,I,USA,United States,M,Monthly,IRLT,Long-term interest rates,PA,Percent per annum,_Z,Not applicable,_Z,Not applicable,_Z,Not applicable,_Z,Not applicable,N,National,2016-10,,1.76,,A,Normal value,0,Units,2,Two,,
DATAFLOW,OECD.SDD.STES:DSD_STES@DF_FINMARK(4.0),Financial market,I,USA,United States,M,Monthly,IRLT,Long-term interest rates,PA,Percent per annum,_Z,Not applicable,_Z,Not applicable,_Z,Not applicable,_Z,Not applicable,N,National,2016-11,,2.14,,A,Normal value,0,Units,2,Two,,
DATAFLOW,OECD.SDD.STES:DSD_STES@DF_FINMARK(4.0),Financial market,I,USA,United States,M,Monthly,IRLT,Long-term interest rates,PA,Percent per annum,_Z,Not applicable,_Z,Not applicable,_Z,Not applicable,_Z,Not applicable,N,National,2008-11,,3.53,,A,Normal value,0,Units,2,Two,,
DATAFLOW,OECD.SDD.STES:DSD_STES@DF_FINMARK(4.0),Financial market,I,USA,United States,M,Monthly,IRLT,Long-term interest rates,PA,Percent per annum,_Z,Not applicable,_Z,Not applicable,_Z,Not applicable,_Z,Not applicable,N,National,2008-12,,2.42,,A,Normal value,0,Units,2,Two,,
DATAFLOW,OECD.SDD.STES:DSD_STES@DF_FINMARK(4.0),Financial market,I,USA,United States,M,Monthly,IRLT,Long-term interest rates,PA,Percent per annum,_Z,Not applicable,_Z,Not applicable,_Z,Not applicable,_Z,Not applicable,N,National,2009-01,,2.52,,A,Normal value,0,Units,2,Two,,
DATAFLOW,OECD.SDD.STES:DSD_STES@DF_FINMARK(4.0),Financial market,I,USA,United States,M,Monthly,IRLT,Long-term interest rates,PA,Percent per annum,_Z,Not applicable,_Z,Not applicable,_Z,Not applicable,_Z,Not applicable,N,National,2009-02,,2.87,,A,Normal value,0,Units,2,Two,,
DATAFLOW,OECD.SDD.STES:DSD_STES@DF_FINMARK(4.0),Financial market,I,USA,United States,M,Monthly,IRLT,Long-term interest rates,PA,Percent per annum,_Z,Not applicable,_Z,Not applicable,_Z,Not applicable,_Z,Not applicable,N,National,2008-09,,3.69,,A,Normal value,0,Units,2,Two,,
DATAFLOW,OECD.SDD.STES:DSD_STES@DF_FINMARK(4.0),Financial market,I,USA,United States,M,Monthly,IRLT,Long-term interest rates,PA,Percent per annum,_Z,Not applicable,_Z,Not applicable,_Z,Not applicable,_Z,Not applicable,N,National,2008-10,,3.81,,A,Normal value,0,Units,2,Two,,
DATAFLOW,OECD.SDD.STES:DSD_STES@DF_FINMARK(4.0),Financial market,I,USA,United States,M,Monthly,IRLT,Long-term interest rates,PA,Percent per annum,_Z,Not applicable,_Z,Not applicable,_Z,Not applicable,_Z,Not applicable,N,National,2020-07,,0.62,,A,Normal value,0,Units,2,Two,,
DATAFLOW,OECD.SDD.STES:DSD_STES@DF_FINMARK(4.0),Financial market,I,USA,United States,M,Monthly,IRLT,Long-term interest rates,PA,Percent per annum,_Z,Not applicable,_Z,Not applicable,_Z,Not applicable,_Z,Not applicable,N,National,2020-08,,0.65,,A,Normal value,0,Units,2,Two,,
DATAFLOW,OECD.SDD.STES:DSD_STES@DF_FINMARK(4.0),Financial market,I,USA,United States,M,Monthly,IRLT,Long-term interest rates,PA,Percent per annum,_Z,Not applicable,_Z,Not applicable,_Z,Not applicable,_Z,Not applicable,N,National,2020-09,,0.68,,A,Normal value,0,Units,2,Two,,
DATAFLOW,OECD.SDD.STES:DSD_STES@DF_FINMARK(4.0),Financial market,I,USA,United States,M,Monthly,IRLT,Long-term interest rates,PA,Percent per annum,_Z,Not applicable,_Z,Not applicable,_Z,Not applicable,_Z,Not applicable,N,National,2020-10,,0.79,,A,Normal value,0,Units,2,Two,,
DATAFLOW,OECD.SDD.STES:DSD_STES@DF_FINMARK(4.0),Financial market,I,USA,United States,M,Monthly,IRLT,Long-term interest rates,PA,Percent per annum,_Z,Not applicable,_Z,Not applicable,_Z,Not applicable,_Z,Not applicable,N,National,2020-04,,0.66,,A,Normal value,0,Units,2,Two,,
DATAFLOW,OECD.SDD.STES:DSD_STES@DF_FINMARK(4.0),Financial market,I,USA,United States,M,Monthly,IRLT,Long-term interest rates,PA,Percent per annum,_Z,Not applicable,_Z,Not applicable,_Z,Not applicable,_Z,Not applicable,N,National,2020-05,,0.67,,A,Normal value,0,Units,2,Two,,
DATAFLOW,OECD.SDD.STES:DSD_STES@DF_FINMARK(4.0),Financial market,I,USA,United States,M,Monthly,IRLT,Long-term interest rates,PA,Percent per annum,_Z,Not applicable,_Z,Not applicable,_Z,Not applicable,_Z,Not applicable,N,National,2010-02,,3.69,,A,Normal value,0,Units,2,Two,,
DATAFLOW,OECD.SDD.STES:DSD_STES@DF_FINMARK(4.0),Financial market,I,USA,United States,M,Monthly,IRLT,Long-term interest rates,PA,Percent per annum,_Z,Not applicable,_Z,Not applicable,_Z,Not applicable,_Z,Not applicable,N,National,2010-03,,3.73,,A,Normal value,0,Units,2,Two,,
DATAFLOW,OECD.SDD.STES:DSD_STES@DF_FINMARK(4.0),Financial market,I,USA,United States,M,Monthly,IRLT,Long-term interest rates,PA,Percent per annum,_Z,Not applicable,_Z,Not applicable,_Z,Not applicable,_Z,Not applicable,N,National,2010-04,,3.85,,A,Normal value,0,Units,2,Two,,
DATAFLOW,OECD.SDD.STES:DSD_STES@DF_FINMARK(4.0),Financial market,I,USA,United States,M,Monthly,IRLT,Long-term interest rates,PA,Percent per annum,_Z,Not applicable,_Z,Not applicable,_Z,Not applicable,_Z,Not applicable,N,National,2015-09,,2.17,,A,Normal value,0,Units,2,Two,,
DATAFLOW,OECD.SDD.STES:DSD_STES@DF_FINMARK(4.0),Financial market,I,USA,United States,M,Monthly,IRLT,Long-term interest rates,PA,Percent per annum,_Z,Not applicable,_Z,Not applicable,_Z,Not applicable,_Z,Not applicable,N,National,2015-10,,2.07,,A,Normal value,0,Units,2,Two,,
DATAFLOW,OECD.SDD.STES:DSD_STES@DF_FINMARK(4.0),Financial market,I,USA,United States,M,Monthly,IRLT,Long-term interest rates,PA,Percent per annum,_Z,Not applicable,_Z,Not applicable,_Z,Not applicable,_Z,Not applicable,N,National,2015-11,,2.26,,A,Normal value,0,Units,2,Two,,
DATAFLOW,OECD.SDD.STES:DSD_STES@DF_FINMARK(4.0),Financial market,I,USA,United States,M,Monthly,IRLT,Long-term interest rates,PA,Percent per annum,_Z,Not applicable,_Z,Not applicable,_Z,Not applicable,_Z,Not applicable,N,National,2015-12,,2.24,,A,Normal value,0,Units,2,Two,,
DATAFLOW,OECD.SDD.STES:DSD_STES@DF_FINMARK(4.0),Financial market,I,USA,United States,M,Monthly,IRLT,Long-term interest rates,PA,Percent per annum,_Z,Not applicable,_Z,Not applicable,_Z,Not applicable,_Z,Not applicable,N,National,2008-03,,3.51,,A,Normal value,0,Units,2,Two,,
DATAFLOW,OECD.SDD.STES:DSD_STES@DF_FINMARK(4.0),Financial market,I,USA,United States,M,Monthly,IRLT,Long-term interest rates,PA,Percent per annum,_Z,Not applicable,_Z,Not applicable,_Z,Not applicable,_Z,Not applicable,N,National,2008-04,,3.68,,A,Normal value,0,Units,2,Two,,
DATAFLOW,OECD.SDD.STES:DSD_STES@DF_FINMARK(4.0),Financial market,I,USA,United States,M,Monthly,IRLT,Long-term interest rates,PA,Percent per annum,_Z,Not applicable,_Z,Not applicable,_Z,Not applicable,_Z,Not applicable,N,National,2008-05,,3.88,,A,Normal value,0,Units,2,Two,,
DATAFLOW,OECD.SDD.STES:DSD_STES@DF_FINMARK(4.0),Financial market,I,USA,United States,M,Monthly,IRLT,Long-term interest rates,PA,Percent per annum,_Z,Not applicable,_Z,Not applicable,_Z,Not applicable,_Z,Not applicable,N,National,2008-06,,4.1,,A,Normal value,0,Units,2,Two,,
DATAFLOW,OECD.SDD.STES:DSD_STES@DF_FINMARK(4.0),Financial market,I,USA,United States,M,Monthly,IRLT,Long-term interest rates,PA,Percent per annum,_Z,Not applicable,_Z,Not applicable,_Z,Not applicable,_Z,Not applicable,N,National,2011-06,,3,,A,Normal value,0,Units,2,Two,,
DATAFLOW,OECD.SDD.STES:DSD_STES@DF_FINMARK(4.0),Financial market,I,USA,United States,M,Monthly,IRLT,Long-term interest rates,PA,Percent per annum,_Z,Not applicable,_Z,Not applicable,_Z,Not applicable,_Z,Not applicable,N,National,2011-01,,3.39,,A,Normal value,0,Units,2,Two,,
DATAFLOW,OECD.SDD.STES:DSD_STES@DF_FINMARK(4.0),Financial market,I,USA,United States,M,Monthly,IRLT,Long-term interest rates,PA,Percent per annum,_Z,Not applicable,_Z,Not applicable,_Z,Not applicable,_Z,Not applicable,N,National,2011-02,,3.58,,A,Normal value,0,Units,2,Two,,
DATAFLOW,OECD.SDD.STES:DSD_STES@DF_FINMARK(4.0),Financial market,I,USA,United States,M,Monthly,IRLT,Long-term interest rates,PA,Percent per annum,_Z,Not applicable,_Z,Not applicable,_Z,Not applicable,_Z,Not applicable,N,National,2011-03,,3.41,,A,Normal value,0,Units,2,Two,,
DATAFLOW,OECD.SDD.STES:DSD_STES@DF_FINMARK(4.0),Financial market,I,USA,United States,M,Monthly,IRLT,Long-term interest rates,PA,Percent per annum,_Z,Not applicable,_Z,Not applicable,_Z,Not applicable,_Z,Not applicable,N,National,2011-04,,3.46,,A,Normal value,0,Units,2,Two,,
DATAFLOW,OECD.SDD.STES:DSD_STES@DF_FINMARK(4.0),Financial market,I,USA,United States,M,Monthly,IRLT,Long-term interest rates,PA,Percent per annum,_Z,Not applicable,_Z,Not applicable,_Z,Not applicable,_Z,Not applicable,N,National,2011-05,,3.17,,A,Normal value,0,Units,2,Two,,
DATAFLOW,OECD.SDD.STES:DSD_STES@DF_FINMARK(4.0),Financial market,I,USA,United States,M,Monthly,IRLT,Long-term interest rates,PA,Percent per annum,_Z,Not applicable,_Z,Not applicable,_Z,Not applicable,_Z,Not applicable,N,National,2020-11,,0.87,,A,Normal value,0,Units,2,Two,,
DATAFLOW,OECD.SDD.STES:DSD_STES@DF_FINMARK(4.0),Financial market,I,USA,United States,M,Monthly,IRLT,Long-term interest rates,PA,Percent per annum,_Z,Not applicable,_Z,Not applicable,_Z,Not applicable,_Z,Not applicable,N,National,2020-12,,0.93,,A,Normal value,0,Units,2,Two,,
DATAFLOW,OECD.SDD.STES:DSD_STES@DF_FINMARK(4.0),Financial market,I,USA,United States,M,Monthly,IRLT,Long-term interest rates,PA,Percent per annum,_Z,Not applicable,_Z,Not applicable,_Z,Not applicable,_Z,Not applicable,N,National,2021-01,,1.08,,A,Normal value,0,Units,2,Two,,
DATAFLOW,OECD.SDD.STES:DSD_STES@DF_FINMARK(4.0),Financial market,I,USA,United States,M,Monthly,IRLT,Long-term interest rates,PA,Percent per annum,_Z,Not applicable,_Z,Not applicable,_Z,Not applicable,_Z,Not applicable,N,National,2021-02,,1.26,,A,Normal value,0,Units,2,Two,,
DATAFLOW,OECD.SDD.STES:DSD_STES@DF_FINMARK(4.0),Financial market,I,USA,United States,M,Monthly,IRLT,Long-term interest rates,PA,Percent per annum,_Z,Not applicable,_Z,Not applicable,_Z,Not applicable,_Z,Not applicable,N,National,2021-03,,1.61,,A,Normal value,0,Units,2,Two,,
DATAFLOW,OECD.SDD.STES:DSD_STES@DF_FINMARK(4.0),Financial market,I,USA,United States,M,Monthly,IRLT,Long-term interest rates,PA,Percent per annum,_Z,Not applicable,_Z,Not applicable,_Z,Not applicable,_Z,Not applicable,N,National,2021-04,,1.64,,A,Normal value,0,Units,2,Two,,
DATAFLOW,OECD.SDD.STES:DSD_STES@DF_FINMARK(4.0),Financial market,I,USA,United States,M,Monthly,IRLT,Long-term interest rates,PA,Percent per annum,_Z,Not applicable,_Z,Not applicable,_Z,Not applicable,_Z,Not applicable,N,National,2021-05,,1.62,,A,Normal value,0,Units,2,Two,,
DATAFLOW,OECD.SDD.STES:DSD_STES@DF_FINMARK(4.0),Financial market,I,USA,United States,M,Monthly,IRLT,Long-term interest rates,PA,Percent per annum,_Z,Not applicable,_Z,Not applicable,_Z,Not applicable,_Z,Not applicable,N,National,2021-06,,1.52,,A,Normal value,0,Units,2,Two,,
